# Blender 5.2.0 LTS
# www.blender.org
mtllib supersimplifiedmodel.mtl
o blade
v -42.616302 21.482145 -1.764109
v -45.725807 17.434914 -1.608992
v -48.889553 14.934772 3.503653
v -51.955826 13.106819 -2.036724
v -51.995773 12.868909 -2.027288
v -52.645725 13.229466 -1.798479
v -52.886311 13.245996 -1.858916
v -53.075142 13.125562 -2.061343
v -44.073471 7.107645 -1.742506
v -43.728928 6.911103 -1.788268
v -43.973919 7.335814 3.138753
v -29.728945 9.597435 3.061737
v -67.132683 12.428679 3.316614
v -67.218437 12.329788 3.358437
v -56.617367 -3.682859 -1.500268
v -75.229431 6.142992 3.109627
v -75.311790 5.920434 3.200607
v -324.684235 -14.630054 0.667430
v -324.726562 -14.650228 0.843763
v -324.491119 -14.447831 0.969871
v -324.693604 -14.688890 0.954592
v -324.679535 -14.806459 0.648798
v -324.574951 -14.538245 0.643723
v -324.421753 -14.383861 0.654046
v -323.676331 -13.945230 0.811762
v -324.451630 -14.777822 1.161569
v -324.500824 -14.483163 1.039655
v -324.657990 -14.782651 1.020636
v -324.673126 -14.930465 0.922489
v -324.656586 -14.922771 0.678584
v -324.430145 -14.774701 0.460518
v -324.391022 -14.597365 0.436728
v -324.483398 -14.549398 0.505964
v -323.499023 -13.853498 0.743534
v -323.947113 -14.155761 0.870556
v -324.452332 -14.588344 1.159038
v -324.424835 -14.893491 1.145926
v -324.407196 -14.943635 0.509405
v -324.140594 -14.933494 0.406364
v -324.188873 -14.344510 0.682837
v -324.098938 -14.300130 1.161540
v -324.225372 -14.474469 1.210507
v -324.233032 -15.061570 1.046319
v -324.280151 -15.102597 0.661471
v -324.077179 -14.280397 0.435783
v -323.586243 -13.953172 0.698578
v -323.639343 -15.083661 0.481665
v -323.184875 -15.035905 0.357300
v -323.296783 -14.908204 0.260118
v -322.959656 -13.645358 0.705712
v -322.175171 -13.288709 0.799585
v -322.613037 -14.989600 0.292634
v -321.910309 -13.211629 0.853258
v -321.757690 -13.099265 0.750011
v -321.030731 -15.034125 0.475535
v -319.459625 -14.955260 0.345598
v -321.725250 -13.169316 1.117648
v -320.990570 -12.720029 1.016030
v -320.365631 -14.013257 0.141273
v -319.798798 -14.696054 0.162785
v -320.278168 -14.623227 1.424297
v -319.006744 -14.303807 0.045540
v -319.447937 -14.206460 0.065168
v -319.936493 -12.239408 1.056187
v -319.650452 -14.446469 1.481886
v -316.641083 -14.620196 1.522077
v -317.270691 -14.756240 0.362166
v -318.437378 -14.315915 0.014366
v -317.601990 -14.259250 -0.051869
v -318.178925 -11.333383 0.824095
v -318.470978 -13.740039 -0.020048
v -317.475830 -10.944760 0.756030
v -318.332733 -14.242141 1.593229
v -316.680237 -14.454284 1.617775
v -318.214203 -13.940187 -0.059172
v -317.534332 -10.986493 0.475773
v -317.530792 -10.987058 1.090281
v -316.386780 -14.139791 1.766879
v -315.052856 -14.556890 1.469073
v -316.597931 -10.441302 0.513087
v -316.446655 -10.389470 0.844158
v -315.265015 -9.725075 0.817807
v -316.741730 -10.544944 1.099387
v -316.083740 -10.199965 0.442943
v -314.806091 -9.439291 1.067501
v -314.779022 -9.501598 0.398331
v -312.024719 -14.268525 1.659637
v -314.379456 -9.317948 0.373505
v -308.815094 -13.850327 1.894727
v -309.349396 -6.392198 1.218648
v -309.111816 -6.346492 1.273706
v -307.435028 -5.254616 1.175170
v -306.630676 -4.943861 1.321888
v -306.031372 -4.459355 1.256849
v -302.862976 -2.511569 0.913609
v -304.885010 -3.802197 1.312806
v -304.302612 -3.369772 0.329054
v -303.342865 -2.859566 0.245391
v -302.461456 -2.350539 0.213640
v -302.365662 -2.351711 1.389109
v -302.036133 -2.062021 1.322541
v -301.941315 -2.062064 0.196703
v -299.732391 -0.650002 1.313668
v -298.807098 -0.150323 1.363201
v -298.349884 0.176900 0.215230
v -296.317261 1.255597 1.393923
v -295.491364 1.835622 0.284064
v -293.741760 -9.801558 -1.205143
v -294.646484 -0.918390 2.668346
v -294.472046 2.128488 1.377260
v -291.759796 -13.327008 0.219716
v -293.807434 2.353035 1.373293
v -291.716125 -10.036008 -1.127762
v -293.115356 2.593539 1.300587
v -292.012329 2.728353 0.178339
v -292.457214 2.624582 1.388792
v -291.770538 1.064893 2.094967
v -291.763855 0.130399 -1.053159
v -288.766327 -9.949652 2.750354
v -288.871948 -13.067443 0.097699
v -291.347107 0.504708 2.536993
v -290.893127 1.375584 -0.424994
v -288.606201 -13.185395 1.301162
v -288.705505 -13.150619 0.203997
v -289.362213 2.904564 0.122812
v -289.836212 2.911436 0.156968
v -288.360962 2.943234 1.431300
v -287.000244 -10.483395 2.566703
v -285.933472 -13.039868 0.307160
v -286.304840 3.117242 0.153812
v -278.617371 -12.671418 0.304810
v -278.109009 -12.632030 1.328298
v -275.817871 -12.403714 1.428379
v -268.996338 4.054163 1.415681
v -269.612244 4.081070 0.160491
v -266.783997 4.177955 1.426408
v -250.368698 5.083463 1.465176
v -250.715942 5.175017 1.388402
v -247.500763 5.387162 1.375342
v -250.188904 5.197299 0.134317
v -246.857132 5.517705 0.670822
v -225.700439 6.742113 0.130082
v -212.927734 7.577490 0.207573
v -209.905670 7.674946 0.129487
v -196.608551 8.457501 0.115939
v -192.883774 6.102385 2.981892
v -192.091843 8.836652 0.263449
v -189.101730 8.782356 0.152000
v -189.575775 8.637575 1.473597
v -188.773239 8.710578 1.435051
v -190.924683 5.568182 3.196270
v -189.626450 6.325758 2.926323
v -188.928589 8.888870 0.861041
v -189.106750 8.707049 0.098209
v -188.049789 8.808740 1.375308
v -187.486801 6.411196 3.010890
v -186.657745 9.019985 0.679822
v -185.618195 9.187727 0.939488
v -187.764771 5.637221 -1.692676
v -185.667450 6.902721 -1.175880
v -186.063187 8.992839 0.137564
v -184.770126 9.378835 0.798549
v -184.948822 5.758299 -1.749815
v -182.728989 9.161288 1.433561
v -183.634430 5.908795 -1.678457
v -183.485352 9.174879 1.422875
v -183.113098 9.288703 1.349596
v -183.910446 6.700772 -1.376501
v -183.445786 9.721729 0.664499
v -181.881577 6.567054 -1.420921
v -181.641541 5.810588 -1.692492
v -181.705139 6.690101 -1.336324
v -179.299438 9.463029 0.210575
v -181.480209 10.053249 0.800714
v -182.346771 9.188407 1.418433
v -178.047470 6.224676 -1.762236
v -178.980301 10.182014 0.687371
v -179.615738 6.171957 3.283009
v -178.819321 6.845601 3.080112
v -173.899490 7.187390 3.063416
v -171.906860 10.614978 0.774282
v -170.634674 -7.252177 1.340974
v -171.069550 10.640000 0.897582
v -170.127625 7.394916 3.121838
v -166.031891 -7.070129 1.239594
v -168.165955 10.937984 0.671366
v -168.779419 10.950070 0.774757
v -166.364441 -7.049850 1.330908
v -163.120026 -6.937092 0.308397
v -164.045486 7.739635 3.133822
v -163.492737 7.661132 3.186500
v -159.586655 -6.684543 0.203925
v -162.023743 11.376415 0.781125
v -159.245605 11.398881 0.878436
v -159.096344 11.525409 0.688818
v -156.677444 11.696071 0.787877
v -153.814941 11.854833 0.768375
v -153.164490 11.833665 0.675770
v -151.229843 12.003133 0.781563
v -147.720352 12.149051 0.846202
v -146.621765 12.228198 0.682535
v -142.608795 12.494104 0.813908
v -143.876099 12.388881 0.682640
v -139.916458 12.560586 0.667823
v -137.518875 -5.617805 0.204910
v -135.651062 -1.270394 -1.688870
v -137.220291 12.791999 0.726650
v -133.258453 -1.432642 -1.627328
v -133.713577 12.995002 0.733958
v -130.239380 -5.271101 1.328743
v -131.504669 12.979389 0.868648
v -130.213623 13.090304 0.668008
v -125.530106 13.469907 0.726326
v -123.119003 13.491922 0.664303
v -119.961502 13.785221 0.787570
v -118.144005 13.866076 0.693144
v -108.658249 -4.193172 1.324324
v -108.570793 -4.187842 0.199259
v -110.274338 14.250883 0.670156
v -109.232552 14.316390 0.852179
v -106.683098 14.468772 0.663654
v -106.504242 14.440998 0.872806
v -104.571548 -4.006888 0.209279
v -101.773331 14.754120 0.660467
v -102.901947 14.776469 0.740197
v -98.846481 15.012938 0.718649
v -96.821014 -3.631825 0.220145
v -88.700813 -3.087897 1.629467
v -89.908493 -3.061112 1.680835
v -92.836548 -3.417714 0.092959
v -87.140266 -3.111516 1.528259
v -92.031288 7.426283 3.474833
v -91.862663 8.176634 3.338496
v -91.813332 7.607745 3.357695
v -91.508331 6.417862 3.458491
v -91.949707 8.129111 -1.944829
v -91.908615 8.684857 -1.960155
v -91.674728 8.494021 3.201207
v -91.712975 7.858168 3.199575
v -91.763779 6.924675 3.461087
v -91.817276 7.350251 -1.953166
v -89.139801 14.544886 0.046113
v -92.170273 15.340374 0.678452
v -91.709373 8.670198 3.256660
v -91.466583 7.889912 3.194571
v -91.271851 7.383613 3.202954
v -91.585068 7.296780 3.206602
v -91.523079 6.772657 3.426445
v -91.653282 7.766565 -1.732213
v -91.699646 8.871303 -1.780162
v -91.454292 9.310946 3.284290
v -91.538559 8.824493 3.237845
v -91.512756 8.603482 3.265056
v -91.296768 7.637978 3.336716
v -91.273743 6.649428 3.284699
v -84.340790 -2.935663 1.648925
v -91.425598 7.908762 -1.687246
v -91.523941 8.039782 -1.704958
v -91.539429 8.647738 -1.738071
v -91.647346 9.493063 -1.976028
v -91.895576 9.340940 -1.989623
v -90.096581 15.333241 0.898669
v -91.404518 9.030742 3.281067
v -91.215012 7.978766 3.469598
v -91.080444 7.556880 3.480165
v -91.020744 7.353242 3.461664
v -90.931221 5.942133 -1.937346
v -91.549095 7.424231 -1.699042
v -91.298531 7.464887 -1.687545
v -91.387688 8.038584 -1.784377
v -91.449203 8.844285 -1.754432
v -91.257683 9.643073 -1.748117
v -91.524948 11.361441 3.400937
v -91.156357 9.697068 3.277085
v -91.237381 9.395541 3.274250
v -91.161255 9.168568 3.448818
v -91.176208 9.024378 3.494165
v -91.197258 8.805399 3.506322
v -90.807137 7.040773 3.470405
v -90.828712 5.899119 3.442472
v -90.619751 5.664368 -1.930961
v -91.081528 7.389034 -1.955120
v -91.326958 8.900954 -1.953133
v -91.044434 9.838153 -1.745863
v -91.409271 9.835726 3.451745
v -90.943977 9.042839 3.525921
v -90.463554 5.886527 3.346548
v -90.193687 5.641490 3.393610
v -90.934219 6.148732 -1.916847
v -91.198448 9.220881 -1.985691
v -91.165405 9.412163 -1.900343
v -90.982536 9.697149 -1.897045
v -90.931450 9.983980 -1.739983
v -91.313950 10.111781 -1.980488
v -89.451347 15.424169 0.649107
v -90.928986 9.692177 3.397617
v -90.943977 9.446602 3.509968
v -89.964188 6.114783 3.332752
v -90.028580 6.051826 3.192033
v -90.639465 5.905692 -1.910556
v -90.780556 6.192486 -1.794194
v -90.547256 6.490000 -1.677452
v -90.559464 6.737797 -1.944739
v -90.939430 9.304669 -2.024136
v -90.958931 9.559412 -1.988879
v -90.672829 9.810888 -2.006489
v -90.651924 10.131006 -1.879451
v -90.790215 10.113229 -1.808963
v -90.371834 11.714907 3.332348
v -90.435867 10.223849 3.398878
v -90.683304 9.870389 3.478940
v -89.922424 5.420550 3.419724
v -90.426163 5.895186 -1.829211
v -90.703049 9.580678 -2.029036
v -90.556450 10.337995 -1.813884
v -90.760880 10.309207 -1.864368
v -90.615540 10.438711 -1.885212
v -90.329025 11.481849 -1.915888
v -90.476883 10.072941 3.490818
v -89.488274 5.810212 3.192135
v -89.568520 5.354180 3.334970
v -89.800591 5.153687 3.437994
v -89.736488 5.184688 -1.929253
v -90.092682 5.404830 -1.929942
v -90.249100 5.658390 -1.902759
v -90.369225 10.363891 -1.850296
v -89.972252 15.504583 0.747582
v -90.028969 10.523293 3.398728
v -90.210831 10.100199 3.541807
v -89.469215 5.875143 3.332562
v -89.549408 5.453115 3.214596
v -89.203026 5.159056 3.413404
v -89.840607 5.396281 -1.903070
v -89.872017 5.672270 -1.695531
v -89.961456 6.351343 -1.951393
v -90.264519 10.551843 -1.820303
v -89.913376 10.840709 -1.854900
v -89.907372 10.618617 3.381230
v -89.186325 5.821043 3.408649
v -88.892685 4.969431 -1.929745
v -89.597115 5.368248 -1.799284
v -89.665070 6.092119 -1.902458
v -88.858948 5.853951 3.457640
v -88.787186 5.206138 3.218179
v -88.936531 4.945471 3.436954
v -89.253220 6.014000 -1.939847
v -88.555145 13.666332 -0.460722
v -89.118675 5.154852 -1.882436
v -88.396965 5.676359 3.363096
v -80.590607 -2.799788 1.650706
v -88.884460 5.178220 -1.770033
v -88.703850 5.851302 -1.942107
v -88.891701 11.030516 3.360250
v -88.711273 10.847406 3.518911
v -88.632759 5.205801 -1.690215
v -88.634453 5.446864 -1.693407
v -88.444077 5.632607 -1.848073
v -88.860229 10.844398 -2.000855
v -88.557487 11.252553 3.346645
v -88.381439 5.203311 -1.691807
v -88.311119 11.082934 -1.871218
v -84.959854 14.404955 -0.267691
v -85.799225 15.743979 0.716037
v -86.380722 14.814925 0.113104
v -81.564262 -2.760502 -0.184285
v -84.849579 15.762719 0.849408
v -83.760651 15.748328 0.611831
v -83.437683 14.822476 -0.183313
v -84.344353 5.907566 3.346951
v -84.156067 5.865654 3.211576
v -84.239380 5.791372 3.182665
v -78.666664 -2.709505 -0.116348
v -83.441582 14.879626 -0.133134
v -83.030663 15.710441 0.539560
v -83.354073 11.201081 3.548260
v -82.216713 15.137897 1.607749
v -80.924652 16.027893 0.587423
v -82.352058 14.972983 1.759524
v -81.376617 11.355599 3.567112
v -79.009216 15.617630 -0.623709
v -62.462677 -8.252528 -1.177680
v -62.114544 -8.303631 -1.177405
v -62.212891 -8.483591 -1.324247
v -65.163124 -12.918094 1.908131
v -65.123001 -12.902577 1.481487
v -65.306358 -12.909743 1.718161
v -65.382591 -12.725049 2.007344
v -65.452797 -12.826881 1.610671
v -65.431198 -12.821353 1.852301
v -65.098625 -12.868983 -0.412326
v -65.579910 -12.718638 1.675965
v -65.598824 -12.428874 1.891313
v -65.611763 -11.878871 2.011192
v -64.797226 -10.999702 2.720452
v -65.331024 -12.730165 -0.480194
v -65.397430 -12.797158 -0.388663
v -65.585640 -12.705609 -0.210289
v -64.630966 -9.705067 2.775716
v -65.406990 -12.444179 -0.571628
v -65.596024 -12.472756 -0.431025
v -62.272339 -8.679903 2.851261
v -65.240829 -12.055606 -0.749288
v -64.345901 -9.005856 2.823279
v -40.815144 -11.507339 1.897183
v -40.809769 -11.509555 -0.361440
v -41.306950 -11.651475 -0.409994
v -65.393120 -12.073142 -0.680219
v -65.612709 -11.997323 -0.503802
v -41.011257 -11.613679 1.818437
v -41.013435 -11.617099 -0.262729
v -64.458786 -8.312371 2.756815
v -61.854492 -8.518550 2.843433
v -65.587898 -11.237639 -0.548225
v -62.866840 -8.356812 2.847014
v -62.339947 -8.526057 2.820378
v -62.553699 -8.242539 2.720015
v -62.125351 -8.295299 2.716663
v -41.004761 -11.546022 1.991814
v -40.563030 -11.162271 -0.382465
v -64.654350 -11.012162 -1.236675
v -64.310989 -8.506471 2.837518
v -61.623711 -8.144128 2.853486
v -40.781628 -11.375869 2.023536
v -64.798538 -10.794789 -1.230599
v -61.652580 -7.762770 2.869964
v -40.603718 -11.161319 2.023322
v -64.194359 -7.648736 2.855814
v -63.087700 -7.982609 2.861649
v -62.937664 -7.544641 2.857548
v -62.544579 -7.575210 2.748522
v -62.393787 -7.243721 2.862344
v -40.398964 -10.645841 2.165007
v -41.003922 -11.547219 -0.480644
v -64.565765 -10.088257 -1.289088
v -40.814579 -11.417386 -0.505205
v -62.551540 -7.047407 2.911542
v -40.195915 -9.852394 -0.937342
v -40.365021 -10.343565 2.415411
v -63.868908 -6.670797 2.917870
v -40.302113 -9.868390 2.666832
v -40.183945 -9.753482 2.545174
v -40.297485 -9.556069 2.757762
v -40.356525 -10.361623 -0.905411
v -61.867107 -8.362726 -1.325284
v -62.620392 -8.438523 -1.328322
v -61.658318 -8.445844 -1.351684
v -62.785122 -8.250593 -1.337530
v -40.299202 -9.787851 -1.154977
v -40.327282 -9.584737 -1.229639
v -62.900555 -7.334479 -1.377654
v -63.745689 -5.207229 2.957072
v -40.179386 -9.369785 -1.150057
v -61.984356 -7.225457 -1.395184
v -63.943138 -7.393809 -1.370439
v -64.382172 -2.190028 1.794106
v -40.220726 -7.679871 2.775745
v -40.253330 -8.672029 -1.253241
v -64.386444 -2.193115 0.417268
v -80.495621 15.367574 1.910830
v -40.247829 -5.913155 2.291400
v -40.174507 -8.650243 -1.154794
v -40.205929 -6.026423 -0.755366
v -40.212078 -8.483559 -1.239130
v -80.060486 5.999702 -1.677716
v -78.205788 16.285580 1.065189
v -78.846901 15.873172 1.975388
v -76.389313 5.828983 3.212794
v -64.638580 -2.045382 1.822818
v -63.673840 -3.889575 2.964972
v -42.447838 -7.271040 2.833540
v -40.306652 -6.103426 2.800459
v -64.639130 -2.065655 0.386495
v -79.710945 5.963218 -1.659477
v -63.833111 -3.792212 2.708072
v -41.070477 -6.093923 2.854511
v -40.213024 -6.005684 2.374652
v -40.260685 -5.918526 -0.695292
v -40.236282 -6.100460 -1.214609
v -79.811966 6.051621 -1.696487
v -66.869225 -0.994428 2.361528
v -65.896317 -2.025487 2.044895
v -64.141144 -3.432854 2.453181
v -63.978073 -3.724813 2.562927
v -41.354664 -5.674974 2.289242
v -78.988228 6.069674 -1.672467
v -64.508469 -2.033699 1.933293
v -64.343689 -2.211320 2.044931
v -64.218056 -2.932541 2.331842
v -63.801170 -3.625263 2.585747
v -63.562153 -3.631567 2.578505
v -42.544376 -6.988686 2.780345
v -41.701286 -5.428434 -0.049829
v -40.300163 -5.915625 -0.766663
v -63.755428 -5.198549 -1.440234
v -76.374176 6.174719 3.140108
v -64.436111 -1.991349 2.035077
v -64.191917 -2.606855 2.445291
v -42.805927 -6.741955 2.776280
v -42.654686 -6.795161 2.735779
v -42.055676 -5.351597 2.316194
v -41.734512 -5.448259 2.023436
v -64.486404 -3.397712 -0.427067
v -64.390617 -2.182958 0.085463
v -76.279724 6.103520 3.112823
v -64.412880 -1.900635 2.134082
v -59.037998 -3.291990 2.563067
v -58.220165 -3.385378 2.589620
v -57.195221 -3.560134 2.986453
v -41.451782 -5.895298 2.731848
v -42.216412 -5.171978 -0.370514
v -40.522610 -6.106458 -1.312741
v -64.505493 -2.029457 -0.023586
v -77.743965 6.384767 -1.944863
v -64.685898 -1.703164 2.180011
v -64.460625 -1.733817 2.203696
v -64.131081 -2.399237 2.534250
v -41.657745 -5.692132 2.560709
v -41.157516 -5.744148 -0.797800
v -41.446991 -5.655787 -0.805186
v -64.382599 -3.439386 -0.689771
v -65.019249 -0.775144 2.417364
v -64.523811 -1.538391 2.315676
v -64.320709 -1.941270 2.530070
v -57.714462 -2.969323 2.497662
v -42.352543 -5.774331 2.735635
v -41.768009 -5.737955 2.661356
v -65.454735 -2.069583 -0.361732
v -75.339020 6.228326 3.142869
v -74.785255 5.961267 3.192297
v -74.731384 6.164135 3.110192
v -65.315971 0.193939 2.701696
v -64.708191 -1.188699 2.307405
v -64.554794 -1.346630 2.540236
v -59.001255 -2.473820 2.515251
v -58.669010 -2.483995 2.499541
v -57.788456 -2.702642 2.481480
v -57.264996 -2.952857 2.495511
v -44.219452 -4.308039 2.955709
v -42.397888 -5.458304 2.778872
v -42.188938 -5.463484 2.685215
v -41.895020 -5.409135 -0.705972
v -41.663857 -5.745426 -1.114550
v -63.654461 -3.812191 -1.451679
v -74.609642 16.466455 2.105380
v -74.808533 6.263680 3.143490
v -58.773167 -2.297693 2.572701
v -58.107357 -2.567286 2.566248
v -57.632423 -2.768617 2.486110
v -57.183605 -3.157156 2.531016
v -62.748436 -3.762366 -1.468606
v -64.376427 -2.169977 -0.520253
v -64.428162 -1.992101 -0.483792
v -65.073891 -0.136295 2.613085
v -64.782753 -0.734284 2.435178
v -60.584972 -0.999452 2.576674
v -58.402794 -2.494363 2.826374
v -57.598068 -2.722689 2.928281
v -57.746017 -2.676550 2.554771
v -57.182644 -2.828187 2.552627
v -56.337006 -2.954865 2.584932
v -56.126270 -3.114526 2.598223
v -55.335056 -3.492699 2.920219
v -41.893379 -5.782438 -1.217466
v -71.911263 6.097878 3.179521
v -64.697273 -0.382777 2.577861
v -56.968788 -2.823117 2.997171
v -54.144264 -3.410003 2.970344
v -53.685436 -3.534339 3.003349
v -52.156670 -2.960764 3.018591
v -42.776398 -4.851889 -0.705492
v -63.816730 -3.621018 -1.173409
v -65.475784 -2.034094 -0.522880
v -66.534325 -1.993391 -0.566917
v -59.625603 -1.835444 3.077286
v -58.705963 -2.350071 2.986066
v -58.354294 -2.405310 3.053006
v -58.165012 -2.551877 2.989904
v -55.982464 -2.993335 2.711371
v -55.854366 -3.064312 2.664601
v -55.391228 -3.130774 2.694860
v -55.354210 -3.378641 2.814991
v -43.254585 -4.389720 -0.457348
v -42.635700 -5.476481 -1.349489
v -43.634205 -4.746442 -1.439478
v -57.684429 -3.599012 -1.467903
v -61.881599 -3.607882 -1.061186
v -63.987614 -3.512983 -1.056611
v -64.171188 -2.702133 -0.956339
v -64.435997 -1.970800 -0.510762
v -65.338959 -1.941665 -0.603189
v -61.279686 -0.443925 2.583525
v -60.946201 -0.662698 2.576973
v -60.885391 -0.679816 2.670696
v -60.919422 -0.652840 3.085554
v -58.789223 -2.250618 3.058733
v -57.181320 -2.662701 3.043145
v -56.570999 -2.826638 3.022144
v -55.685528 -2.961797 2.953208
v -55.302731 -3.067607 2.752393
v -53.241333 -3.006248 2.815293
v -43.770741 -4.067285 2.526778
v -43.481762 -4.296874 -0.919157
v -42.900536 -4.832439 -0.913175
v -42.855312 -5.056065 -1.220978
v -42.808521 -5.262392 -1.363627
v -58.255093 -3.502435 -1.168058
v -63.141445 -3.532884 -1.054286
v -64.399605 -1.918223 -0.612834
v -64.657974 -1.632260 -0.719397
v -61.632862 -0.202615 2.603631
v -54.876316 -2.968340 2.973284
v -54.172901 -3.054388 2.791279
v -64.311462 -1.973628 -1.009977
v -64.442711 -1.761462 -0.672066
v -61.289108 -0.210963 2.590527
v -61.064667 -0.451843 2.582482
v -61.173447 -0.299062 2.591641
v -61.067169 -0.429917 2.670081
v -61.167564 -0.332018 3.007957
v -44.211086 -4.028008 2.895054
v -43.909313 -3.687837 2.161705
v -55.544918 -3.431910 -1.286718
v -56.870354 -3.308617 -1.076209
v -64.049004 -2.497604 -1.013110
v -64.472000 -1.615143 -0.845654
v -74.237587 5.947007 -1.701344
v -71.986023 6.304590 3.109766
v -62.330746 0.467107 2.716125
v -61.485229 0.211375 2.683918
v -61.256607 -0.156739 2.651048
v -53.483547 -2.665195 3.013250
v -53.146614 -2.593059 2.923032
v -43.871944 -4.226475 -1.329711
v -54.707520 -3.409877 -1.447174
v -55.344028 -3.370772 -1.273865
v -56.151276 -3.330997 -1.150496
v -56.213165 -3.166748 -1.074328
v -56.577190 -3.006052 -1.059611
v -64.418358 -1.575485 -1.012081
v -64.691826 -1.296165 -0.812899
v -74.809380 6.287472 -1.696252
v -71.885536 6.398632 3.150023
v -61.652382 0.477421 2.699378
v -61.410629 0.107476 3.039404
v -61.170128 -0.257841 3.098707
v -52.697014 -2.333920 3.005380
v -52.400330 -2.801995 2.959529
v -44.442039 -3.302962 2.698143
v -53.325996 -3.255698 -1.508772
v -54.125553 -3.347681 -1.498219
v -53.884632 -3.041165 -1.286788
v -55.426544 -3.178853 -1.174172
v -56.127964 -3.115401 -1.124829
v -57.469391 -3.172569 -1.014036
v -57.498039 -2.962755 -0.979096
v -64.533150 -1.332152 -1.020793
v -64.775749 -0.946633 -0.894757
v -65.027702 -0.788895 -0.924271
v -72.277061 6.059270 -1.676006
v -73.031555 16.670906 1.938463
v -61.866585 0.549141 2.712403
v -53.300148 -2.410388 3.051416
v -52.297676 -2.366685 2.780911
v -44.457993 -2.899060 2.344247
v -55.299137 -3.128499 -1.230218
v -57.475163 -2.813377 -1.338091
v -57.421730 -2.852690 -1.029316
v -58.188107 -2.619494 -1.030609
v -58.408226 -2.443509 -1.041978
v -58.220219 -2.545711 -1.163272
v -58.733570 -2.290007 -1.117764
v -58.775330 -2.389649 -1.029565
v -60.180744 -1.464216 -1.045506
v -64.638885 -0.787778 -1.059921
v -74.173058 16.554798 2.056943
v -61.701214 0.618157 2.777056
v -52.439144 -2.073200 3.066237
v -52.167664 -2.225621 2.786118
v -54.789204 -3.105516 -1.262321
v -58.946949 -2.179172 -1.045184
v -59.316956 -2.161763 -1.034740
v -72.329254 6.312483 -1.662629
v -61.917549 1.023811 2.802545
v -52.150421 -2.042317 3.024496
v -51.794685 -1.973215 2.863372
v -51.717949 -2.099590 2.800912
v -45.043816 -2.608875 2.979366
v -44.447853 -3.172616 -1.116065
v -44.459175 -3.432189 -1.329350
v -53.445263 -2.842341 -1.277707
v -53.546295 -2.979648 -1.323016
v -57.078915 -2.820268 -1.530132
v -59.098633 -2.105552 -1.151803
v -59.290565 -1.995047 -1.057003
v -59.609421 -1.936216 -1.040554
v -70.971809 6.510227 -1.824472
v -68.867485 5.946537 3.423881
v -62.778145 1.708534 3.080435
v -62.490730 1.111001 2.877732
v -62.182613 1.044032 2.823042
v -61.905067 1.096992 2.871873
v -52.083130 -1.873448 3.068693
v -51.728687 -1.696319 3.074564
v -51.307774 -2.123293 2.981422
v -50.852203 -1.987697 3.056607
v -44.852180 -1.127947 -0.263708
v -44.456554 -2.936140 -0.877639
v -44.736820 -3.002696 -1.368531
v -44.740562 -2.623411 -1.164951
v -52.424747 -2.906171 -1.519650
v -52.671337 -2.804995 -1.410335
v -53.927780 -2.929817 -1.371583
v -56.778572 -2.831811 -1.541066
v -59.888504 -1.598700 -1.569374
v -59.587620 -1.829443 -1.172604
v -59.987026 -1.548211 -1.058681
v -65.022972 -0.003404 -1.142749
v -62.097679 1.530995 2.906550
v -51.611134 -1.655587 3.058082
v -51.599934 -1.926252 2.793063
v -51.017113 -1.800821 2.944546
v -45.185822 -1.912295 2.986221
v -44.476719 -2.687490 -0.450987
v -45.130020 -2.961695 -1.499144
v -52.196415 -2.711207 -1.523311
v -52.232384 -2.385710 -1.284516
v -54.376266 -2.815259 -1.538858
v -57.878490 -2.569920 -1.542012
v -60.138752 -1.398787 -1.164639
v -60.337376 -1.215297 -1.068974
v -62.292507 -0.063354 -1.085528
v -68.709099 6.703931 3.357444
v -68.278053 6.087873 3.316719
v -51.430168 -1.787954 2.836418
v -51.249107 -1.782660 2.845354
v -45.372395 -1.813329 3.032994
v -45.009888 -2.566940 -1.465154
v -51.924706 -2.651826 -1.530462
v -52.271217 -2.308376 -1.294124
v -59.523590 -1.809044 -1.565245
v -60.674232 -0.864933 -1.157638
v -60.745819 -0.860427 -1.055353
v -61.023273 -0.671683 -1.051669
v -68.406555 6.670266 3.212009
v -51.363930 -1.416062 3.083676
v -50.986271 -1.087322 3.072560
v -51.191376 -1.538790 2.853669
v -50.996300 -1.509266 2.849416
v -50.749294 -1.468622 2.922457
v -51.836063 -2.144861 -1.291397
v -62.287281 2.028291 3.040329
v -62.198830 1.842757 3.006300
v -62.193268 2.120275 3.086644
v -44.834209 -1.657788 -0.709961
v -60.942501 -0.541158 -1.127413
v -61.101551 -0.388151 -1.063844
v -71.313850 6.461275 -1.752870
v -68.259354 6.581614 3.176500
v -62.504574 2.114450 3.135803
v -45.359119 -0.971251 3.050778
v -51.801765 -1.782463 -1.559390
v -61.217594 -0.138994 -1.127873
v -68.162628 6.656744 3.339590
v -68.014793 6.582506 3.292515
v -67.974365 6.488988 3.202832
v -67.873924 6.408381 3.259887
v -68.056168 6.194537 3.218161
v -62.419811 2.384115 3.130424
v -45.359119 -0.343075 3.075611
v -45.032532 -0.690531 2.637531
v -44.856678 -0.352233 2.127104
v -50.608471 -1.379597 -1.475024
v -50.831963 -1.548396 -1.414819
v -51.610146 -1.711255 -1.489692
v -67.958504 6.844988 3.446469
v -67.704506 6.572157 3.440468
v -67.871284 6.200437 3.365993
v -67.691910 6.060912 3.428597
v -62.628201 2.920610 3.260671
v -62.433582 3.080781 3.115121
v -45.297272 -0.898265 -1.483869
v -50.637604 -1.566020 -1.555946
v -51.163319 -1.557212 -1.330917
v -51.804638 -1.500822 -1.573843
v -62.193512 0.991992 -1.331286
v -62.765984 1.500584 -1.528060
v -70.269974 6.506907 -1.723113
v -69.987976 11.904095 3.561231
v -67.670471 6.269677 3.426526
v -50.099224 0.046968 3.077622
v -49.718765 0.136551 2.905743
v -45.053646 -0.094168 2.761945
v -44.873970 0.143023 2.525298
v -36.308300 -0.968112 -1.132412
v -35.894470 -0.879043 -1.127332
v -34.924046 -0.873059 -0.448812
v -33.002518 -0.508583 1.126135
v -33.018291 -0.506246 1.210725
v 36.706264 8.199934 -0.861623
v 36.948345 8.590296 -0.865434
v 37.637684 3.871506 1.482608
v 37.836826 3.936466 -0.158406
v 38.817810 5.047064 -0.132788
v 37.631672 4.037449 2.311125
v 38.805004 6.260646 1.738379
v 36.945381 3.894976 -0.308039
v 37.996708 4.118706 -0.299387
v 37.476551 4.004229 -0.445868
v 38.433685 4.338354 -0.194299
v 37.885132 4.115252 -0.432709
v 37.385017 3.929030 -0.628189
v 38.618153 10.317859 -0.431174
v 38.709274 4.974263 -0.333992
v 38.374924 4.404027 -0.396585
v 37.909920 4.070786 -0.563561
v 38.364487 4.367278 2.254232
v 38.768822 4.986796 2.169096
v 38.853138 5.369268 2.322786
v 38.462845 12.963910 1.838867
v 38.810204 5.137312 -0.475829
v 38.615730 4.712235 -0.430851
v 38.400467 4.375829 -0.560242
v 37.879768 4.071702 -0.692852
v 38.376339 4.367242 -0.696849
v 37.640610 4.065310 -0.817202
v 34.156700 3.895011 2.332520
v 38.518986 13.098633 2.379971
v 38.478848 13.098941 -0.290631
v 38.406761 12.997952 -0.430750
v 38.787800 4.958692 -0.706509
v 33.125603 3.791212 -0.312911
v 38.160591 4.342721 2.426690
v 38.701225 4.961726 2.368783
v 38.511116 13.135777 2.167570
v 38.716309 4.955203 -0.848481
v 38.459827 4.645688 -0.898480
v 38.183258 4.363618 -0.867647
v 38.023247 4.384972 -0.937598
v 34.991234 4.082308 2.490373
v 37.642193 4.218321 2.454370
v 38.707054 5.159965 2.440249
v 38.778145 5.602153 2.466119
v 38.589523 11.548246 2.536983
v 38.531746 12.687062 2.546404
v 38.660061 7.650004 -1.057721
v 38.784042 5.591947 -0.936348
v 38.689793 5.357218 -0.977862
v 38.644928 5.465546 2.522316
v 38.680767 5.679698 2.532902
v 38.662262 7.978458 2.567450
v 38.393436 13.102087 2.631695
v 38.359940 13.440516 2.526320
v 38.368214 13.525840 2.155720
v 38.355103 13.558408 1.717487
v 38.318169 13.585767 -0.254777
v 38.340042 13.496980 -0.583368
v 38.359676 13.474545 -0.993749
v 38.270031 13.686258 -0.708539
v 38.459953 13.126096 -1.022376
v 38.577656 7.774086 -1.111545
v 38.557575 7.543134 -1.109521
v 38.678230 5.649069 -1.014832
v 32.805092 3.933562 2.474925
v 38.472782 5.551640 2.566113
v 38.563610 8.282282 2.620144
v 38.425575 12.322098 2.682219
v 38.213413 13.650043 2.567871
v 38.177090 13.794047 2.426562
v 38.243614 13.575343 1.976067
v 38.250233 13.487630 1.869481
v 38.148476 13.657258 1.842064
v 38.066681 13.770401 -0.414122
v 38.246346 13.455926 -0.435320
v 38.103683 13.883676 -0.894692
v 38.425446 12.894069 -1.148543
v 38.372528 11.213485 -1.209098
v 38.423489 7.616895 -1.128141
v 38.459549 5.559255 -1.057583
v 38.492443 11.062260 2.663406
v 38.091396 13.865279 2.148942
v 38.101547 13.849686 -0.621515
v 38.168015 13.717169 -1.049163
v 38.251839 13.080213 -1.222053
v 38.310345 12.862569 -1.221664
v 38.404602 11.486119 -1.211270
v 37.973183 13.838420 2.633711
v 37.750095 14.115790 2.272197
v 37.822227 14.100474 1.704116
v 37.830166 14.097557 -0.224859
v 37.745945 14.132971 -0.690564
v 37.667316 14.128003 -1.001087
v 37.979023 13.871530 -1.110434
v 37.986805 13.587909 -1.221781
v 38.037739 12.887610 -1.277199
v 38.213287 11.305141 -1.228426
v 37.725864 13.816990 2.729095
v 37.680496 14.086403 2.517437
v 37.670757 14.113701 2.094980
v 37.395985 14.156540 1.979381
v 37.544716 14.096808 1.844527
v 37.622231 14.112647 -0.422758
v 37.720730 13.844418 -1.208085
v 37.358749 9.075242 -1.174559
v 37.167065 8.766905 -1.125584
v 37.177063 8.901886 2.580941
v 37.145935 9.138449 2.593397
v 37.377869 9.107422 2.683792
v 37.183495 8.606077 2.642188
v 37.505127 14.046760 2.646957
v 37.551910 13.998388 -1.161049
v 37.092323 9.416424 -1.153097
v 32.589966 6.188605 2.547148
v 32.208755 6.169765 2.481350
v 32.619122 6.034071 2.581893
v 37.059544 8.153270 2.659455
v 36.991776 8.537405 2.372415
v 37.010517 9.314384 2.448731
v 37.160877 14.245267 2.121916
v 36.954868 14.185777 1.843613
v 36.844589 13.954556 -1.269143
v 37.026718 9.713321 -1.196430
v 36.880787 9.580995 -0.941141
v 36.908302 9.351567 -0.862204
v 36.952263 8.246017 -1.091476
v 37.055130 8.076646 -1.148944
v 32.351463 6.031722 -1.064215
v 32.309406 6.192111 -0.991133
v 32.682610 6.499630 2.354188
v 36.790760 8.041348 2.645589
v 36.736588 8.222776 2.371156
v 37.034470 8.787246 2.363902
v 36.902130 9.382904 2.378617
v 36.872856 9.587584 2.588712
v 36.893463 9.613830 -1.088980
v 36.518681 7.961853 -1.136589
v 32.443054 6.434717 -0.810043
v 32.758728 6.684937 -0.596042
v 33.060829 7.020940 1.933151
v 36.796940 9.561950 2.451710
v 36.557831 9.633186 2.399435
v 36.995155 9.738260 2.720139
v 36.774055 14.154808 -1.141800
v 36.698536 14.090486 -1.223331
v 36.626732 9.773211 -1.177386
v 36.342598 7.933968 -1.111905
v 33.114857 6.387720 -1.051454
v 32.864048 6.684281 -0.799498
v 33.044296 7.011472 -0.518169
v 32.839005 6.706932 2.207036
v 36.371758 7.837273 2.638649
v 36.187698 8.066401 2.368176
v 36.519516 9.473581 2.367383
v 36.433880 9.641025 2.382531
v 36.258080 9.811049 2.616523
v 36.639011 9.760252 2.693037
v 36.153011 9.806413 -1.120068
v 35.963444 9.608098 -0.876310
v 35.366657 9.264270 -0.856798
v 35.526039 8.210664 -0.862491
v 35.739857 8.095533 -0.872258
v 35.920921 7.909327 -1.120642
v 35.813362 7.782897 -1.152666
v 33.699879 6.864313 -1.100680
v 33.075462 6.633640 -0.950975
v 33.094116 6.925216 -0.802349
v 33.247765 7.756485 1.874608
v 33.065937 6.872742 2.327034
v 33.128613 6.588883 2.507920
v 36.182049 7.952840 2.570600
v 35.564129 8.155027 2.368523
v 35.522167 9.592074 2.376884
v 36.383339 9.948088 2.711157
v 36.037735 12.379124 2.813796
v 35.830715 12.671890 2.882108
v 35.988777 13.324109 2.868603
v 35.362907 14.228568 2.650200
v 35.741890 9.578195 -0.868980
v 33.282177 7.045376 -0.916266
v 33.240669 7.507279 2.071942
v 33.270203 7.248027 2.344080
v 33.675392 7.231674 2.565061
v 35.864685 7.813044 2.643425
v 35.351395 8.764340 2.358059
v 35.396698 9.301113 2.359013
v 35.778000 9.796129 2.609776
v 35.589912 12.441019 3.017063
v 35.603134 12.833737 3.047746
v 35.290890 14.224585 1.887719
v 35.184425 14.191832 -1.129520
v 35.718540 13.559789 -1.370804
v 35.611374 13.234609 -1.532372
v 35.959244 12.580350 -1.352198
v 35.653286 9.742368 -1.158745
v 35.463634 9.584805 -0.927218
v 35.287674 9.354902 -0.920956
v 35.272427 8.902214 -0.886343
v 35.485367 8.137140 -0.919538
v 35.402027 8.074609 -1.147358
v 33.571892 7.352115 -1.047449
v 33.244976 7.360391 -0.773440
v 33.189846 7.418048 -0.534770
v 33.239296 7.760595 -0.476266
v 33.486313 7.226607 2.506411
v 35.484848 8.029074 2.639677
v 35.309872 8.435131 2.502090
v 35.406345 9.520714 2.456650
v 35.614960 9.668792 2.445822
v 35.694149 9.904231 2.700133
v 35.717842 12.261002 2.845523
v 35.219357 14.227761 1.955003
v 35.545944 13.634681 -1.382989
v 35.380230 13.618703 -1.527872
v 35.633438 12.436515 -1.520199
v 35.728947 12.537588 -1.479180
v 35.495796 12.100076 -1.331936
v 35.291260 9.661757 -1.208886
v 35.334728 9.563648 -1.147663
v 35.296459 8.411123 -0.971583
v 33.523106 7.731149 -1.007929
v 35.296444 8.172850 2.649426
v 35.340923 9.585877 2.677194
v 35.062260 11.953091 2.783869
v 35.402077 12.385208 3.074476
v 35.361473 13.511925 3.058015
v 35.364025 13.875833 2.887470
v 35.439465 13.983404 -1.314504
v 35.373314 13.412267 -1.586143
v 35.489647 12.270673 -1.456730
v 35.177818 9.202507 -1.134877
v 35.211662 8.479759 -1.119318
v 35.117943 8.450983 -1.152254
v 33.342194 7.815423 2.338967
v 33.493088 8.060491 2.503880
v 35.118710 8.575753 2.648168
v 35.130699 9.180387 2.658373
v 35.134018 13.723997 3.057674
v 34.689499 14.174869 2.715765
v 35.110413 13.719333 -1.574924
v 35.088699 9.297224 -1.184586
v 35.100677 9.264307 2.672076
v 34.962025 11.775403 2.776355
v 34.860565 11.935280 2.796564
v 34.979538 12.011403 2.868360
v 34.788570 13.924716 2.858571
v 34.673218 14.339136 1.736712
v 34.611744 14.141215 -1.206484
v 34.805328 13.775229 -1.581598
v 33.747890 14.289582 2.645021
v 32.381340 10.072057 0.923133
v 32.210171 10.131879 0.493265
v 33.145298 9.287576 2.295865
v 34.412006 11.769316 2.785629
v 33.814369 13.822637 3.068657
v 33.682625 14.264565 -1.132236
v 33.923958 13.899123 -1.377163
v 33.170490 9.056087 -0.746937
v 33.630592 14.028228 2.768773
v 33.517563 9.345636 -1.134035
v 33.196560 9.302202 -0.908468
v 32.894547 9.708358 2.028987
v 33.520157 9.292305 2.634132
v 33.197411 11.404039 2.775388
v 33.305889 9.390675 -1.042952
v 32.862034 9.860385 2.320123
v 33.186909 9.614795 2.553268
v 33.032887 9.813815 -1.039175
v 32.934799 9.662914 -0.761859
v 32.674637 9.951854 2.076610
v 33.329483 11.596766 2.791295
v 32.964333 13.737445 3.139383
v 33.148949 14.335605 1.790591
v 32.910526 10.104245 -1.138198
v 32.863621 9.865461 -0.924632
v 32.333969 10.131829 2.023378
v 32.521721 10.188658 2.420003
v 32.812000 11.494137 2.840507
v 32.520580 10.180522 -0.999122
v 32.649223 9.948833 -0.698654
v 32.700737 10.235444 2.585980
v 31.571861 13.750192 2.822487
v 32.366360 11.478585 -1.371955
v 32.322231 10.440076 -1.141331
v 32.002678 10.291322 2.248798
v 32.196800 10.400790 2.523264
v 32.639000 10.422204 2.667779
v 31.088152 13.724693 3.055794
v 31.400082 14.279417 -1.049052
v 32.376625 11.408643 -1.336259
v 32.409420 11.326989 -1.305426
v 32.313602 10.151187 -0.718427
v 31.744213 14.265074 2.644875
v 31.127771 14.303005 2.522660
v 32.027069 11.452283 -1.498993
v 32.021332 10.332984 -0.926945
v 31.551373 11.405606 3.160809
v 31.112129 11.015653 -1.263382
v 27.576096 9.903774 -0.195303
v 27.714695 10.021331 0.311460
v 31.559961 11.259907 2.824317
v 31.460928 13.761241 2.798768
v 31.327169 6.231007 -0.777749
v 31.063459 10.904245 2.731074
v 31.017178 13.715957 2.829242
v 30.149263 14.272123 2.632228
v 30.725901 13.836947 -1.240138
v 30.734715 13.298461 -1.723453
v 27.222347 9.290792 2.159630
v 30.440260 10.750027 2.663520
v 30.913280 11.153090 2.821548
v 30.467030 11.313506 3.252409
v 30.707361 11.113218 -1.360725
v 27.979641 10.178434 -0.652573
v 29.582193 14.404710 1.679141
v 30.061686 14.326035 -1.034176
v 30.690250 14.235321 -1.120592
v 30.596416 13.929089 -1.185701
v 29.967583 13.581575 -1.695242
v 30.073872 13.512725 -1.716594
v 29.754845 10.779211 2.682866
v 30.143024 10.953356 2.777036
v 29.800821 13.662968 2.799194
v 29.530867 10.668155 -1.128993
v 28.537056 6.264596 1.990358
v 27.341120 9.602319 2.242936
v 29.447653 11.043204 3.259062
v 27.613142 9.968891 -0.685652
v 29.229603 6.226174 -0.529651
v 29.874939 6.201693 -0.672485
v 27.864641 10.187276 2.233114
v 28.098904 10.322573 2.387066
v 29.048143 13.725362 2.690151
v 29.206495 14.402623 2.562370
v 29.344257 14.449441 2.359821
v 29.189266 14.285971 -1.090959
v 27.825310 10.156579 -0.837592
v 27.127531 8.799600 2.161069
v 28.915249 14.419438 -1.036219
v 29.128061 6.206124 2.084229
v 27.573038 10.019288 2.310729
v 27.651564 10.226990 2.445442
v 29.237492 10.867623 2.927579
v 28.289810 10.715558 3.187575
v 28.902195 14.466927 -0.919093
v 27.586363 10.219188 -1.038658
v 27.475430 10.060850 -1.020722
v 27.385506 6.964518 2.188759
v 27.094481 8.252208 2.232037
v 27.102312 9.003039 2.396389
v 27.402699 9.935549 2.464590
v 27.512529 10.229349 2.520266
v 27.534515 10.493011 2.751640
v 28.889025 10.914248 3.274336
v 28.934557 14.444340 2.556849
v 28.599747 14.118341 -1.091862
v 27.747046 10.482987 -1.186255
v 27.276749 10.102802 -1.169856
v 27.197168 9.639921 -1.050330
v 28.911015 6.169374 -0.775149
v 28.621075 6.185517 2.282514
v 27.287550 10.193072 2.696390
v 27.536085 10.542031 2.901618
v 27.403112 13.464460 3.217927
v 27.521252 10.424083 -1.264559
v 27.279142 10.198459 -1.275427
v 27.122513 8.973630 -1.009569
v 28.575085 6.261723 -0.621854
v 28.402283 5.980796 2.511519
v 27.301813 10.317681 2.935583
v 28.305943 13.690649 2.677331
v 28.056454 14.652061 2.527451
v 28.326336 14.645468 2.466371
v 28.136475 14.653463 -0.931627
v 28.155514 13.726820 -1.160050
v 27.602898 10.513532 -1.656067
v 27.319450 10.266519 -1.669210
v 27.760004 6.563916 -0.667186
v 28.046833 6.397010 -0.668747
v 28.185520 5.874276 2.563788
v 27.852098 6.485398 2.214447
v 27.205374 7.256488 2.327177
v 27.039291 7.699049 2.448673
v 26.817295 8.700809 2.725818
v 27.542543 10.509960 3.243164
v 28.159540 13.598204 2.806169
v 28.059378 10.708364 -1.741287
v 26.853430 8.848216 -1.179985
v 27.039848 7.979653 -1.035849
v 27.773174 6.475861 2.350819
v 27.448229 6.806330 2.344546
v 26.958818 7.920430 2.547546
v 27.280033 10.297054 3.246694
v 27.682037 10.741217 3.368939
v 27.616989 10.773204 -1.853888
v 26.787777 7.910067 -1.138892
v 27.109974 7.762358 -0.928561
v 27.191532 7.182000 -0.933956
v 27.214657 7.253490 -0.818385
v 27.446684 6.811163 -0.826920
v 28.126701 6.176605 -0.926145
v 27.443253 6.613658 2.464041
v 27.218664 7.032763 2.442924
v 27.016273 6.995954 2.543513
v 26.904955 7.590231 2.569571
v 26.627735 7.919261 2.817976
v 27.107628 10.322470 3.360310
v 27.289328 14.911892 2.525625
v 27.080692 15.140121 -0.925304
v 27.528952 14.768152 -1.006167
v 26.635252 13.578510 -1.665922
v 26.403797 13.325075 -1.724530
v 27.434319 10.521064 -1.798702
v 27.055040 9.753341 -1.709581
v 26.660809 8.204432 -1.264268
v 27.043858 7.238925 -1.034763
v 27.772898 6.475215 -0.819115
v 27.680542 6.352118 2.480943
v 26.876871 9.555848 3.273770
v 27.005476 13.557367 3.183989
v 27.138313 15.114764 2.454453
v 27.124502 10.483226 -1.850496
v 27.143906 10.209909 -1.797008
v 27.449928 6.687088 -0.934162
v 27.708710 6.375573 -0.955193
v 27.722132 6.131611 -1.043474
v 27.388258 6.288349 2.554131
v 26.636538 13.605944 3.134028
v 26.898745 15.142636 2.533849
v 26.798344 15.226189 -1.023616
v 26.587143 13.734766 -1.170238
v 26.335114 13.660443 -1.581919
v 26.748491 9.014310 -1.698944
v 26.422300 7.429777 -1.419262
v 26.287283 6.320641 2.663124
v 26.376772 6.951083 2.696842
v 26.180120 6.596699 2.794209
v 26.337412 13.707182 2.695485
v 26.507215 15.372142 -1.027961
v 26.458502 13.797291 -1.158461
v 26.659378 9.006916 -1.735193
v 26.402529 7.577336 -1.536488
v 26.149902 6.412097 2.705831
v 26.068903 13.639273 3.199343
v 26.330757 15.425027 2.549870
v 25.855515 15.669598 2.462333
v 26.400732 8.820841 -1.731732
v 26.197058 6.613211 -1.264163
v 26.255545 6.335674 -1.139624
v 26.107321 6.196929 2.682769
v 26.000629 6.235516 2.818363
v 25.899178 13.744803 3.180737
v 25.958197 13.779263 2.778502
v 26.062290 15.576768 -1.037571
v 25.926296 13.918232 -1.180958
v 25.846832 13.751562 -1.631577
v 26.294739 8.008338 -1.640513
v 25.330715 4.776619 2.573362
v 25.867476 15.470003 2.600234
v 25.803823 15.657544 2.549174
v 26.204344 7.045274 -1.520432
v 25.940073 6.191257 -1.423558
v 25.969193 6.039731 -1.263058
v 25.939497 5.844455 -1.176466
v 26.059158 5.793759 -1.131660
v 23.567310 3.489074 2.470484
v 25.841032 5.317956 2.607772
v 25.332396 14.007373 2.767865
v 25.370783 13.954037 -1.288851
v 24.946096 14.008827 -1.603241
v 26.027512 6.717074 -1.511840
v 25.725416 5.794286 -1.445004
v 25.612410 5.227241 2.657506
v 25.459084 5.101471 2.880299
v 25.527740 5.486512 2.956931
v 25.208515 13.959612 3.140778
v 25.136406 14.023282 2.888636
v 24.947067 14.459321 -1.220518
v 25.159758 14.035449 -1.264388
v 25.490915 5.272966 -1.416405
v 25.480659 5.021710 -1.288988
v 25.370693 4.957414 2.668989
v 25.549435 4.953790 -1.107542
v 25.236004 4.859410 2.600166
v 25.283594 4.964887 2.896152
v 24.856098 4.938341 2.930203
v 24.695408 14.144200 -1.271057
v 25.262209 4.963983 -1.391114
v 25.026079 4.707351 2.572316
v 24.936125 4.862473 2.870824
v 24.586634 14.295212 -1.253276
v 24.549116 14.176632 -1.306898
v 24.332689 14.214612 -1.355817
v 25.012577 4.875936 -1.339302
v 24.973909 4.810602 -1.099284
v 24.637880 4.782744 2.644396
v 23.964069 16.346668 2.462974
v 23.575748 14.502333 -1.269989
v 23.712233 14.390037 -1.274767
v 23.248587 14.471796 -1.358203
v 23.588617 14.360462 -1.531828
v 23.252998 4.827925 -1.403617
v 23.648205 14.363995 2.786274
v 23.531269 14.446808 2.779574
v 23.568892 16.474808 2.556001
v 23.580833 4.766692 -1.333454
v 23.801004 4.717682 -1.104193
v 23.367287 14.301290 3.159105
v 23.467741 14.405407 2.846704
v 22.997650 16.560047 2.626370
v 22.533800 4.551148 2.566336
v 23.125708 14.444065 3.125250
v 22.764833 16.767796 -1.042099
v 22.327316 14.704058 -1.354364
v 22.308956 14.640410 3.098451
v 22.455109 16.846485 -1.106604
v 22.495066 16.753469 -1.129407
v 21.870893 14.673960 -1.645661
v 21.681778 3.400851 2.465127
v 22.075708 3.532640 2.499771
v 21.883793 4.612355 2.706074
v 22.152029 4.647257 2.794584
v 21.971113 17.036819 2.604221
v 21.756742 14.857096 -1.295298
v 21.907314 14.676879 3.136952
v 21.574511 14.831385 3.039830
v 21.954920 16.999472 2.640905
v 21.600792 14.846558 -1.535111
v 21.780895 4.686366 2.880464
v 21.258408 15.049138 2.787150
v 21.456581 17.225502 2.587016
v 21.937115 16.747639 -1.187505
v 21.119421 15.056479 -1.271643
v 21.189600 14.911266 -1.580824
v 21.406017 14.718931 -1.627436
v 21.485281 4.423733 -1.072716
v 21.476093 4.526945 2.568334
v 21.485037 4.628633 2.633902
v 21.299658 4.763526 2.875266
v 21.143505 14.862136 3.100665
v 21.362610 17.248795 -1.148440
v 21.548132 4.727751 -1.371107
v 21.784073 4.597131 -1.161722
v 21.195345 4.725348 2.578300
v 21.170456 15.002993 2.886837
v 21.121807 15.128652 2.792106
v 21.008137 17.392082 -1.148208
v 20.348650 15.642436 -1.308946
v 20.614433 14.888661 -1.573415
v 20.602568 14.843218 3.078204
v 20.721359 15.118747 2.824271
v 20.556927 15.203897 2.800112
v 20.389242 17.627060 -1.132509
v 20.520092 15.053778 -1.358593
v 21.328218 4.791955 -1.321292
v 21.217422 4.665161 -1.112348
v 21.139528 3.599395 -1.075794
v 20.987484 3.312358 -1.018490
v 21.271357 3.616848 2.561084
v 20.720922 5.348177 2.856133
v 20.493258 17.555626 2.669743
v 20.571901 17.476221 -1.223348
v 20.998079 5.085997 -1.346929
v 21.072281 4.875680 -1.151250
v 20.945744 3.350096 2.580626
v 20.829573 3.416692 2.636767
v 20.358624 5.444808 2.658041
v 20.034775 15.545856 2.884710
v 19.247305 13.502547 -1.599380
v 20.871042 3.405797 -1.126881
v 19.666500 15.458479 3.041803
v 19.998663 15.653156 2.894116
v 19.285334 18.029930 2.517123
v 19.563427 14.070610 -1.572901
v 19.808880 3.237922 -1.011915
v 20.090139 3.279510 2.562223
v 19.618034 14.436121 2.905778
v 19.460203 17.891476 -1.250496
v 19.782433 15.926403 -1.339077
v 19.727434 15.643576 -1.542841
v 19.394806 13.777811 -1.590594
v 19.314129 17.938246 2.702013
v 19.158241 16.076248 -1.577753
v 19.073917 13.971110 -1.375644
v 19.328812 5.869426 -1.186693
v 19.500227 6.168859 2.670231
v 19.103092 14.052489 2.893736
v 18.877071 16.291122 -1.495668
v 18.468891 6.892774 -1.139892
v 19.269745 5.920904 2.685045
v 19.258850 6.199951 2.618154
v 19.210720 6.434966 2.664223
v 18.772596 13.767492 2.898817
v 18.696259 18.122669 2.656430
v 18.878963 18.143524 2.570619
v 18.716625 18.028862 -1.263865
v 18.717163 16.128187 -1.616296
v 19.060207 6.556387 -1.163037
v 19.000238 6.196765 2.695442
v 18.127470 16.342690 3.134736
v 18.526230 16.307009 3.088167
v 18.590408 16.498785 -1.366719
v 18.629532 16.314636 -1.600390
v 18.410295 7.143050 -1.152962
v 18.986099 6.439839 2.622772
v 18.308258 13.276281 2.909202
v 18.222282 16.594437 2.877623
v 18.445908 16.649605 -1.348985
v 18.318293 16.365335 -1.629428
v 18.151531 7.646516 2.744025
v 18.067757 13.109023 2.911577
v 18.092688 16.492422 3.057356
v 17.730103 16.843292 2.815765
v 17.664490 17.747757 2.816359
v 17.917759 16.689163 -1.360952
v 17.954473 16.535418 -1.577328
v 17.879374 12.664805 -1.398413
v 18.321087 6.882501 -1.191730
v 17.787388 11.961697 3.012215
v 18.039774 12.997069 2.908492
v 17.397903 16.274281 3.110663
v 17.708115 16.591053 2.879725
v 17.500031 18.625967 -0.820679
v 17.775042 12.095775 -1.500543
v 18.143240 7.158204 -1.147546
v 18.110184 7.411125 2.636070
v 17.027618 16.006462 3.119009
v 17.754154 16.469379 3.057805
v 16.855637 18.913509 -0.601596
v 17.645189 16.322178 -1.633781
v 17.676805 7.478191 -1.190115
v 17.309866 12.429972 3.050970
v 16.663910 15.490670 3.131458
v 16.478643 18.987965 -0.425368
v 17.121506 16.395237 2.793872
v 16.425978 18.989288 1.954324
v 15.879964 18.887859 -0.464920
v 16.894028 16.283674 -1.303991
v 16.775179 16.083935 -1.359438
v 17.048735 7.794489 -1.341539
v 16.786579 8.138144 2.668738
v 16.782135 8.398088 2.642999
v 16.416748 9.237515 2.738028
v 16.713028 10.861347 2.935466
v 16.307299 15.427593 3.112436
v 16.507092 15.623270 3.059248
v 16.768951 8.135234 -1.132219
v 16.542704 8.082211 -1.349243
v 16.398352 8.131454 2.859450
v 16.348536 8.327142 2.697700
v 16.248127 9.084188 2.705557
v 16.590860 11.133381 2.993528
v 15.900355 14.913233 3.120375
v 16.458822 10.880903 -1.464069
v 16.444366 10.306205 -1.406232
v 16.436354 9.266894 -1.253950
v 16.240660 9.030612 -1.187195
v 16.070734 8.793782 -1.161661
v 16.269962 8.366944 -1.154312
v 16.661722 7.886796 -1.360596
v 16.098223 8.805207 2.704621
v 16.112659 9.107746 2.853748
v 15.982819 15.180704 3.105863
v 16.103916 15.201305 -1.612587
v 16.323872 10.245386 -1.433811
v 16.243073 9.251441 -1.267120
v 16.063345 8.840594 -1.301365
v 16.066147 8.572726 -1.171693
v 16.259241 8.288892 -1.344110
v 16.074001 8.596789 2.830325
v 16.115522 9.276558 2.893245
v 15.599236 14.874554 3.102907
v 15.752932 15.043110 3.058134
v 13.548541 18.397045 -0.318132
v 14.342204 18.638485 -0.404453
v 15.256246 16.079727 -1.349932
v 16.112341 9.541899 -1.407551
v 16.109697 9.105406 -1.364531
v 16.076248 8.546993 -1.331678
v 16.026516 8.233029 -1.366098
v 14.723523 2.885157 -0.600622
v 15.356191 14.966624 -1.366093
v 15.378442 14.772640 -1.573343
v 15.852887 8.841650 -1.386467
v 15.123242 15.747616 -1.381819
v 15.374146 15.159054 -1.305186
v 15.314819 14.617757 -1.606585
v 15.105743 15.194016 -1.319042
v 13.226108 18.209980 -0.313401
v 13.794405 18.426559 -0.418213
v 14.594412 14.363775 -1.365959
v 12.694776 17.851921 1.803740
v 14.545644 14.047102 -1.595260
v 14.370301 13.801044 -1.597347
v 13.208305 18.198500 1.918023
v 14.295184 13.973708 -1.515878
v 13.149395 18.102575 1.940088
v 14.091611 14.283257 -1.278100
v 14.035112 13.734886 -1.578374
v 13.158822 13.511478 -1.268292
v 12.069791 17.254654 1.930548
v 11.760148 16.941120 -0.407215
v 13.595634 13.214866 -1.579234
v 13.015090 12.855880 -1.568009
v 12.588277 13.024985 2.799767
v 11.289690 16.422077 -0.403070
v 12.494607 4.782440 -1.237529
v 12.518338 5.367701 -1.227706
v 11.697658 16.760084 -0.478701
v 12.204628 12.391917 -1.543259
v 12.063635 4.445168 2.731204
v 11.823403 12.087234 3.054431
v 11.908201 12.174247 -1.538633
v 12.354806 5.872028 -1.258861
v 12.253040 5.526123 -1.171709
v 11.730894 4.962451 2.639127
v 11.074156 16.065079 -0.501606
v 10.302504 3.189107 2.684370
v 11.801647 4.729198 2.699970
v 10.850056 11.520440 3.035345
v 11.254834 11.772702 3.043376
v 11.583251 4.811455 -1.197906
v 11.121372 4.882243 2.755837
v 11.233069 5.273702 2.751915
v 10.693769 15.633589 -0.511160
v 10.016489 11.212250 3.029537
v 10.908386 12.929754 -1.349121
v 10.326388 11.433440 3.030642
v 10.671787 11.542333 -1.514239
v 10.383114 11.739692 -1.283495
v 8.902209 2.726197 2.660269
v 9.386166 14.225864 2.137223
v 9.837054 11.233069 -1.503998
v 9.044278 10.906349 3.017632
v 9.405149 11.152880 3.021079
v 9.169124 14.218136 2.010915
v 9.541326 14.416918 -0.593307
v 9.486856 11.415743 2.794050
v 9.084996 12.185229 2.845898
v 8.967506 14.002420 2.104949
v 9.168620 11.137729 -1.497779
v 8.600768 11.037247 2.981852
v 8.437100 13.704696 -0.577820
v 8.212463 10.865149 3.010859
v 7.818885 13.371474 2.156627
v 7.608382 13.413995 1.301537
v 7.642339 13.399578 -0.490889
v 8.035390 13.450458 -0.625425
v 7.414850 13.361005 1.882080
v 7.470757 13.337280 2.059569
v 7.664094 10.827266 -1.504532
v 5.258581 2.562864 -1.158825
v 7.360168 13.145734 -0.673346
v 7.029278 13.131877 2.159148
v 7.127636 13.271834 1.024317
v 7.101707 13.257888 -0.393472
v 6.961559 13.190971 -0.530189
v 6.707887 10.852629 2.939465
v 5.068814 13.245391 -0.532746
v 5.632455 2.856939 -1.205562
v 4.103312 2.804636 2.720428
v 3.187054 11.636824 2.817683
v 5.087385 2.670238 -1.201308
v 3.693641 2.497503 -1.159660
v 3.356967 2.489686 2.674508
v 2.887927 2.603338 2.719700
v 2.120956 2.479675 -1.214854
v 1.242188 10.723790 -1.297796
v 2.010296 11.707539 2.796176
v 0.637504 1.922542 1.326576
v 0.148218 2.419446 2.727037
v -0.441543 10.255109 -1.516327
v -0.405775 10.624747 -1.265995
v -1.650775 10.284789 3.004163
v -2.212006 10.247934 -1.498028
v -2.903546 12.471332 -0.522741
v -4.703899 2.093678 2.680775
v -4.330358 10.020786 -1.515252
v -5.274267 2.062631 -1.160183
v -4.241188 10.133171 -1.450937
v -5.546272 9.894756 -1.530464
v -4.436010 10.121305 2.946337
v -6.684428 12.154773 -0.407468
v -5.362875 10.252969 -1.279570
v -6.340848 1.776374 -0.197771
v -5.323802 12.221202 -0.584796
v -6.361865 9.821047 3.036591
v -8.210001 10.737004 -1.354234
v -8.048530 10.117028 -1.278263
v -8.909444 11.829345 -0.652063
v -8.505588 10.794616 -1.336029
v -9.559239 1.898260 -1.239793
v -9.033000 9.930182 -1.402721
v -10.976259 1.569582 -0.475674
v -10.809270 10.638617 2.815116
v -11.330112 10.762018 2.781652
v -12.710217 1.533817 -0.317212
v -11.967101 1.784903 -1.251267
v -13.475742 1.432893 -0.559904
v -14.525719 9.836200 -1.275836
v -14.194214 9.526413 3.049226
v -14.671319 9.748899 -1.340574
v -14.967389 9.608328 3.021748
v -14.678552 10.026820 -1.295404
v -16.479618 9.685032 2.916161
v -16.453579 9.763458 2.794440
v -17.521236 1.523059 2.777318
v -16.507364 9.845921 2.791349
v -16.485550 9.561173 3.059680
v -16.636829 9.766667 2.796820
v -34.892067 -1.143421 1.202025
v -34.858368 -1.104407 1.216631
v -34.331848 -0.982234 1.050509
v -35.598057 -1.416680 1.091983
v -35.337650 -1.364362 1.258517
v -34.371910 -1.052328 1.273358
v -17.600346 9.825125 2.796800
v -35.666946 -1.455467 1.245933
v -33.569195 -0.751048 1.260274
v -33.571972 -0.808016 1.338480
v -32.607327 -0.436979 1.271580
v -36.232269 -1.592349 0.999909
v -32.269196 -0.349014 1.348719
v -36.060516 -1.638557 1.347036
v -36.393383 -1.681733 1.349984
v -36.555294 -1.605575 1.168285
v -36.654968 -1.547575 1.326071
v -19.282063 11.518760 -0.591299
v -36.501133 -1.606550 0.540617
v -20.649406 9.494316 3.055261
v -19.674561 9.760756 2.797584
v -36.558186 -1.529706 1.579660
v -22.275564 1.242334 2.778598
v -25.814724 0.682442 -0.463557
v -27.903807 0.614505 -0.315638
v -30.178320 0.470181 -0.354448
v -36.547455 -1.579889 0.114712
v -28.201015 0.610613 -0.347962
v -30.260502 0.355511 -0.299029
v -35.624485 -1.428718 -0.071196
v -38.128681 0.833322 1.333882
v -36.498592 -1.325979 1.948008
v -30.255117 0.355111 -0.450747
v -33.608730 -0.467455 -0.313291
v -34.056931 -0.505710 -0.367884
v -34.217472 -0.700175 -0.296845
v -34.845985 -0.802075 -0.358150
v -35.503983 -1.077820 -0.356364
v -36.361900 -1.668661 0.155005
v -36.496548 -1.052500 2.264846
v -36.261646 -1.202026 2.301881
v -22.912024 1.295065 2.813863
v -33.064335 -0.217724 -0.361056
v -33.877628 -0.494785 -0.440595
v -34.203209 -0.616308 -0.459102
v -34.936619 -0.931836 -0.304106
v -36.178047 -1.604089 0.033426
v -36.381836 -1.226732 2.226746
v -24.505417 1.109486 2.786949
v -23.067179 1.380906 -1.297195
v -32.408363 -0.118439 -0.288946
v -33.011776 -0.196655 -0.447314
v -36.728394 -1.319721 -0.118546
v -36.334335 -0.994793 2.573819
v -20.228809 9.688041 -1.347339
v -20.574089 9.584479 -1.432364
v -24.795635 1.074596 -1.262455
v -32.215370 0.070464 -0.371210
v -36.528122 -1.468944 -0.187114
v -36.195198 -0.880581 2.766083
v -21.338779 11.452258 -0.661839
v -22.099861 9.375744 -1.578617
v -36.403572 -1.262447 -0.431471
v -36.592480 -1.240578 -0.290683
v -39.444321 1.834734 1.296782
v -36.350994 -0.728932 2.772350
v -36.394032 -1.251933 -0.616792
v -36.644440 -0.940146 -0.361908
v -39.985279 2.056538 1.196637
v -39.726990 2.054043 1.588391
v -21.390261 9.664308 -1.336730
v -36.639137 -0.957895 -0.424865
v -38.044022 0.791591 0.131602
v -31.926220 0.478160 2.776918
v -38.337257 1.147303 0.100811
v -39.989750 2.069268 0.506486
v -31.810457 0.590987 2.852988
v -23.576860 9.314967 3.086945
v -39.426090 1.847959 0.301944
v -36.307472 -0.829129 -1.250109
v -37.822353 0.881992 -0.221933
v -38.166618 1.240321 -0.189646
v -39.777584 2.036586 0.074790
v -39.025574 2.102763 2.178542
v -23.103783 9.460861 3.073575
v -23.996737 9.631922 2.791884
v -43.377316 2.564023 1.477051
v -44.900265 -0.861618 -0.644928
v -50.403419 -1.560203 -1.562875
v -50.375305 -1.222389 -1.548309
v -50.864166 -1.119260 -1.453021
v -51.068741 -1.200919 -1.566379
v -61.900520 0.859905 -1.265362
v -62.455845 3.842793 3.115468
v -49.724907 0.330666 2.968551
v -49.624790 0.283398 2.911896
v -49.161644 0.137431 3.117102
v -37.333656 1.094020 2.873597
v -23.501774 9.441018 -1.565863
v -31.770470 0.595649 -1.327224
v -32.220512 0.534680 -1.345410
v -32.441639 0.339093 -1.237468
v -44.870792 -0.236227 -0.703454
v -45.157425 -0.589114 -1.303160
v -45.384136 -0.497544 -1.564210
v -50.592659 -0.918533 -1.377853
v -50.806770 -0.932937 -1.568687
v -51.064461 -0.966432 -1.590588
v -61.449055 0.353912 -1.593197
v -61.888123 0.983206 -1.330463
v -61.800896 1.035878 -1.625472
v -67.637642 6.024470 -1.925074
v -68.023750 6.192919 -1.703314
v -62.616478 3.464164 3.303980
v -49.492302 0.403974 2.972770
v -49.152454 0.822624 3.077421
v -45.156681 0.265689 2.982957
v -44.219303 1.604738 2.005454
v -32.312412 0.626899 -1.358621
v -32.400486 0.516326 -1.348738
v -50.315514 -0.603609 -1.376089
v -50.567070 -0.660396 -1.570997
v -50.809235 -0.676730 -1.599825
v -61.569534 0.699900 -1.627804
v -61.998901 1.303117 -1.376053
v -62.205341 1.447909 -1.425207
v -62.478943 1.819612 -1.552366
v -49.497131 0.646911 2.968150
v -49.278805 0.761290 3.014439
v -49.022125 0.819487 3.121325
v -24.121681 9.637843 2.797593
v -37.913986 1.194332 -0.726819
v -43.006725 2.739743 0.250175
v -44.786304 0.309743 -0.830436
v -49.385834 -0.185408 -1.609416
v -49.860130 -0.503536 -1.564627
v -49.901390 -0.244969 -1.393559
v -50.323624 -0.369872 -1.566379
v -50.567833 -0.409976 -1.606674
v -61.997238 1.359036 -1.471214
v -62.179646 1.797244 -1.503345
v -68.317421 6.588230 -1.697691
v -62.495300 3.973530 3.217247
v -62.328735 3.980428 3.145177
v -48.772842 1.289189 3.155381
v -44.939526 0.882839 2.942740
v -45.559269 0.426551 -1.617930
v -49.689407 -0.409040 -1.588404
v -49.765347 0.119642 -1.381270
v -62.177765 1.890588 -1.584889
v -62.346161 2.344262 -1.600891
v -62.500526 2.079437 -1.605001
v -62.644840 4.322052 3.366168
v -62.453659 4.346643 3.232537
v -62.295143 4.686151 3.116429
v -49.263718 1.251387 3.021427
v -44.467537 1.400867 2.610462
v -42.736397 2.835618 1.739176
v -42.055183 2.725303 1.757962
v -45.107342 0.148793 -1.352840
v -45.221287 0.534724 -1.567964
v -49.589020 0.503956 -1.380133
v -62.150402 1.992340 -1.639915
v -62.532616 2.374768 -1.664522
v -67.966248 6.011590 -1.919922
v -67.871841 6.308243 -1.692469
v -62.434044 4.929571 3.375128
v -62.111443 4.791001 3.171695
v -44.059769 2.044457 2.536722
v -43.061947 2.843782 1.705924
v -41.858494 2.779293 1.998996
v -38.835785 2.408931 2.776877
v -38.454411 2.155715 2.771940
v -38.637020 2.385257 2.888139
v -38.076408 2.319207 2.922611
v -37.526134 1.316199 -1.365672
v -43.242325 2.675058 0.111678
v -43.672043 2.405054 -0.204760
v -44.316158 1.481285 -0.787979
v -44.910084 0.868043 -1.332533
v -49.419781 0.175907 -1.594610
v -49.401928 0.595778 -1.501882
v -62.208542 2.366317 -1.652861
v -62.565399 2.626825 -1.715942
v -67.712578 6.187482 -1.922020
v -67.802513 6.293682 -1.744224
v -67.846329 6.548701 -1.934525
v -68.174774 6.757935 -1.921502
v -68.644142 12.138575 3.483579
v -62.293400 4.956686 3.209314
v -44.737137 1.923110 3.150955
v -43.640968 2.421745 1.934452
v -42.461037 2.747495 1.805525
v -37.794422 1.632645 -1.360067
v -48.929939 0.606467 -1.634179
v -49.482803 0.760479 -1.479090
v -62.907658 3.399133 -1.829991
v -67.963158 12.172389 3.443809
v -48.740532 2.220249 3.178690
v -43.065868 3.023644 1.956985
v -42.909473 3.012552 1.802691
v -43.029079 2.856667 -0.190648
v -49.241936 1.174601 -1.516818
v -48.959579 2.383657 3.061793
v -43.371540 2.732702 1.982210
v -42.174313 2.972979 2.307519
v -37.839062 1.899502 -1.404336
v -38.070133 1.916609 -1.366077
v -42.664948 2.833821 -0.322760
v -43.377438 2.733781 -0.297136
v -48.714672 1.734523 -1.663074
v -49.060398 1.006407 -1.613430
v -67.177414 12.232607 3.402569
v -61.637375 5.860402 3.214936
v -61.658783 6.111209 3.170500
v -49.048309 2.485451 3.118023
v -48.768169 2.587752 3.168711
v -42.766281 3.084940 1.948336
v -42.453957 2.808861 1.985227
v -39.129501 2.628191 -1.360087
v -49.134907 1.605747 -1.532381
v -49.350544 1.588608 -1.646544
v -62.616776 3.854807 -1.840842
v -66.817650 12.290897 3.350535
v -65.897171 12.132758 3.571218
v -61.729637 6.870090 3.426938
v -61.767075 6.141592 3.213367
v -61.629414 6.363674 3.196332
v -42.392876 2.968946 2.218006
v -42.085659 3.184880 2.537006
v -42.446392 2.902639 -0.540880
v -42.622364 2.985953 -0.532950
v -48.962955 1.623451 -1.646093
v -62.371761 4.425050 -1.675753
v -62.429787 4.572481 -1.843313
v -67.118729 12.698613 3.345674
v -65.872185 12.328625 3.415211
v -61.768391 6.372985 3.385180
v -61.346951 6.726967 3.186110
v -42.799274 3.567989 2.171676
v -42.779728 3.476851 2.044119
v -42.556786 3.657413 2.090204
v -42.170265 3.017190 2.377614
v -41.853954 3.245348 2.785674
v -38.874371 2.662794 -1.428622
v -42.423103 2.996992 -0.712214
v -42.826508 3.078538 -0.424187
v -43.048962 3.108153 -0.415596
v -44.729992 1.981461 -1.646990
v -48.929714 1.832767 -1.645440
v -49.044239 1.719850 -1.591966
v -66.500656 12.420057 3.301878
v -61.527245 6.752972 3.341393
v -42.488480 4.160728 2.261714
v -42.327137 4.116028 2.192867
v -42.159683 3.430699 2.423583
v -41.629772 3.408341 2.926125
v -41.946655 3.093880 -1.044145
v -42.199783 3.038241 -0.866364
v -42.387455 3.032834 -0.760680
v -42.400234 3.196932 -0.806803
v -42.884983 3.273875 -0.453165
v -43.275070 2.922272 -0.532539
v -44.472580 2.340788 -1.653030
v -62.271038 5.151217 -1.833711
v -62.389309 5.234075 -1.883121
v -64.469826 12.293149 3.575592
v -42.458405 4.030293 2.160418
v -42.163120 4.056571 2.283293
v -42.134285 3.142016 -1.035012
v -42.532459 3.662593 -0.615561
v -42.670460 3.583504 -0.554026
v -42.799622 3.419760 -0.523411
v -62.053204 5.699810 -1.827590
v -67.988625 12.118583 -1.992423
v -67.868088 12.397117 -1.950623
v -65.071136 12.257246 3.563314
v -61.481110 6.953598 3.417285
v -27.281618 9.422938 3.038509
v -41.728848 3.277864 -1.358317
v -41.895573 3.227401 -1.261158
v -42.101875 3.318561 -1.060987
v -42.176193 3.377161 -0.967635
v -42.276138 3.927666 -0.745935
v -42.486881 3.856343 -0.654415
v -42.704285 3.681355 -0.657642
v -62.014126 5.706079 -1.699885
v -62.197063 5.429460 -1.872071
v -67.785088 12.166549 -1.939676
v -42.548672 3.969313 -0.739087
v -43.924206 3.432711 -1.701727
v -61.896629 5.829863 -1.678743
v -59.949715 8.279136 3.232881
v -42.281929 4.834029 2.371784
v -42.322502 4.423563 2.243399
v -28.819498 9.302551 3.109942
v -42.278530 4.320691 -0.754488
v -42.583378 4.081894 -0.864610
v -61.965439 5.989082 -1.879650
v -61.707623 6.875233 -1.925278
v -66.299454 12.072317 -2.063320
v -66.742706 12.217481 -1.870385
v -64.582397 12.645311 3.307040
v -60.093052 8.379394 3.271176
v -60.020485 8.421639 3.221014
v -43.280067 4.406456 3.197937
v -42.071838 4.402280 -0.829663
v -61.561192 6.519509 -1.684165
v -66.953072 12.368867 -1.827672
v -68.052505 16.990124 0.115941
v -68.179115 16.974846 1.202506
v -60.477272 8.310679 3.459394
v -59.734734 8.664959 3.262904
v -59.669441 8.571647 3.228713
v -48.889755 4.958859 3.261014
v -28.608999 9.551852 2.893346
v -42.379097 4.487016 -0.838234
v -43.503441 3.759764 -1.672459
v -61.412231 6.659634 -1.693157
v -61.461369 6.735277 -1.758021
v -61.517372 6.705541 -1.823647
v -68.234848 17.043438 0.749543
v -67.627792 16.958406 1.476202
v -60.071297 8.619360 3.465352
v -59.546349 8.757686 3.223154
v -59.351185 9.026078 3.339323
v -59.269657 9.012881 3.221942
v -58.867916 9.105301 3.233502
v -29.248741 9.453115 3.098361
v -28.578230 9.636910 2.791999
v -49.086433 4.474583 -1.637957
v -65.122658 12.286183 -2.040618
v -59.476440 9.088260 3.475778
v -58.953556 9.247536 3.283133
v -49.353809 5.552847 3.147209
v -49.170380 5.599329 3.268048
v -28.696032 9.300467 -1.612576
v -29.730181 9.465049 -1.620266
v -61.444363 7.081194 -1.926898
v -67.107559 16.914711 1.578972
v -58.779594 9.311842 3.225287
v -58.409050 9.378634 3.233332
v -50.062061 6.717853 3.231687
v -49.777397 6.178267 3.230464
v -49.595112 6.393836 3.238826
v -49.477081 5.645391 3.193037
v -28.761009 9.647639 2.795974
v -28.625542 9.723731 2.791971
v -28.214264 9.452310 -1.525362
v -41.988792 5.489494 -0.851295
v -61.233574 7.247161 -1.908808
v -64.710152 12.241407 -2.093899
v -67.623398 16.957104 -0.530956
v -66.418839 16.778814 1.859721
v -58.528866 9.486229 3.333881
v -58.072536 9.616267 3.231792
v -50.368549 7.275249 3.219171
v -50.061882 6.974893 3.186840
v -49.790169 6.819307 3.267499
v -49.792549 6.507038 3.184371
v -30.432621 9.728604 3.113627
v -28.997082 10.465520 -1.344629
v -41.916790 5.544594 -0.838768
v -49.162899 4.589902 -1.674103
v -61.213501 7.443400 -1.935553
v -65.109688 12.441799 -1.870201
v -66.648613 16.930614 1.608685
v -66.569946 16.763840 1.984036
v -30.398220 9.861611 3.030879
v -41.935631 5.837775 -0.962700
v -49.281147 4.842207 -1.731015
v -57.742958 9.803784 3.313126
v -51.272320 7.905077 3.367084
v -50.399078 7.458498 3.185067
v -49.511696 6.769065 3.324795
v -42.584858 6.879848 3.246614
v -29.367931 10.540613 2.840417
v -29.189014 10.912380 2.466020
v -29.617382 9.741870 -1.363772
v -49.549232 5.577116 -1.747290
v -64.494606 12.584348 -1.860702
v -64.350006 12.790952 -1.817844
v -66.103531 16.821346 1.750370
v -66.139763 16.726089 1.802512
v -65.866470 16.548977 1.957290
v -57.415550 9.889622 3.284891
v -57.070641 9.790359 3.269386
v -56.982456 9.947859 3.233967
v -50.294003 7.502563 3.240530
v -50.664238 7.897869 3.219449
v -50.259171 7.732804 3.351388
v -44.511700 6.966053 3.290688
v -43.769268 6.906404 3.268312
v -31.072376 10.001272 3.129764
v -30.889404 10.094925 3.050758
v -30.530359 10.192292 2.778074
v -29.403214 10.738642 2.650798
v -29.266289 11.406173 2.120552
v -29.132368 11.486732 -0.418607
v -29.984655 9.498521 -1.621937
v -41.350910 6.471345 -0.843050
v -59.587688 8.703325 -1.707158
v -57.456734 10.063274 3.474823
v -56.007408 9.800117 3.340040
v -55.942482 10.019576 3.236483
v -55.760357 9.806246 3.345413
v -41.240398 7.216033 2.257085
v -31.127670 10.189923 3.097705
v -29.859476 10.687314 2.846829
v -29.682390 10.649937 2.829973
v -29.418430 10.912230 2.507311
v -29.588741 11.778331 -0.531167
v -29.284067 11.413203 -0.663566
v -41.398712 6.575913 -0.807627
v -41.497536 6.938153 -0.853771
v -41.592316 6.551484 -0.842824
v -50.091579 6.368876 -1.830869
v -59.248844 8.818651 -1.712248
v -63.953918 12.748044 -1.896048
v -64.067856 12.795928 -1.842552
v -56.028740 10.081682 3.295604
v -55.705204 10.113789 3.309178
v -54.648235 9.877064 3.304414
v -29.958822 12.063934 -0.482475
v -41.125542 6.889887 -0.845674
v -41.447212 6.870687 -0.817423
v -49.250771 6.158933 -1.804345
v -49.782600 6.299167 -1.700436
v -49.872124 6.345251 -1.734812
v -58.920433 8.833054 -1.820804
v -65.880188 16.583834 -0.432235
v -53.820873 9.559671 3.371995
v -44.197472 7.968071 3.126645
v -43.135887 7.393236 3.274491
v -40.895306 8.123611 2.248303
v -40.927826 7.647985 2.218074
v -40.650822 7.917830 2.269566
v -41.194668 7.287741 -0.764520
v -41.422668 7.084338 -0.833588
v -49.767986 6.578741 -1.708305
v -50.111172 6.947646 -1.684178
v -58.903061 9.122540 -1.737595
v -59.084747 9.094455 -1.774465
v -65.776619 16.467003 -0.488863
v -54.188324 10.083165 3.295057
v -52.802494 9.421734 3.230037
v -44.709923 7.864664 3.278244
v -44.187786 8.208252 3.135447
v -43.656242 8.013193 3.111623
v -43.123016 7.779325 3.263771
v -31.988249 10.872456 3.089035
v -58.495010 9.074168 -1.840694
v -58.635963 9.141736 -1.769846
v -58.921761 9.236845 -1.795193
v -53.825703 9.886246 3.244240
v -53.303204 9.647381 3.236973
v -51.758286 9.137260 3.393475
v -44.096584 8.407516 3.178184
v -43.148708 8.255282 3.273934
v -42.605602 8.122477 3.298396
v -40.783020 8.605020 2.390061
v -40.706596 8.429362 2.233086
v -40.688957 8.172561 2.203660
v -39.738247 8.735170 2.778899
v -32.328209 11.117910 3.090409
v -40.950184 7.873775 -0.750440
v -41.053982 7.767673 -0.752020
v -43.453011 7.216587 -1.766499
v -43.900402 7.437707 -1.599802
v -50.315060 7.173228 -1.694990
v -50.518742 7.398841 -1.711783
v -50.669998 7.383265 -1.851069
v -53.707985 10.206791 3.435494
v -53.614033 10.049339 3.348216
v -53.379379 9.816265 3.236173
v -52.217827 9.268610 3.216378
v -41.330734 8.557158 3.051917
v -40.830982 8.730108 2.679307
v -40.823669 8.882360 2.660562
v -40.385338 8.461909 2.251828
v -40.039734 8.881556 2.383596
v -39.962025 9.008287 2.600906
v -39.349297 8.693009 3.100053
v -32.629852 11.196000 3.151939
v -32.568665 11.395809 3.010826
v -40.812710 8.122918 -0.753736
v -43.136875 7.457889 -1.787304
v -43.721226 7.569118 -1.599695
v -44.138531 7.527837 -1.608867
v -44.634193 7.147441 -1.791481
v -50.743568 7.647359 -1.716568
v -50.869507 7.606517 -1.842741
v -57.903538 9.689691 -1.760407
v -58.056885 9.797603 -1.978159
v -58.709408 9.720366 -1.995543
v -64.604034 18.335529 0.176665
v -59.650612 14.454234 3.615776
v -52.324394 9.443882 3.318182
v -44.131439 8.621882 3.298470
v -41.033100 8.673024 2.880268
v -40.796902 9.055446 2.499028
v -40.602180 8.906321 2.261620
v -40.381584 8.706418 2.197288
v -39.403809 9.089847 3.102994
v -40.530197 8.608097 -0.754580
v -40.667557 8.185361 -0.788037
v -40.931709 8.135562 -0.828412
v -40.758347 8.591359 -0.860758
v -40.905159 8.398680 -1.127390
v -50.599228 7.787131 -1.714657
v -50.619019 7.662499 -1.687426
v -51.114796 7.939266 -1.824595
v -57.689926 9.888994 -1.918635
v -64.360504 18.530094 0.304983
v -53.340630 10.242350 3.452668
v -52.072113 9.493995 3.416855
v -41.044186 8.977850 2.791882
v -40.528286 9.158367 2.172251
v -40.393188 9.028123 2.190361
v -39.826458 9.404417 2.999444
v -33.184555 11.723036 3.159228
v -31.105947 12.856861 2.108777
v -40.418594 8.970157 -0.765083
v -40.660995 8.406814 -0.769563
v -40.862820 8.727376 -1.170325
v -50.908382 7.920706 -1.697578
v -57.701992 9.824529 -1.803871
v -57.925568 10.011748 -1.997787
v -62.267448 13.670932 -1.833315
v -59.014038 14.643217 3.636303
v -40.752167 9.271608 2.245520
v -40.420296 9.218558 2.239973
v -39.456856 9.259947 3.111314
v -32.102016 11.352319 -1.278276
v -32.385853 11.470413 -1.343641
v -40.678013 9.176437 -0.748211
v -40.794823 8.913665 -1.018581
v -41.041813 8.705641 -1.357042
v -41.808029 8.366606 -1.758819
v -44.602581 8.440683 -1.813789
v -50.351059 8.017168 -1.879423
v -50.575241 8.017715 -1.866761
v -57.312016 9.903074 -1.774034
v -57.167175 10.295787 -2.004400
v -59.030510 14.749786 3.591668
v -39.794029 9.843702 3.147888
v -34.058167 12.535145 3.170377
v -32.032974 13.489036 2.182581
v -40.739044 8.968048 -0.830653
v -41.837227 8.586218 -1.749618
v -50.904491 8.788666 -1.907915
v -51.086674 8.542338 -1.830591
v -54.794029 10.058429 -1.754866
v -56.721241 9.974706 -1.759394
v -56.999958 10.102069 -1.980129
v -61.541168 14.237974 -1.816757
v -58.639484 14.863078 3.635894
v -33.480030 12.105647 -1.658822
v -39.451847 8.955054 -1.580075
v -40.915310 9.431881 -0.748431
v -41.286663 8.627109 -1.526091
v -60.654171 14.310217 -1.881272
v -61.043907 14.247224 -1.822280
v -62.772400 19.129114 1.199472
v -44.422333 10.862503 3.357537
v -40.498947 10.302622 3.102660
v -34.022240 12.487395 -1.687952
v -42.773109 9.287318 -1.828304
v -52.220684 9.125021 -1.708836
v -52.445168 9.149615 -1.766110
v -52.823586 9.425894 -1.735843
v -52.577408 9.426444 -1.746832
v -53.106644 9.669512 -1.759495
v -53.352600 9.664525 -1.750814
v -55.349880 10.390546 -1.986633
v -59.995144 14.573203 -1.884575
v -60.441422 14.550155 -1.809985
v -53.337803 13.052555 3.538813
v -40.984409 10.791693 3.095307
v -34.556301 13.072564 3.171331
v -34.274414 12.914475 -1.677733
v -53.677963 9.904618 -1.777969
v -53.978966 10.025527 -1.791027
v -57.553673 15.351151 3.621097
v -53.017410 12.811404 3.525666
v -53.775787 10.194360 -1.970922
v -61.712906 19.307995 1.352347
v -53.162048 13.272064 3.462617
v -52.820282 12.976278 3.463575
v -52.614559 12.820107 3.516999
v -34.710484 13.354815 -1.680657
v -59.432667 14.842218 -1.870755
v -59.776558 14.838791 -1.817272
v -57.007156 15.639263 3.561700
v -52.890911 13.234190 3.324244
v -52.467461 13.179350 3.305952
v -41.432922 11.323538 3.163024
v -58.804852 15.110248 -1.889719
v -59.201523 15.145294 -1.820732
v -61.219025 19.726524 1.199068
v -52.084717 13.298555 3.314141
v -35.443779 14.024319 3.180647
v -35.160419 14.529552 2.820568
v -34.959610 13.940652 -1.360168
v -42.223202 11.070090 -0.861406
v -42.718468 11.188571 -0.759600
v -56.806797 16.013233 3.292054
v -51.895565 13.916157 3.322064
v -51.765560 13.285603 3.500461
v -43.443230 11.995959 2.342600
v -43.439095 12.116929 2.268796
v -35.877102 14.493457 3.176881
v -35.247204 14.200692 2.860712
v -35.147907 14.184597 2.797344
v -57.956211 15.495536 -1.882255
v -56.405609 16.321590 3.243178
v -55.973049 15.981951 3.634253
v -53.374294 14.062063 3.580101
v -52.845387 14.300147 3.376882
v -52.924591 14.101408 3.325238
v -52.198826 14.282993 3.311928
v -51.627457 13.781054 3.519606
v -43.862679 12.703367 2.376239
v -35.341042 14.397058 2.799429
v -35.805820 14.587729 -1.578753
v -35.992451 14.496338 -1.693645
v -42.662399 11.252135 -0.751695
v -43.049751 11.515022 -0.825300
v -60.330757 20.052929 1.229467
v -56.043468 16.308886 3.288811
v -53.155579 14.331518 3.593496
v -52.688393 14.351019 3.328492
v -52.532532 14.219607 3.298470
v -52.467304 14.388338 3.316810
v -52.325935 14.454076 3.409799
v -51.973415 14.285266 3.408169
v -51.424301 13.787182 3.534187
v -43.501648 12.234409 2.306308
v -36.259254 14.855053 3.174339
v -35.866547 14.632069 3.088650
v -35.916660 15.149433 -1.345587
v -36.099781 14.791396 -1.655644
v -42.920982 11.525561 -0.754276
v -43.120331 11.679265 -0.754988
v -52.676933 12.937593 -2.045323
v -58.149529 15.773273 -1.826945
v -54.976070 16.175392 3.660416
v -52.545685 14.454844 3.411470
v -52.427380 14.596003 3.511524
v -51.705250 14.424609 3.564039
v -44.221798 12.903825 2.316958
v -42.932568 11.744058 -0.827446
v -43.217484 11.733102 -0.810494
v -57.391029 15.736062 -1.867886
v -44.331318 13.160135 2.360900
v -45.660435 11.864385 -1.920836
v -57.092934 15.847844 -1.876556
v -57.557270 16.030413 -1.818780
v -52.419594 14.765239 3.589566
v -44.634842 13.245051 2.343731
v -44.833851 13.449621 2.351886
v -52.363335 13.047351 -1.969351
v -53.132557 13.758027 -1.924610
v -57.088444 15.938600 -1.811273
v -44.463562 12.817920 -1.146976
v -52.323303 12.968885 -2.003815
v -52.103241 13.318456 -1.794982
v -53.248215 13.756835 -2.043915
v -53.388275 13.993737 -2.091450
v -55.714909 16.008749 -2.182169
v -37.062542 16.027956 2.868934
v -43.718124 13.703980 -1.668492
v -51.853233 13.587865 -1.877793
v -52.720558 14.166654 -1.821211
v -52.990654 14.095794 -1.894395
v -48.201279 14.767586 3.334250
v -37.048714 16.089350 2.796933
v -37.081692 16.256573 2.812392
v -44.362045 12.955462 -0.834391
v -51.681889 13.379249 -2.037926
v -52.529247 14.376856 -1.857260
v -52.801418 14.337230 -1.920301
v -53.141495 14.089399 -2.081193
v -52.994019 14.426785 -2.098825
v -47.221066 14.992109 2.928141
v -46.544426 14.702818 2.743512
v -45.300423 14.012561 2.378673
v -45.157566 14.046569 2.362670
v -37.237865 16.217554 2.833315
v -37.580975 16.579926 2.801749
v -37.331554 16.369808 2.801672
v -44.364708 13.181380 -0.856592
v -44.574112 13.121774 -0.853514
v -45.017570 13.473603 -0.936637
v -45.211136 13.443124 -1.211591
v -52.233936 14.396144 -1.864698
v -52.465969 14.547783 -2.069705
v -52.921898 14.317161 -2.040720
v -53.985443 16.501019 -2.185117
v -47.902714 15.164260 3.076024
v -45.399590 14.237435 2.380692
v -45.424397 14.741338 2.642179
v -37.920647 16.949574 2.806816
v -44.565315 13.209678 -0.811052
v -45.481018 13.604755 -1.307611
v -47.487949 13.391315 -1.994035
v -51.856083 14.223804 -2.003057
v -51.818977 14.390484 -2.072752
v -52.049450 14.480861 -2.067472
v -52.905167 17.051991 3.639914
v -51.701225 16.826248 3.638102
v -47.775875 15.279372 2.998601
v -46.560596 14.986747 2.749085
v -46.484211 14.782153 2.690195
v -44.793491 14.768568 3.139439
v -37.749657 16.757923 -1.357699
v -54.345322 16.555714 -2.151017
v -47.990208 15.532715 3.030008
v -45.652184 14.703102 2.474441
v -44.916916 14.996047 3.091291
v -45.175724 13.980245 -0.855988
v -45.850147 13.898979 -1.360011
v -52.318832 17.206261 3.569850
v -51.898266 17.021175 3.615963
v -45.793621 14.925377 2.523299
v -45.522705 14.812559 2.587656
v -45.382099 14.953004 2.798479
v -45.270157 14.798860 2.839538
v -45.052132 14.959068 3.040250
v -38.897533 17.386864 3.041995
v -45.438084 14.027724 -0.929770
v -45.535389 13.958998 -1.044467
v -48.309273 14.434263 -1.988633
v -53.024414 16.806494 -2.179518
v -45.471561 15.162600 2.570687
v -45.160652 15.137043 2.840458
v -44.878834 14.833672 -1.561519
v -45.061367 14.802026 -1.449275
v -45.493240 14.218270 -0.885855
v -51.898232 16.931671 -2.173821
v -52.925240 16.987465 -2.172971
v -53.076363 16.966888 -2.168600
v -38.995552 17.628101 2.801083
v -39.447369 17.633232 -1.624682
v -41.089752 17.626644 -1.640606
v -44.604393 14.856350 -1.623230
v -45.101479 14.983308 -1.496416
v -45.351276 14.965472 -1.335115
v -45.394150 14.764278 -1.187883
v -50.429165 15.786086 -2.098609
v -52.024223 17.059492 -2.168918
v -52.985062 17.122257 -2.103077
v -52.080685 17.844410 3.195878
v -40.054203 17.657095 3.135895
v -38.791695 19.543190 2.060749
v -40.060402 17.772877 -1.605964
v -44.925674 15.056788 -1.558342
v -44.948139 15.103890 -1.532400
v -45.162533 15.102878 -1.389858
v -45.723457 14.843309 -1.033958
v -46.271515 14.742785 -1.062504
v -46.590652 14.769107 -1.224635
v -47.333256 14.976240 -1.460556
v -40.039455 17.770977 3.045349
v -38.887623 18.541565 -1.344309
v -39.600094 17.917095 -1.347963
v -42.066853 17.276348 -1.628725
v -45.732670 15.036812 -1.050303
v -46.063850 14.738825 -1.008226
v -46.797691 14.735791 -1.354795
v -51.021244 16.603609 -2.099927
v -44.767265 16.688210 2.584187
v -44.457603 16.432119 2.553935
v -40.017899 17.891943 2.880365
v -39.568497 17.958080 2.804744
v -39.356548 18.670076 2.862859
v -38.742188 19.566212 -0.495839
v -38.575317 19.313248 -0.753081
v -45.460686 15.094035 -1.147745
v -46.167614 14.980761 -1.075165
v -44.489830 16.655560 2.514390
v -42.471279 17.214668 3.028277
v -42.369652 17.513485 2.905076
v -38.953560 19.525669 2.176677
v -38.800972 19.545906 -0.636656
v -39.117817 18.954655 -1.162062
v -41.034958 17.977520 -1.368894
v -42.493092 17.367321 -1.528639
v -52.629246 17.916376 -1.682970
v -55.932259 21.763304 1.211409
v -44.270523 17.223061 2.553650
v -44.253113 16.930983 2.505791
v -44.009037 16.942406 2.563046
v -42.663002 17.714428 2.960816
v -42.104832 17.488064 2.893764
v -41.134510 17.835184 2.859540
v -41.078178 17.997316 2.803688
v -39.515907 19.773579 2.088227
v -40.317379 18.863411 -1.398599
v -41.951317 17.864122 -1.397594
v -41.967522 17.594305 -1.485634
v -52.403252 17.794601 -1.721565
v -44.011314 17.497082 2.534027
v -44.004990 17.212841 2.495995
v -43.773300 17.256983 2.553771
v -41.628937 17.676949 2.879353
v -41.482052 17.848028 2.827840
v -41.153301 18.269520 2.838078
v -42.234543 17.954445 -1.434907
v -55.591442 21.861570 1.256857
v -43.721619 17.567905 2.480531
v -40.570049 19.001812 -1.330779
v -42.252338 18.228321 -1.441740
v -43.567768 17.821289 2.472434
v -41.924911 18.518265 2.871118
v -44.258892 16.686890 -1.044943
v -49.658932 16.721245 -1.601366
v -55.297222 21.918720 0.174442
v -40.532619 19.880062 -0.632610
v -41.705914 18.754795 -1.344058
v -44.280602 16.926579 -0.989274
v -44.575687 16.949856 -1.060375
v -55.056362 22.113680 1.206549
v -44.348549 19.643826 3.204486
v -43.289787 18.338169 2.471013
v -42.991207 18.507984 2.467582
v -43.747391 19.780022 3.171205
v -42.529766 18.808247 2.493404
v -45.058720 17.878036 -1.585674
v -42.620232 19.262150 2.367520
v -41.924244 19.535740 2.256969
v -42.602730 18.915339 -0.945185
v -42.818665 18.859774 -0.911949
v -42.838562 19.098804 -0.937259
v -42.445271 19.726137 2.384643
v -42.313671 19.400867 2.299886
v -42.133270 19.908598 1.249310
v -42.584179 19.187180 -0.865269
v -42.208817 19.977318 2.180886
v -42.270069 19.715218 2.209509
v -42.046223 19.690731 2.162367
v -42.014046 19.881107 1.944098
v -42.063946 19.928574 1.758274
v -42.322781 19.431442 -0.801915
v -42.317356 21.248558 3.057856
v -42.110218 20.796757 2.623117
v -42.092476 19.936417 1.980732
v -42.034256 19.818542 -0.460274
v -42.048386 19.741844 -0.625984
v -42.285465 19.735445 -0.679331
v -42.488918 19.677437 -0.847650
v -42.743328 21.500523 3.288994
v -42.456009 21.449633 3.161505
v -42.163799 21.075642 2.833836
v -42.132332 21.041405 2.464229
v -42.029247 20.820345 2.346867
v -42.041836 20.339718 1.880976
v -42.101616 19.930729 -0.410997
v -42.216507 19.958719 -0.648785
v -42.503735 21.652763 3.145565
v -41.974979 20.646238 -0.468529
v -42.814625 21.947311 3.267129
v -42.606327 21.909241 2.804283
v -42.343422 21.004578 -1.470098
v -42.411808 21.251390 -1.625911
v -43.226089 22.800301 2.816763
v -42.285049 21.258028 -1.528684
v -42.456806 21.573570 -1.542740
v -42.425274 21.428343 -1.655727
v -42.721470 21.721552 -1.774773
v -43.337547 22.989510 2.736064
v -42.945999 21.844946 -1.779337
v -42.906078 22.310673 -1.348904
v -42.997860 22.169519 -1.639799
v -43.188183 22.610512 -1.409985
v -50.290478 23.977259 0.250316
v -43.304279 22.870087 -1.272303
v -43.619381 23.456396 -0.939366
v -49.606243 24.252905 0.252464
v -44.330616 24.451416 2.014823
v -49.133244 24.367277 0.177339
v -48.625568 24.675425 0.318252
v -44.324966 24.606461 1.886792
v -43.818180 23.723158 -0.846193
v -44.096878 23.940968 -0.767692
v -44.528526 24.991886 1.540405
v -44.123943 24.219469 -0.598719
v -43.898636 23.902315 -0.659144
v -44.022682 24.018324 -0.692948
v -44.763718 25.258806 1.589846
v -44.443417 24.842934 -0.080231
v -44.892189 25.552780 1.402715
v -45.212109 25.787029 1.338144
v -45.081745 25.833132 1.291407
v -45.308884 25.969810 1.190136
v -45.293137 26.008846 1.064228
v -44.668171 25.122015 -0.151510
v -44.680305 25.003771 -0.233153
v -46.736710 25.452642 0.261814
v -45.267750 26.009642 0.533224
v -45.074718 25.845045 0.294177
v -45.080547 25.789577 0.140434
v -45.320206 25.978151 0.331263
vn 0.5421 -0.1182 0.8319
vn 0.5420 -0.1183 0.8320
vn 0.5421 -0.1181 0.8320
vn -0.2853 0.0939 -0.9538
vn -0.2853 0.0938 -0.9538
vn -0.2854 0.0938 -0.9538
vn -0.9430 0.3262 0.0656
vn -0.8193 0.2369 0.5221
vn -0.6048 0.7807 0.1573
vn -0.5515 0.2386 0.7993
vn -0.6566 0.5796 0.4826
vn -0.5652 0.2995 0.7687
vn -0.6056 0.2213 -0.7644
vn -0.6054 0.2215 -0.7645
vn -0.2418 0.1787 -0.9537
vn -0.3232 -0.0290 -0.9459
vn -0.5675 0.3585 -0.7412
vn -0.6898 0.5677 -0.4493
vn -0.4464 0.8208 0.3564
vn -0.1728 0.5832 0.7938
vn -0.9260 0.0019 0.3775
vn 0.1813 0.2135 0.9600
vn 0.5073 0.3821 0.7724
vn 0.2888 0.3245 0.9007
vn -0.2794 -0.4221 0.8624
vn -0.7520 -0.6030 0.2661
vn -0.1239 -0.8580 0.4986
vn -0.7358 -0.5652 -0.3732
vn -0.3489 -0.7679 -0.5372
vn -0.3841 -0.9161 -0.1153
vn 0.0354 -0.8599 -0.5092
vn 0.0398 -0.6986 -0.7144
vn -0.1356 -0.8346 -0.5339
vn -0.7040 0.6967 -0.1375
vn 0.6755 -0.2103 -0.7067
vn 0.9996 0.0036 0.0272
vn 0.9982 0.0477 -0.0368
vn -0.0638 0.2903 -0.9548
vn -0.4326 0.8947 0.1113
vn -0.3608 0.7469 -0.5585
vn -0.3311 -0.1820 -0.9259
vn -0.2778 0.1488 -0.9490
vn -0.1512 -0.1014 -0.9833
vn -0.0405 0.7119 0.7011
vn -0.1967 0.9107 0.3633
vn -0.0797 0.7514 0.6550
vn 0.0395 0.0333 -0.9987
vn 0.1090 0.1738 -0.9787
vn 0.2285 0.5796 -0.7822
vn -0.3742 0.0491 0.9261
vn -0.4288 0.0862 0.8993
vn 0.4468 -0.1816 0.8760
vn 0.4755 -0.0046 0.8797
vn 0.4326 0.0132 0.9015
vn 0.3754 0.0458 0.9257
vn -0.3821 0.8436 0.3772
vn -0.4028 0.6089 0.6833
vn -0.4158 0.8391 0.3507
vn 0.5293 -0.5668 0.6314
vn 0.5449 -0.4168 0.7276
vn -0.4579 -0.1056 0.8827
vn 0.0555 -0.9565 0.2864
vn 0.0380 -0.9979 -0.0526
vn 0.0678 -0.9382 -0.3394
vn -0.0271 0.0100 0.9996
vn -0.0265 -0.1453 0.9890
vn 0.2528 0.6873 -0.6810
vn 0.5703 0.8215 -0.0000
vn 0.1517 0.3923 -0.9072
vn 0.7474 0.0133 0.6643
vn 0.9567 0.2131 -0.1982
vn 0.7452 -0.2949 -0.5981
vn -0.4368 0.8742 0.2123
vn -0.4780 0.8584 0.1864
vn -0.4967 0.8675 0.0271
vn -0.1526 -0.1763 -0.9724
vn -0.4361 -0.5457 -0.7155
vn -0.5452 -0.7816 -0.3030
vn 0.4674 0.6597 -0.5885
vn 0.5698 0.7202 -0.3957
vn 0.3510 0.7044 -0.6169
vn 0.2524 0.6803 -0.6881
vn 0.1710 0.2725 -0.9468
vn 0.0847 -0.6097 -0.7881
vn 0.0109 -0.0256 0.9996
vn -0.2236 0.2578 0.9400
vn -0.0718 0.0675 0.9951
vn 0.0599 -0.1877 -0.9804
vn -0.4923 0.8285 -0.2669
vn -0.2327 0.3697 -0.8995
vn -0.4443 0.1145 0.8885
vn -0.7789 0.2428 0.5782
vn -0.6682 0.5097 0.5420
vn 0.6002 -0.7082 -0.3718
vn 0.4188 -0.5868 -0.6930
vn 0.1041 -0.8370 -0.5372
vn 0.4638 0.4445 -0.7663
vn 0.8256 0.2079 -0.5246
vn 0.8168 0.0906 -0.5697
vn -0.5120 0.8518 0.1107
vn -0.4098 0.5883 0.6971
vn -0.4703 0.7491 0.4665
vn -0.8283 -0.5398 0.1501
vn -0.8174 -0.4158 0.3988
vn -0.8041 -0.5038 0.3156
vn -0.0239 0.3239 -0.9458
vn 0.0729 0.2489 -0.9658
vn -0.0741 0.3848 -0.9200
vn -0.0000 0.0532 0.9986
vn -0.1169 0.1524 0.9814
vn 0.3172 -0.1805 0.9310
vn -0.0403 0.7838 -0.6197
vn -0.0499 0.8942 0.4448
vn -0.0324 0.5496 -0.8348
vn 0.0233 0.1616 0.9866
vn 0.1446 0.7868 0.6000
vn 0.1585 0.7027 0.6936
vn -0.0499 -0.0571 0.9971
vn -0.1427 -0.6764 0.7226
vn -0.1520 -0.5383 0.8289
vn -0.2450 0.6036 -0.7587
vn -0.2296 0.6002 -0.7662
vn -0.0609 0.2080 -0.9762
vn -0.0747 -0.2259 0.9713
vn 0.0232 -0.0807 0.9965
vn -0.0312 -0.0718 0.9969
vn -0.0508 0.5312 -0.8457
vn -0.0812 0.9899 0.1158
vn -0.0612 0.9733 -0.2210
vn -0.0000 0.0810 -0.9967
vn 0.0027 0.0086 -1.0000
vn 0.1055 0.1106 -0.9882
vn -0.0916 -0.2299 0.9689
vn -0.5305 -0.4461 0.7208
vn -0.6628 -0.2278 0.7134
vn 0.6425 -0.6643 -0.3819
vn 0.6707 -0.7403 -0.0462
vn 0.6820 -0.7292 -0.0562
vn 0.5859 -0.2824 -0.7596
vn 0.5389 -0.2296 -0.8105
vn 0.2404 -0.1393 -0.9606
vn -0.8847 0.4525 -0.1118
vn -0.7225 -0.6498 0.2360
vn -0.4417 -0.7658 0.4674
vn -0.6133 -0.7729 0.1626
vn 0.0044 0.0375 0.9993
vn -0.0057 0.4942 0.8694
vn -0.0094 0.5653 0.8248
vn -0.0326 0.4824 0.8754
vn -0.0298 0.4956 0.8680
vn -0.0392 0.5529 0.8323
vn 0.2876 -0.0586 -0.9560
vn 0.5552 -0.2034 -0.8065
vn 0.4707 -0.2216 -0.8540
vn 0.0091 -0.3907 0.9205
vn 0.1001 -0.6542 0.7496
vn 0.0694 -0.6543 0.7530
vn -0.4225 0.6723 0.6079
vn -0.3965 0.6365 0.6616
vn -0.2471 0.4081 0.8789
vn -0.1036 0.1971 -0.9749
vn -0.0038 0.0297 -0.9996
vn -0.1799 0.3901 -0.9030
vn 0.7910 0.4628 0.4001
vn 0.8683 0.3294 0.3709
vn 0.8791 -0.0994 0.4661
vn 0.2250 0.1499 -0.9628
vn 0.5881 0.0473 -0.8074
vn 0.3756 0.3258 -0.8676
vn 0.3331 -0.1641 -0.9285
vn 0.3476 -0.1805 -0.9201
vn 0.2526 -0.0148 -0.9675
vn -0.4316 -0.4393 0.7879
vn -0.0266 -0.0697 0.9972
vn -0.2464 -0.2315 0.9411
vn 0.8552 0.4332 0.2845
vn 0.4535 0.8731 -0.1788
vn 0.4274 0.8390 0.3367
vn -0.0340 0.5204 -0.8533
vn -0.0471 0.9447 -0.3246
vn -0.0312 0.4728 -0.8806
vn 0.0160 0.0594 0.9981
vn -0.0719 -0.4324 0.8988
vn -0.0326 0.4468 0.8941
vn -0.0407 0.6338 0.7724
vn -0.0414 0.7057 0.7073
vn 0.8773 0.4644 0.1210
vn 0.7297 0.5992 -0.3294
vn 0.8922 0.4436 -0.0853
vn 0.0731 -0.9888 0.1302
vn 0.0681 -0.5758 0.8148
vn 0.0240 -0.5092 0.8603
vn -0.0895 0.9141 -0.3956
vn -0.0589 0.9271 -0.3701
vn -0.1961 0.9479 0.2511
vn -0.0811 0.9290 0.3610
vn -0.0463 0.8117 0.5822
vn -0.0570 0.9729 0.2240
vn -0.0161 0.4786 0.8779
vn -0.0118 0.1412 0.9899
vn -0.0455 0.7424 0.6685
vn -0.0134 0.1156 -0.9932
vn -0.0423 0.7169 -0.6959
vn -0.0099 0.3898 -0.9208
vn -0.0449 0.5484 0.8350
vn -0.0371 0.4333 0.9005
vn -0.0843 0.3209 0.9434
vn -0.0038 -0.0135 0.9999
vn -0.0023 -0.0225 0.9997
vn -0.0006 0.4746 -0.8802
vn -0.0360 0.5933 -0.8042
vn -0.0233 0.4616 -0.8868
vn -0.2133 0.1583 0.9641
vn -0.2555 0.1028 0.9613
vn -0.3008 0.0408 0.9528
vn -0.0052 -0.0498 -0.9987
vn -0.0922 0.9950 0.0397
vn 0.0586 -0.2006 0.9779
vn -0.0959 -0.0679 0.9931
vn -0.0339 0.0083 0.9994
vn 0.0543 0.4405 -0.8961
vn 0.1242 0.8201 -0.5586
vn 0.2808 0.9138 -0.2934
vn -0.0307 0.4832 -0.8750
vn -0.0551 0.8608 -0.5060
vn -0.1430 0.9739 -0.1760
vn 0.5305 -0.7188 0.4493
vn 0.5335 -0.8081 0.2500
vn 0.5941 -0.6419 0.4848
vn -0.1662 0.3590 0.9184
vn -0.2118 0.4756 0.8538
vn -0.1575 0.3614 0.9190
vn 0.0685 0.9225 -0.3798
vn -0.0154 0.5289 -0.8485
vn 0.1632 0.3003 -0.9398
vn -0.5954 -0.7061 -0.3832
vn -0.5874 -0.8039 -0.0935
vn -0.1049 -0.7802 -0.6166
vn -0.0621 0.9209 0.3847
vn -0.0677 0.7695 0.6350
vn -0.0728 0.9710 -0.2279
vn -0.6705 -0.4251 0.6081
vn -0.9404 -0.2609 0.2181
vn 0.6636 -0.0722 -0.7446
vn 0.8453 -0.2415 -0.4765
vn 0.6377 -0.0515 -0.7686
vn 0.1300 0.4248 -0.8959
vn 0.0279 -0.3449 -0.9382
vn -0.0521 -0.5773 -0.8148
vn -0.2538 -0.3595 -0.8980
vn -0.0889 -0.3653 -0.9266
vn -0.5181 -0.5269 -0.6738
vn -0.2249 -0.2974 -0.9279
vn 0.0185 -0.2566 -0.9664
vn 0.1591 -0.1136 -0.9807
vn 0.1691 -0.5223 -0.8359
vn 0.1700 -0.5224 -0.8356
vn 0.1699 -0.5227 -0.8354
vn 0.4532 0.7380 -0.4999
vn 0.6820 0.6818 -0.2645
vn 0.4045 0.4421 -0.8006
vn -0.0622 0.8696 -0.4899
vn -0.0292 0.7850 0.6188
vn -0.0423 0.9296 -0.3661
vn -0.0364 0.6311 -0.7749
vn -0.0843 0.6579 0.7484
vn 0.1188 -0.2684 0.9559
vn -0.0077 0.0502 0.9987
vn 0.6398 0.0100 -0.7685
vn 0.6009 -0.0022 -0.7994
vn 0.9949 0.0591 -0.0812
vn 0.4578 -0.8816 -0.1154
vn 0.0275 -0.9977 -0.0616
vn -0.2795 0.2829 -0.9175
vn -0.6019 0.6288 -0.4922
vn -0.6730 0.7350 0.0828
vn -0.1048 -0.7512 0.6517
vn -0.2456 -0.5100 0.8244
vn -0.1724 -0.5230 0.8347
vn -0.0214 0.0090 0.9997
vn -0.1505 -0.2735 0.9500
vn 0.0951 0.0702 0.9930
vn 0.7834 0.4052 0.4713
vn 0.8664 -0.0692 0.4945
vn 0.3759 0.0514 0.9252
vn -0.4554 0.5415 0.7067
vn -0.4443 0.5748 0.6871
vn 0.7471 0.0787 0.6601
vn 0.2070 0.1846 0.9608
vn 0.9865 0.0012 0.1636
vn -0.2885 -0.6463 -0.7065
vn -0.4259 -0.5527 -0.7164
vn -0.3170 -0.4296 -0.8456
vn -0.7359 0.5654 0.3725
vn -0.1707 0.3499 0.9211
vn -0.1412 0.2832 0.9486
vn 0.9913 -0.0920 0.0943
vn 0.9932 -0.0017 0.1166
vn 0.9492 0.2543 -0.1851
vn -0.1290 0.7180 -0.6840
vn -0.0727 0.8797 -0.4700
vn -0.4664 0.7202 -0.5136
vn 0.7983 -0.6022 -0.0130
vn 0.9489 -0.3119 0.0478
vn 0.6992 -0.6755 -0.2342
vn 0.0740 0.1168 0.9904
vn 0.0356 0.0385 0.9986
vn 0.0444 -0.1209 0.9917
vn -0.0528 0.9431 -0.3284
vn -0.0705 0.9953 -0.0657
vn -0.0385 0.7310 0.6813
vn 0.5414 0.2728 0.7953
vn 0.1742 0.0466 0.9836
vn 0.0330 0.0311 0.9990
vn -0.0316 0.5477 0.8361
vn -0.0699 0.9244 0.3751
vn -0.0470 0.5665 0.8227
vn 0.0012 -0.3590 0.9333
vn 0.0358 -0.7427 0.6686
vn 0.0152 -0.2980 0.9544
vn 0.2012 0.0964 0.9748
vn 0.8726 -0.4153 0.2573
vn 0.2404 -0.1734 0.9551
vn -0.0010 0.1221 0.9925
vn -0.5276 0.1288 0.8397
vn -0.1645 0.0236 0.9861
vn -0.2339 0.0088 0.9722
vn 0.5280 0.0981 0.8435
vn -0.4545 -0.4450 -0.7716
vn -0.4543 -0.4450 -0.7718
vn -0.4545 -0.4448 -0.7718
vn -0.5115 -0.0503 -0.8578
vn -0.0147 -0.0357 -0.9993
vn -0.4796 -0.0459 -0.8763
vn 0.1484 -0.6063 0.7813
vn 0.2334 -0.7741 0.5885
vn 0.0708 -0.1795 0.9812
vn 0.3561 -0.2041 -0.9119
vn 0.3174 -0.2367 -0.9183
vn 0.1750 0.1681 0.9701
vn -0.0557 -0.0724 0.9958
vn 0.0645 0.0541 0.9965
vn 0.9522 -0.1812 -0.2460
vn 0.9875 -0.1349 0.0819
vn -0.5997 -0.2043 0.7737
vn -0.5508 -0.3243 0.7691
vn 0.2038 0.8063 0.5553
vn 0.2753 0.4615 0.8433
vn 0.4368 0.4067 0.8023
vn -0.3149 0.0375 0.9484
vn -0.1530 0.3109 0.9380
vn -0.0143 0.1188 0.9928
vn -0.0039 0.1565 0.9877
vn -0.0458 0.7670 0.6400
vn 0.1356 0.4290 -0.8930
vn 0.6062 0.0873 -0.7905
vn -0.1300 0.5218 -0.8431
vn -0.0404 -0.1323 -0.9904
vn -0.1372 0.2366 -0.9619
vn 0.2891 0.6008 0.7453
vn 0.4345 0.6220 0.6514
vn 0.6571 0.6653 0.3543
vn 0.7326 0.6804 -0.0171
vn 0.8730 0.4309 -0.2286
vn -0.2673 0.4308 -0.8620
vn -0.4456 0.0892 -0.8908
vn -0.3615 -0.5592 0.7460
vn -0.1348 -0.2028 0.9699
vn 0.0064 -0.5781 0.8159
vn 0.3589 0.1077 -0.9271
vn -0.1744 0.5254 -0.8328
vn -0.3749 0.1390 -0.9166
vn -0.5553 0.7234 0.4102
vn -0.1910 -0.0817 0.9782
vn -0.4680 0.5234 0.7120
vn 0.2614 0.1842 0.9475
vn 0.0767 0.3476 -0.9345
vn -0.0084 0.5938 -0.8045
vn -0.0004 0.0468 -0.9989
vn 0.0097 0.2395 -0.9708
vn -0.2776 -0.7429 0.6092
vn -0.7369 -0.1920 0.6481
vn -0.1787 -0.8513 0.4933
vn -0.0709 -0.6039 -0.7939
vn -0.2812 -0.5373 0.7951
vn -0.0579 -0.5036 0.8620
vn -0.4854 -0.6385 0.5972
vn -0.4243 0.2613 0.8670
vn 0.1664 0.6431 0.7475
vn 0.0334 0.4260 0.9041
vn -0.0033 0.3674 0.9301
vn 0.1602 0.0679 -0.9847
vn 0.4025 0.3053 -0.8630
vn 0.4025 0.3054 -0.8630
vn 0.4029 0.3050 -0.8629
vn 0.7729 0.2625 -0.5776
vn 0.2938 0.1301 -0.9470
vn 0.5372 0.6644 -0.5195
vn -0.0093 0.9891 -0.1467
vn 0.2058 0.9597 0.1916
vn -0.4997 -0.7891 -0.3572
vn -0.1551 -0.2302 -0.9607
vn -0.0894 -0.3018 -0.9492
vn -0.0565 0.8707 -0.4886
vn 0.8656 0.4795 -0.1446
vn 0.7793 0.6152 -0.1191
vn 0.6713 -0.4528 0.5868
vn 0.0506 -0.1905 0.9804
vn 0.1396 -0.1324 0.9813
vn -0.0358 0.7451 0.6660
vn -0.0367 0.6976 0.7155
vn 0.3344 -0.1531 -0.9299
vn 0.5690 -0.0136 -0.8222
vn 0.2241 0.2212 0.9491
vn 0.0977 0.1480 0.9842
vn -0.2838 -0.1514 0.9469
vn 0.3183 0.0055 0.9480
vn 0.4164 -0.1780 0.8916
vn -0.5152 0.1302 -0.8471
vn -0.8415 -0.0980 -0.5312
vn -0.5435 -0.1973 -0.8159
vn 0.0956 0.8465 -0.5238
vn 0.0212 0.5671 -0.8234
vn -0.0374 0.7432 -0.6680
vn -0.0377 0.9344 0.3542
vn -0.0543 0.9479 -0.3139
vn -0.0833 0.8187 0.5682
vn 0.7888 -0.1028 -0.6060
vn 0.9606 -0.0462 -0.2740
vn 0.3676 -0.2919 -0.8830
vn 0.5610 -0.4391 -0.7018
vn 0.6151 -0.0439 -0.7872
vn -0.0092 -0.7303 -0.6831
vn 0.0279 -0.4704 -0.8820
vn 0.0062 -0.8173 -0.5762
vn 0.2915 0.5186 -0.8038
vn 0.1427 0.5127 -0.8466
vn 0.7043 0.5518 -0.4466
vn -0.2873 -0.2898 0.9129
vn -0.2375 -0.2591 0.9362
vn -0.1151 -0.2154 0.9697
vn 0.3418 -0.6501 0.6786
vn 0.3422 -0.6504 0.6782
vn 0.3419 -0.6502 0.6785
vn 0.0473 -0.9338 0.3547
vn 0.0307 -0.9578 0.2857
vn 0.0473 -0.9337 0.3549
vn -0.0361 0.5739 -0.8182
vn -0.0507 0.6823 -0.7293
vn -0.1380 0.6459 -0.7509
vn 0.3522 0.2385 -0.9050
vn 0.0799 0.0083 -0.9968
vn -0.2157 0.4530 -0.8650
vn -0.4298 0.8903 -0.1507
vn -0.2314 0.9703 0.0709
vn -0.4398 0.7943 0.4192
vn -0.4994 0.7062 0.5019
vn -0.6362 -0.4714 -0.6108
vn -0.5416 -0.2647 -0.7979
vn -0.5286 -0.8462 0.0675
vn -0.3609 -0.8903 -0.2778
vn -0.7434 -0.6162 0.2601
vn 0.9181 0.3914 0.0622
vn 0.7965 0.5733 -0.1923
vn 0.8114 0.5726 0.1173
vn -0.2930 -0.9560 -0.0113
vn -0.0733 -0.9965 0.0395
vn -0.6754 -0.6779 0.2903
vn -0.3813 -0.7269 0.5711
vn -0.0691 -0.9958 -0.0595
vn -0.8656 -0.5008 0.0053
vn -0.9518 -0.1870 0.2431
vn -0.4967 -0.5942 0.6327
vn -0.3557 -0.8374 0.4150
vn 0.4355 0.0518 0.8987
vn 0.5964 0.0648 0.8000
vn 0.6857 0.1615 0.7098
vn -0.3664 -0.4313 -0.8245
vn -0.0164 -0.4615 -0.8870
vn 0.0388 -0.7756 -0.6300
vn 0.0488 -0.9759 -0.2128
vn 0.0454 -0.8494 -0.5258
vn -0.8178 -0.5513 -0.1650
vn -0.8704 -0.1861 -0.4559
vn -0.3629 0.6247 0.6915
vn -0.4957 0.8636 0.0919
vn -0.4285 0.7536 0.4986
vn 0.2535 0.0507 -0.9660
vn 0.3441 -0.8790 0.3301
vn 0.4360 -0.8921 0.1190
vn 0.4287 -0.8930 0.1369
vn 0.0757 0.2789 0.9573
vn -0.0743 -0.0466 0.9961
vn 0.0904 0.0498 0.9947
vn -0.0801 0.1207 0.9895
vn -0.0740 -0.0311 0.9968
vn 0.0248 0.9839 0.1770
vn 0.0665 0.8887 -0.4537
vn 0.3161 0.9217 0.2248
vn 0.1067 -0.3157 0.9428
vn 0.8409 -0.4708 0.2669
vn -0.3675 -0.0876 0.9259
vn -0.1545 -0.3292 0.9315
vn -0.0268 -0.0582 0.9979
vn 0.0097 0.2917 0.9565
vn 0.0176 0.4571 0.8892
vn -0.0158 0.7846 0.6198
vn -0.0598 0.9783 0.1983
vn -0.0386 0.6910 -0.7218
vn -0.0565 0.9885 0.1400
vn 0.2153 -0.4033 0.8894
vn 0.4797 -0.5604 -0.6752
vn 0.6204 -0.7543 -0.2147
vn 0.2148 -0.7091 -0.6716
vn 0.0073 0.0112 -0.9999
vn 0.0566 -0.9213 -0.3846
vn 0.0241 -0.5405 -0.8410
vn -0.9688 0.1904 0.1585
vn -0.9534 -0.0138 0.3013
vn -0.0557 0.1355 0.9892
vn -0.2710 0.7422 0.6130
vn -0.3180 0.4246 0.8477
vn -0.0068 -0.9084 0.4180
vn 0.0497 -0.2235 0.9734
vn 0.0514 -0.9187 0.3915
vn -0.9178 0.0809 -0.3886
vn -0.6042 -0.0934 -0.7913
vn -0.4756 -0.0657 -0.8772
vn -0.2424 0.6880 -0.6840
vn 0.2701 0.7845 0.5582
vn 0.3405 0.9101 0.2361
vn 0.0671 0.6165 0.7845
vn 0.4215 0.3277 -0.8456
vn 0.4216 0.3275 -0.8456
vn 0.9175 -0.3307 0.2209
vn 0.4724 -0.1260 0.8723
vn -0.3165 0.2564 0.9133
vn -0.2735 0.1647 0.9477
vn -0.1420 0.1526 0.9780
vn -0.7365 -0.1325 -0.6633
vn 0.2891 -0.1063 -0.9514
vn -0.0653 0.7767 -0.6265
vn -0.0930 0.9248 -0.3689
vn -0.0529 0.7225 -0.6894
vn -0.1493 0.8283 -0.5401
vn -0.1821 0.7438 -0.6431
vn -0.3983 0.8573 -0.3260
vn 0.9795 0.1618 -0.1201
vn 0.8965 0.4196 -0.1424
vn 0.8798 0.2839 -0.3813
vn 0.1232 0.1098 -0.9863
vn 0.5020 0.3442 -0.7934
vn 0.2397 0.2125 -0.9473
vn 0.0013 0.0696 0.9976
vn 0.0002 0.0043 1.0000
vn 0.0037 0.0624 0.9980
vn 0.0398 -0.9765 0.2118
vn 0.0134 -0.6018 0.7985
vn 0.1301 -0.4164 0.8998
vn 0.6129 0.7889 -0.0438
vn 0.2777 0.4944 -0.8236
vn 0.2226 -0.8604 0.4583
vn 0.6644 -0.6941 0.2771
vn 0.3381 -0.5307 0.7772
vn 0.0941 -0.3892 0.9164
vn 0.0146 -0.1895 0.9818
vn 0.0440 -0.3041 0.9516
vn 0.7075 0.6718 0.2192
vn 0.7394 0.4597 -0.4919
vn 0.7968 0.5042 -0.3330
vn 0.9229 0.0133 -0.3848
vn 0.9892 0.1159 -0.0900
vn -0.1480 -0.9835 0.1037
vn -0.4733 -0.8684 0.1478
vn -0.9927 -0.0902 0.0794
vn -0.4646 0.1742 0.8682
vn -0.4202 0.5875 0.6915
vn -0.1408 0.1559 0.9777
vn 0.0400 0.5856 0.8096
vn 0.4622 -0.2025 -0.8633
vn 0.6435 -0.1828 -0.7433
vn 0.4743 -0.3168 -0.8214
vn -0.0809 0.0993 0.9918
vn -0.1542 0.2575 0.9539
vn -0.3258 0.4066 0.8536
vn 0.0059 -0.6476 0.7620
vn 0.0237 -0.1739 -0.9845
vn 0.0044 -0.0528 -0.9986
vn 0.3046 -0.4695 -0.8287
vn 0.3914 0.1729 0.9038
vn -0.6955 -0.5018 0.5143
vn 0.0402 -0.9579 -0.2842
vn 0.0411 -0.9283 -0.3696
vn 0.2683 -0.5148 -0.8143
vn 0.1634 -0.7559 -0.6340
vn 0.1634 -0.7416 -0.6507
vn -0.8838 -0.3716 0.2843
vn -0.0423 -0.2453 0.9685
vn -0.0212 0.8477 -0.5301
vn -0.0243 0.8767 -0.4805
vn 0.0225 0.2305 0.9728
vn 0.6282 -0.7153 -0.3063
vn 0.3686 -0.9218 -0.1204
vn 0.0472 -0.9700 -0.2383
vn 0.4256 0.2030 0.8819
vn -0.1452 0.5763 0.8042
vn -0.0668 -0.0593 0.9960
vn -0.0733 0.4054 0.9112
vn 0.5704 0.1735 0.8029
vn 0.5577 0.4639 -0.6883
vn 0.2971 0.2746 -0.9145
vn 0.8450 0.2202 -0.4873
vn 0.4067 -0.0663 0.9111
vn -0.3824 0.8621 -0.3326
vn -0.2079 0.5008 -0.8403
vn -0.5239 0.7199 -0.4553
vn -0.2908 -0.3150 0.9034
vn -0.2760 -0.3630 0.8900
vn -0.8175 -0.1939 0.5424
vn 0.4358 -0.1268 0.8911
vn -0.1937 -0.7288 0.6568
vn -0.1346 -0.4547 0.8804
vn -0.1838 -0.3801 0.9065
vn -0.0720 -0.0376 0.9967
vn -0.5117 -0.0548 0.8574
vn -0.4719 -0.1920 -0.8605
vn -0.4753 -0.7998 -0.3667
vn -0.5396 -0.4058 -0.7377
vn -0.2327 -0.3774 0.8963
vn -0.0155 -0.2520 0.9676
vn -0.3350 -0.2423 0.9106
vn -0.0223 0.4810 -0.8764
vn -0.0520 0.4904 -0.8700
vn 0.1020 0.8251 -0.5557
vn 0.2516 0.0370 0.9671
vn 0.2355 -0.0524 0.9705
vn 0.3088 0.1503 0.9392
vn -0.1867 0.6985 -0.6908
vn -0.0200 0.3149 -0.9489
vn -0.1941 0.7328 -0.6522
vn 0.5581 0.4095 0.7217
vn 0.3309 0.9398 0.0854
vn 0.1549 0.8504 0.5029
vn -0.3467 -0.3865 0.8546
vn -0.3466 -0.3861 0.8549
vn -0.1027 -0.8840 0.4560
vn -0.0707 -0.6346 0.7696
vn -0.1017 -0.6740 0.7317
vn -0.1788 0.8962 -0.4061
vn 0.0481 0.4899 -0.8705
vn 0.5559 0.8184 -0.1455
vn 0.7795 0.5543 -0.2916
vn 0.5001 0.8490 0.1704
vn 0.3297 0.9440 -0.0099
vn 0.5103 0.5553 0.6567
vn 0.6011 0.4405 0.6668
vn -0.6342 -0.6642 -0.3958
vn 0.0486 -0.9915 -0.1204
vn -0.3974 -0.8720 0.2857
vn -0.1805 -0.4895 0.8531
vn -0.1853 -0.4357 0.8808
vn -0.2100 0.0907 0.9735
vn -0.0834 -0.1314 0.9878
vn -0.1748 -0.6529 0.7370
vn -0.6474 0.2519 0.7193
vn -0.2515 0.1769 -0.9516
vn 0.0146 0.3756 -0.9267
vn -0.1039 -0.2901 -0.9513
vn -0.0118 -0.2375 -0.9713
vn -0.1896 -0.1397 -0.9719
vn -0.7479 -0.4333 -0.5029
vn -0.1313 0.6338 0.7623
vn 0.0860 0.4190 0.9039
vn -0.0668 0.5899 0.8047
vn -0.0707 0.9740 0.2154
vn -0.0589 0.2864 0.9563
vn -0.1384 -0.8016 0.5817
vn -0.0089 -0.7776 0.6288
vn -0.0249 -0.4270 0.9039
vn -0.0240 0.1042 0.9943
vn -0.1579 0.2643 0.9514
vn -0.0362 0.1923 0.9807
vn -0.1595 0.0305 -0.9867
vn 0.0745 -0.2614 -0.9623
vn 0.6397 -0.6750 -0.3677
vn -0.3801 0.2286 0.8963
vn -0.0345 -0.9697 0.2417
vn -0.8666 -0.4894 0.0977
vn -0.7330 -0.5966 0.3266
vn -0.8215 -0.5695 0.0279
vn 0.0364 -0.7467 0.6641
vn 0.0478 -0.9393 0.3397
vn 0.0392 -0.7281 0.6844
vn 0.2922 0.4735 0.8309
vn 0.3406 0.4773 0.8100
vn 0.2466 0.3078 0.9190
vn -0.3230 -0.7498 -0.5775
vn -0.5530 -0.4889 -0.6747
vn -0.1704 -0.3784 -0.9098
vn 0.0072 -0.7462 0.6656
vn 0.0073 -0.7464 0.6655
vn -0.8605 -0.0501 0.5070
vn 0.2559 -0.2410 0.9362
vn 0.2561 -0.2409 0.9362
vn 0.1154 -0.0018 -0.9933
vn 0.3621 -0.0244 -0.9318
vn 0.1745 0.0056 -0.9846
vn -0.2035 -0.0077 0.9790
vn -0.2033 -0.0081 0.9791
vn -0.7275 -0.4759 -0.4943
vn -0.3480 -0.3001 -0.8881
vn -0.4682 0.1258 0.8746
vn 0.1494 -0.7399 0.6560
vn -0.1464 -0.6353 -0.7582
vn -0.1076 -0.5412 -0.8340
vn -0.0584 0.1242 -0.9905
vn 0.8643 -0.4665 -0.1881
vn -0.4970 0.8135 -0.3020
vn -0.0977 0.1810 -0.9786
vn -0.2415 0.3674 -0.8982
vn -0.2337 0.0578 -0.9706
vn -0.4297 0.1945 -0.8818
vn -0.4735 -0.0698 -0.8781
vn -0.4690 0.8780 0.0957
vn -0.3725 0.7424 0.5568
vn -0.4688 0.2400 -0.8501
vn -0.0331 -0.4175 -0.9081
vn -0.5721 0.1577 -0.8049
vn -0.5986 0.0503 -0.7994
vn -0.5987 0.0506 -0.7994
vn -0.5986 0.0507 -0.7994
vn -0.5910 -0.7572 -0.2781
vn -0.1184 -0.6299 -0.7676
vn -0.5623 -0.2786 -0.7786
vn -0.3512 -0.3459 -0.8701
vn -0.2681 -0.5740 -0.7737
vn -0.0115 0.5239 0.8517
vn -0.0509 -0.2145 0.9754
vn -0.4034 -0.4013 0.8223
vn -0.2642 -0.3433 0.9013
vn -0.4829 -0.3521 0.8018
vn -0.4892 -0.4541 -0.7446
vn -0.0762 0.4813 0.8732
vn -0.2779 0.7448 0.6067
vn -0.0660 0.6869 0.7237
vn -0.1271 0.9428 -0.3082
vn -0.0190 0.9192 0.3934
vn -0.6714 -0.3729 0.6405
vn 0.3458 0.8227 0.4512
vn 0.3301 0.8699 0.3664
vn 0.2407 0.7171 -0.6541
vn 0.0206 -0.6019 -0.7983
vn 0.0234 -0.5990 -0.8004
vn -0.0548 -0.8564 -0.5134
vn -0.4631 -0.0449 -0.8852
vn -0.3225 0.6492 0.6888
vn 0.0118 0.5045 0.8633
vn -0.3542 0.6692 0.6532
vn 0.0036 -0.6881 0.7257
vn 0.0118 -0.0295 0.9995
vn 0.1929 -0.3368 0.9216
vn 0.0800 -0.1846 0.9796
vn 0.3394 -0.5858 0.7360
vn 0.3513 -0.7070 0.6138
vn 0.0824 -0.4009 0.9124
vn 0.0757 -0.0902 -0.9930
vn -0.0952 0.7294 -0.6774
vn 0.1502 0.2091 -0.9663
vn -0.1716 -0.7520 -0.6364
vn 0.3214 0.0680 -0.9445
vn 0.1360 -0.0563 -0.9891
vn 0.5797 -0.2668 -0.7700
vn 0.3775 -0.2157 0.9005
vn 0.3776 -0.2154 0.9006
vn 0.3775 -0.2154 0.9006
vn -0.1141 0.1471 -0.9825
vn -0.2773 0.3077 -0.9102
vn -0.1511 0.3196 -0.9354
vn -0.4316 -0.7738 -0.4635
vn -0.3827 -0.8723 -0.3044
vn -0.2814 -0.9500 -0.1351
vn -0.3647 -0.7559 -0.5437
vn -0.7018 -0.4904 -0.5167
vn 0.0266 0.1481 -0.9886
vn 0.0325 0.1962 -0.9800
vn 0.0259 0.0384 -0.9989
vn 0.0159 0.7209 -0.6929
vn -0.0078 0.7318 -0.6815
vn -0.0394 0.5520 -0.8329
vn -0.0898 0.6249 -0.7755
vn 0.4017 -0.0272 0.9154
vn 0.9144 0.0746 0.3980
vn 0.7468 0.0311 0.6643
vn -0.0567 0.3787 0.9238
vn 0.0341 0.9731 -0.2277
vn 0.3358 0.9331 -0.1286
vn -0.2090 0.7990 -0.5639
vn 0.3354 -0.2641 -0.9043
vn 0.2389 -0.2031 -0.9496
vn 0.3703 -0.4004 -0.8382
vn 0.1820 -0.3835 0.9054
vn 0.4554 -0.5393 0.7083
vn 0.3373 -0.3880 0.8577
vn -0.0486 -0.0225 0.9986
vn -0.0265 0.3118 0.9498
vn -0.0263 0.3121 0.9497
vn 0.1783 -0.7448 0.6430
vn 0.2902 -0.8992 -0.3275
vn 0.2198 -0.6891 -0.6906
vn -0.1850 0.0841 0.9791
vn -0.0542 0.0079 0.9985
vn -0.3964 0.2729 0.8766
vn -0.6760 0.0892 0.7314
vn -0.2861 -0.1256 0.9499
vn -0.6543 -0.4321 0.6206
vn -0.2574 -0.3609 -0.8964
vn -0.5067 -0.1762 -0.8439
vn 0.0333 -0.7436 -0.6678
vn 0.0449 -0.8329 -0.5515
vn 0.0370 -0.7794 -0.6255
vn 0.4566 0.6500 0.6075
vn 0.0786 0.5227 0.8489
vn 0.1021 0.8825 0.4591
vn 0.1399 -0.5552 0.8199
vn 0.1398 -0.5556 0.8196
vn -0.2012 -0.2687 0.9420
vn -0.5714 -0.3319 0.7506
vn -0.1493 -0.1581 0.9761
vn 0.4193 -0.4163 0.8068
vn 0.0940 -0.4178 0.9037
vn 0.3927 -0.5026 0.7702
vn 0.0673 0.6475 -0.7591
vn -0.0224 0.5021 -0.8645
vn -0.0612 -0.9928 0.1025
vn -0.0841 -0.9949 0.0554
vn 0.3729 0.6076 -0.7013
vn 0.3010 0.1070 -0.9476
vn 0.1173 0.0364 -0.9924
vn 0.0390 -0.2256 0.9734
vn 0.0597 -0.3855 0.9208
vn 0.0444 -0.1339 0.9900
vn 0.0486 -0.8034 -0.5934
vn 0.1060 -0.8091 -0.5780
vn 0.0350 -0.4357 -0.8994
vn -0.0464 0.3130 -0.9486
vn -0.0334 0.2469 -0.9685
vn -0.0484 0.5471 -0.8356
vn -0.5396 -0.3653 -0.7586
vn -0.6746 -0.4621 -0.5756
vn -0.6226 -0.5292 -0.5764
vn -0.2527 -0.2558 0.9331
vn -0.6986 -0.6290 0.3410
vn -0.3442 0.7262 0.5951
vn -0.0764 0.7584 0.6473
vn -0.3808 0.7933 0.4750
vn -0.0749 0.7817 0.6191
vn -0.0140 0.3246 0.9457
vn 0.0162 -0.0088 0.9998
vn 0.8894 -0.2829 -0.3592
vn 0.5504 -0.5249 -0.6492
vn 0.7318 -0.5702 -0.3732
vn -0.8413 -0.4054 -0.3576
vn -0.5927 -0.4181 -0.6884
vn -0.8414 -0.3596 -0.4034
vn 0.4703 -0.5712 -0.6727
vn 0.3256 -0.4954 -0.8053
vn 0.3560 -0.0443 -0.9334
vn -0.3933 -0.4666 0.7922
vn -0.6734 -0.1095 0.7311
vn -0.0280 -0.5275 -0.8491
vn -0.0717 -0.2882 -0.9549
vn 0.0043 -0.0476 -0.9989
vn 0.1541 0.5627 -0.8122
vn 0.0096 0.5739 -0.8189
vn 0.0410 0.8159 -0.5767
vn -0.1589 0.7763 -0.6100
vn 0.1161 0.9865 0.1158
vn -0.3616 0.8890 -0.2811
vn -0.1859 -0.9229 0.3372
vn -0.2497 -0.9244 0.2884
vn 0.9620 -0.1957 -0.1905
vn 0.9765 -0.1847 -0.1110
vn 0.8550 0.1231 -0.5038
vn -0.2193 -0.5826 0.7826
vn -0.1946 -0.4694 0.8613
vn -0.2193 -0.6526 0.7253
vn -0.9170 -0.1539 0.3680
vn -0.4111 -0.3743 0.8312
vn 0.1051 -0.0048 -0.9944
vn -0.1733 0.2579 -0.9505
vn -0.4129 0.9060 0.0932
vn 0.6846 -0.2955 -0.6663
vn 0.4973 -0.2239 -0.8382
vn 0.1638 -0.1445 -0.9759
vn 0.3070 -0.1245 -0.9435
vn 0.1239 -0.0519 -0.9909
vn 0.4076 -0.1724 -0.8967
vn 0.1666 -0.6619 0.7308
vn 0.0091 -0.1854 0.9826
vn 0.1574 -0.2192 0.9629
vn 0.9213 0.2975 0.2505
vn 0.8136 0.5747 0.0878
vn 0.1632 0.7346 -0.6586
vn 0.0483 0.9947 -0.0913
vn -0.0502 0.8271 -0.5598
vn 0.0753 -0.3761 0.9235
vn 0.0004 0.0782 0.9969
vn 0.2707 -0.3057 -0.9128
vn 0.2570 -0.3151 -0.9136
vn 0.1396 -0.3904 -0.9100
vn 0.6329 0.7108 0.3070
vn 0.5937 0.7511 -0.2887
vn 0.4068 0.8403 -0.3584
vn 0.5530 -0.3898 0.7363
vn 0.0789 -0.2254 0.9711
vn 0.3945 -0.2695 0.8785
vn 0.2939 0.1043 0.9501
vn 0.3426 -0.3280 0.8804
vn 0.0210 0.9920 -0.1248
vn -0.1161 0.9850 0.1278
vn 0.3054 -0.2017 -0.9306
vn 0.3056 -0.2017 -0.9306
vn 0.2500 0.2186 -0.9432
vn 0.2500 0.2187 -0.9432
vn 0.3504 -0.4666 -0.8121
vn 0.3484 0.0255 -0.9370
vn 0.3483 0.0254 -0.9371
vn 0.3479 0.0251 -0.9372
vn -0.5203 0.2323 0.8218
vn -0.6775 -0.0426 0.7343
vn -0.7758 -0.3612 0.5173
vn 0.5494 0.8259 0.1266
vn 0.6663 0.7312 -0.1463
vn 0.3341 0.7710 0.5421
vn 0.4037 0.3297 0.8534
vn 0.6700 0.5172 0.5325
vn 0.4125 0.0625 -0.9088
vn 0.4442 0.0167 -0.8958
vn 0.6693 -0.6073 -0.4280
vn 0.8529 0.1729 -0.4926
vn 0.7047 -0.3594 -0.6118
vn 0.7068 -0.3394 -0.6207
vn -0.3716 -0.8339 0.4081
vn -0.3664 -0.9267 0.0838
vn -0.4777 -0.6503 0.5907
vn 0.3151 -0.0795 -0.9457
vn 0.1979 0.7470 -0.6347
vn 0.1981 0.7471 -0.6345
vn -0.0976 -0.0955 0.9906
vn 0.0286 -0.7252 0.6879
vn -0.0004 -0.2247 0.9744
vn -0.5711 0.1545 0.8062
vn -0.0448 0.9248 0.3779
vn -0.0487 0.9731 -0.2251
vn -0.0391 0.6215 -0.7824
vn -0.4881 0.0172 -0.8726
vn -0.7298 -0.0145 -0.6836
vn -0.2018 -0.0812 -0.9761
vn -0.8333 -0.0171 0.5525
vn -0.9832 -0.0191 0.1814
vn -0.9628 0.0662 -0.2620
vn -0.0347 0.7537 0.6563
vn -0.0327 0.8293 0.5579
vn 0.3467 -0.2269 -0.9101
vn 0.4250 -0.3837 -0.8198
vn 0.3952 -0.5856 -0.7077
vn 0.3471 -0.5040 -0.7909
vn 0.3898 -0.8598 -0.3297
vn 0.2378 0.9403 -0.2436
vn 0.2330 0.8728 -0.4289
vn 0.6665 0.7251 -0.1729
vn 0.6363 0.4074 -0.6551
vn -0.4726 0.8529 -0.2220
vn -0.2103 0.3489 -0.9132
vn -0.2149 0.4254 -0.8791
vn 0.4304 0.3497 -0.8322
vn 0.4101 0.4255 -0.8067
vn 0.3871 0.4984 -0.7757
vn -0.8940 0.1333 0.4279
vn -0.4543 -0.3150 0.8333
vn -0.6143 -0.1955 0.7645
vn -0.4390 -0.6165 0.6536
vn 0.0475 -0.8635 -0.5021
vn 0.0295 -0.5754 -0.8174
vn -0.5985 -0.7697 -0.2223
vn -0.5944 -0.6224 -0.5092
vn -0.4675 0.3439 -0.8144
vn -0.2043 0.2010 -0.9581
vn 0.3083 0.5854 -0.7499
vn 0.3085 0.5856 -0.7496
vn 0.3086 0.5850 -0.7500
vn -0.1462 -0.1577 -0.9766
vn -0.1319 -0.6404 -0.7566
vn -0.1198 -0.4039 -0.9069
vn -0.4417 -0.8670 -0.2304
vn 0.9261 0.0436 0.3749
vn 0.8915 0.0222 -0.4525
vn 0.7403 -0.4181 0.5264
vn 0.0313 0.1034 0.9941
vn -0.0945 0.9924 0.0783
vn -0.1302 -0.4394 0.8888
vn 0.0645 0.9961 -0.0594
vn 0.0925 0.9340 -0.3452
vn 0.0542 0.9649 0.2571
vn 0.7399 -0.3635 0.5661
vn 0.8052 -0.4237 0.4148
vn 0.8827 -0.2071 0.4217
vn 0.4253 -0.8699 0.2499
vn 0.5974 -0.8007 0.0455
vn 0.7593 -0.6497 -0.0368
vn 0.8263 -0.2904 -0.4825
vn -0.6989 -0.1279 0.7037
vn -0.5007 -0.2513 0.8283
vn -0.5572 -0.3528 0.7517
vn -0.0663 -0.6983 0.7128
vn -0.1623 -0.4859 0.8588
vn 0.2945 -0.9299 0.2205
vn 0.1866 0.8357 0.5165
vn 0.0523 0.9428 0.3292
vn -0.0013 0.5779 0.8161
vn -0.0926 0.1445 0.9852
vn -0.2592 0.4460 0.8566
vn -0.9836 -0.0332 -0.1772
vn -0.3451 -0.0019 -0.9386
vn -0.0088 0.9820 -0.1886
vn 0.0733 0.9307 -0.3584
vn 0.0327 0.9859 -0.1640
vn 0.0069 0.4226 -0.9063
vn 0.0293 0.9387 -0.3434
vn 0.9055 -0.4239 0.0158
vn 0.9309 -0.3545 0.0877
vn 0.9587 -0.1607 -0.2349
vn -0.3858 0.5052 0.7720
vn -0.4161 0.6852 0.5978
vn 0.6804 0.0545 -0.7308
vn -0.6714 0.3003 0.6775
vn -0.6332 0.3374 0.6966
vn 0.2370 0.5103 -0.8267
vn -0.1675 -0.1897 0.9674
vn -0.0621 -0.0308 0.9976
vn 0.6104 0.7772 0.1532
vn 0.2965 0.8023 -0.5181
vn 0.4335 0.8903 -0.1396
vn 0.5081 0.8215 -0.2588
vn 0.4795 0.7015 0.5272
vn 0.0415 0.1767 0.9834
vn -0.0431 0.4612 0.8862
vn 0.3722 0.7747 -0.5112
vn 0.1707 -0.0231 -0.9851
vn 0.7542 0.3522 -0.5542
vn 0.4861 0.1987 -0.8510
vn -0.6807 0.1340 -0.7202
vn -0.1220 -0.2292 -0.9657
vn -0.3656 -0.2172 -0.9050
vn 0.1821 -0.4619 -0.8680
vn 0.3475 -0.5969 -0.7232
vn 0.9992 0.0075 0.0381
vn 0.9574 -0.1928 -0.2152
vn 0.9451 0.3141 -0.0906
vn 0.8465 -0.2368 0.4768
vn 0.8869 -0.1388 0.4407
vn 0.7808 -0.3295 0.5308
vn -0.5290 -0.2406 -0.8138
vn 0.3666 -0.7637 -0.5315
vn 0.2315 -0.8606 -0.4535
vn 0.1084 -0.7511 0.6513
vn 0.5005 -0.8237 0.2666
vn 0.5744 -0.8144 0.0826
vn 0.1659 -0.3342 0.9278
vn 0.0918 -0.2343 0.9678
vn 0.6039 0.3272 -0.7268
vn 0.7395 -0.6692 -0.0730
vn 0.2274 0.9168 -0.3284
vn 0.2898 0.3427 -0.8936
vn 0.3059 0.4341 0.8473
vn 0.0616 0.0039 0.9981
vn -0.1396 -0.0467 0.9891
vn -0.2161 -0.0194 0.9762
vn 0.0040 -0.0322 0.9995
vn 0.0008 0.4823 -0.8760
vn 0.1494 0.3590 -0.9213
vn 0.6131 -0.3253 -0.7200
vn -0.7204 0.4327 -0.5421
vn -0.5946 0.2132 -0.7753
vn -0.3972 0.3924 -0.8296
vn -0.0015 -0.5142 0.8576
vn 0.0721 -0.5228 0.8494
vn 0.5443 -0.3395 0.7672
vn 0.3137 0.1335 0.9401
vn 0.4474 0.3069 0.8400
vn 0.2736 0.1710 0.9465
vn -0.4013 -0.4301 0.8087
vn 0.2539 0.2964 0.9207
vn -0.6151 -0.6744 0.4085
vn 0.1554 0.8823 -0.4443
vn 0.2808 0.7632 -0.5819
vn 0.3302 0.0710 0.9412
vn 0.4858 -0.0478 0.8728
vn 0.0546 -0.0558 0.9969
vn 0.7483 0.2922 -0.5955
vn -0.0725 -0.0184 -0.9972
vn 0.0388 0.0098 -0.9992
vn 0.3812 -0.6085 -0.6960
vn 0.0772 -0.5342 -0.8418
vn -0.2506 0.2996 0.9206
vn -0.6264 0.7456 0.2276
vn -0.6306 0.6379 0.4421
vn 0.1102 -0.9930 -0.0427
vn -0.7341 -0.6770 -0.0532
vn -0.0609 -0.9970 -0.0484
vn 0.9578 -0.2875 -0.0050
vn 0.9232 -0.3638 -0.1235
vn 0.9162 -0.3071 -0.2575
vn 0.0398 -0.9506 0.3080
vn 0.0258 -0.7720 0.6351
vn 0.0457 -0.9781 0.2030
vn -0.7446 -0.2628 -0.6136
vn -0.8281 -0.5264 -0.1925
vn 0.5910 -0.8059 0.0351
vn 0.2054 -0.9787 0.0060
vn 0.6588 -0.7476 0.0841
vn 0.2944 0.1383 0.9456
vn 0.6374 0.5364 0.5532
vn 0.6549 0.3331 0.6784
vn -0.1695 0.4070 0.8976
vn -0.2234 0.6169 0.7546
vn -0.2790 0.6735 0.6845
vn -0.1488 -0.4305 -0.8903
vn -0.2889 -0.4232 -0.8587
vn 0.4232 -0.2881 0.8590
vn 0.0253 -0.2004 0.9794
vn 0.1350 -0.0098 0.9908
vn -0.0032 0.1234 0.9924
vn 0.0033 0.7422 0.6701
vn -0.0163 0.9975 0.0694
vn -0.2408 -0.4310 -0.8696
vn 0.0184 -0.1110 0.9937
vn 0.0256 -0.6267 0.7788
vn -0.0150 0.6849 0.7285
vn 0.0959 0.0125 -0.9953
vn 0.3484 -0.3862 -0.8541
vn 0.3488 -0.3865 -0.8538
vn 0.3492 -0.3865 -0.8536
vn 0.1122 0.8897 0.4426
vn 0.9251 -0.1542 0.3470
vn 0.2070 -0.1272 0.9700
vn 0.1491 -0.3239 -0.9343
vn -0.1184 0.2275 -0.9665
vn 0.8570 0.5001 0.1241
vn 0.9030 0.4296 -0.0025
vn 0.7730 0.6142 0.1587
vn 0.6959 0.7074 -0.1238
vn 0.9167 0.3640 0.1647
vn -0.0789 -0.3601 -0.9296
vn -0.1054 -0.3514 -0.9303
vn 0.1738 0.6356 0.7522
vn 0.0520 0.5325 0.8448
vn 0.9440 0.2863 0.1640
vn 0.6347 0.7580 0.1504
vn -0.3042 0.6073 0.7339
vn 0.1726 0.7592 0.6276
vn 0.0076 0.2855 -0.9583
vn 0.0206 0.0800 -0.9966
vn 0.0711 0.2793 -0.9576
vn -0.0414 -0.7110 -0.7019
vn 0.0104 -0.6760 -0.7368
vn -0.1517 -0.9884 0.0064
vn -0.1360 -0.9581 0.2521
vn 0.0166 0.2598 -0.9655
vn 0.1376 0.7759 -0.6156
vn 0.5528 -0.4321 0.7125
vn 0.8965 0.0169 0.4427
vn 0.9556 -0.2029 -0.2136
vn 0.4440 -0.3243 0.8353
vn 0.2341 -0.9567 0.1730
vn 0.1823 -0.6945 0.6960
vn -0.0074 0.6366 -0.7711
vn 0.0032 0.4861 -0.8739
vn 0.0397 0.5513 -0.8334
vn 0.0748 0.3116 -0.9473
vn 0.2939 0.4825 -0.8251
vn 0.4192 0.1056 0.9017
vn 0.2612 -0.7004 0.6643
vn 0.4126 -0.3242 0.8513
vn 0.9182 -0.1900 0.3476
vn -0.0392 0.5985 -0.8002
vn -0.0409 0.8199 -0.5710
vn 0.0097 -0.0862 -0.9962
vn -0.1260 -0.9069 0.4020
vn -0.6180 -0.6424 0.4532
vn -0.8240 -0.4288 0.3704
vn -0.0839 0.2927 0.9525
vn -0.1195 0.3119 0.9426
vn 0.1955 0.5488 0.8128
vn 0.3992 -0.9004 -0.1731
vn 0.1623 -0.1479 0.9756
vn 0.5736 0.7111 0.4067
vn 0.2582 0.9497 -0.1774
vn -0.1915 0.4944 0.8479
vn -0.2623 0.6804 0.6842
vn -0.3184 0.8010 0.5069
vn -0.8681 0.4852 0.1043
vn -0.5217 0.8108 0.2652
vn -0.8504 0.5087 -0.1346
vn -0.9794 0.1978 0.0418
vn 0.7188 -0.0212 -0.6949
vn 0.1055 -0.1030 -0.9891
vn 0.0562 -0.2596 -0.9641
vn 0.0663 -0.4659 -0.8823
vn -0.6756 0.1265 0.7264
vn -0.6058 0.2495 0.7555
vn 0.9985 0.0484 -0.0236
vn 0.8370 -0.0742 0.5421
vn -0.0025 0.4952 -0.8687
vn -0.0271 0.9726 -0.2308
vn -0.0720 0.0561 0.9958
vn 0.0366 0.1977 0.9796
vn 0.0079 0.0462 0.9989
vn 0.6044 -0.0770 -0.7929
vn 0.9020 -0.2263 -0.3677
vn 0.1849 0.3314 0.9252
vn 0.7588 -0.0655 0.6480
vn 0.6218 -0.2623 -0.7379
vn 0.7535 -0.2931 -0.5885
vn 0.3042 -0.2712 -0.9132
vn 0.5783 -0.2295 0.7829
vn 0.9096 -0.2839 0.3035
vn 0.7259 -0.6152 0.3077
vn 0.2014 -0.2121 -0.9563
vn 0.4577 -0.8825 0.1083
vn -0.0062 -0.4307 0.9025
vn -0.0064 -0.4310 0.9024
vn 0.6170 -0.1291 0.7763
vn 0.7677 -0.2542 0.5883
vn 0.5755 -0.1844 0.7967
vn -0.1047 -0.3487 -0.9314
vn 0.3594 -0.5141 -0.7788
vn 0.5039 -0.6411 0.5789
vn 0.4160 0.2119 0.8843
vn 0.5752 0.4157 -0.7045
vn 0.4132 0.2049 -0.8873
vn 0.2368 0.2094 -0.9487
vn 0.1433 0.5684 0.8102
vn 0.7631 0.3977 0.5094
vn 0.1573 -0.4200 -0.8938
vn 0.1575 -0.4201 -0.8937
vn 0.2485 -0.9673 0.0516
vn -0.1795 -0.9577 -0.2251
vn 0.3818 -0.9172 0.1134
vn 0.0811 0.8364 -0.5421
vn 0.1307 0.5603 -0.8179
vn 0.1933 0.7689 -0.6094
vn 0.2319 0.9558 -0.1809
vn 0.1932 0.5966 0.7789
vn 0.0651 -0.0698 -0.9954
vn 0.0118 -0.1115 0.9937
vn -0.0126 -0.0327 0.9994
vn -0.2976 -0.2674 0.9165
vn 0.4404 0.4011 0.8033
vn 0.2852 0.7840 0.5514
vn 0.3004 0.8099 0.5037
vn 0.1521 0.3922 0.9072
vn 0.3692 0.3356 -0.8667
vn 0.3800 0.3165 -0.8692
vn 0.4098 0.2616 -0.8738
vn -0.0122 0.1188 -0.9928
vn 0.1270 0.2752 -0.9530
vn 0.3877 0.0614 -0.9197
vn 0.4355 0.4855 -0.7581
vn 0.1416 -0.5899 0.7950
vn 0.5076 -0.6984 0.5046
vn 0.0253 -0.7841 0.6201
vn 0.2655 -0.5883 0.7638
vn -0.0226 0.9652 0.2606
vn 0.1544 -0.3311 -0.9309
vn 0.2137 0.9040 -0.3704
vn 0.2009 -0.6854 -0.6999
vn 0.3090 -0.9426 -0.1268
vn 0.0332 -0.6816 -0.7310
vn -0.1497 0.8186 -0.5545
vn -0.0871 0.8096 -0.5805
vn 0.1738 -0.9091 0.3786
vn 0.3084 -0.9114 0.2723
vn 0.0901 0.6623 -0.7438
vn 0.1616 0.5981 -0.7849
vn 0.4897 -0.1497 -0.8590
vn 0.6802 -0.1415 -0.7192
vn -0.0692 0.1999 -0.9774
vn -0.3047 0.4902 -0.8167
vn 0.9692 0.0723 -0.2354
vn 0.9919 0.1232 -0.0308
vn 0.3750 0.5875 0.7171
vn 0.1037 0.1642 -0.9810
vn 0.0785 0.2847 -0.9554
vn 0.0604 0.3411 -0.9381
vn 0.4915 0.7152 0.4969
vn 0.1255 0.2535 0.9592
vn -0.6198 -0.2378 -0.7479
vn -0.6185 -0.2452 -0.7466
vn 0.0918 -0.6986 0.7096
vn 0.0116 -0.2526 0.9675
vn 0.0308 -0.3071 0.9512
vn -0.0113 -0.8683 -0.4959
vn -0.0901 -0.4978 -0.8626
vn -0.0868 -0.1553 0.9841
vn 0.1900 0.8048 0.5623
vn -0.0214 0.0355 -0.9991
vn -0.2530 0.1365 -0.9578
vn -0.2122 0.1833 -0.9599
vn 0.0210 -0.8763 0.4813
vn 0.0585 -0.7812 0.6215
vn -0.3583 -0.8455 0.3958
vn -0.1560 -0.4741 0.8665
vn 0.3993 0.6455 0.6511
vn -0.3811 -0.0731 0.9216
vn -0.2788 -0.2144 0.9361
vn 0.0857 -0.0188 -0.9961
vn 0.8377 -0.3135 -0.4472
vn -0.0662 0.4008 -0.9138
vn 0.0968 0.7295 -0.6771
vn -0.1605 0.4647 -0.8708
vn -0.1780 -0.5989 -0.7808
vn -0.0230 -0.6798 -0.7330
vn -0.5334 -0.6904 -0.4887
vn 0.4388 0.1987 -0.8763
vn 0.4165 0.0735 -0.9062
vn 0.4087 0.1495 -0.9004
vn -0.7236 -0.5955 -0.3488
vn -0.6313 -0.6415 -0.4359
vn -0.7451 -0.5759 -0.3364
vn 0.0491 -0.0837 0.9953
vn 0.1002 -0.5327 0.8404
vn 0.1686 -0.7592 0.6287
vn 0.0233 -0.1598 0.9869
vn -0.0060 -0.2034 0.9791
vn 0.4371 -0.3933 -0.8089
vn 0.4370 -0.3935 -0.8088
vn 0.4374 -0.3931 -0.8088
vn -0.1944 0.3602 -0.9124
vn -0.2811 0.0704 -0.9571
vn -0.2581 0.3106 -0.9148
vn -0.4339 0.5345 0.7253
vn -0.1127 0.1148 0.9870
vn -0.2996 0.0774 0.9509
vn 0.0399 -0.7335 -0.6785
vn 0.0408 -0.7087 -0.7043
vn -0.0039 -0.7260 -0.6877
vn 0.0615 -0.9171 0.3940
vn -0.0493 0.8480 -0.5278
vn -0.0565 0.9791 -0.1956
vn -0.0612 0.9975 -0.0355
vn -0.2615 0.3094 -0.9143
vn -0.0982 0.0493 -0.9939
vn 0.1608 -0.0348 -0.9864
vn 0.3060 0.2870 0.9078
vn 0.2702 0.2945 0.9167
vn -0.5857 -0.2498 -0.7711
vn -0.0140 -0.1432 -0.9896
vn -0.1029 -0.1705 -0.9800
vn 0.7417 0.6549 -0.1453
vn 0.7117 0.6992 -0.0675
vn -0.1781 0.2228 0.9585
vn -0.0048 0.7250 0.6887
vn -0.0096 0.4854 0.8742
vn -0.0128 0.1247 0.9921
vn -0.0952 0.7870 0.6095
vn -0.3115 0.4494 0.8373
vn -0.0678 0.8709 0.4867
vn 0.3970 0.2617 -0.8797
vn 0.1337 0.5015 -0.8547
vn 0.0732 0.1022 -0.9921
vn 0.0727 0.1024 -0.9921
vn -0.1688 0.2733 0.9470
vn -0.0636 -0.0862 -0.9942
vn -0.2667 0.0553 -0.9622
vn -0.5565 0.2239 -0.8001
vn -0.0048 0.1102 0.9939
vn 0.6699 -0.1396 0.7292
vn 0.1795 -0.1069 0.9779
vn 0.6086 -0.1325 0.7823
vn -0.0275 0.4055 -0.9137
vn -0.0432 0.5685 -0.8215
vn -0.0034 0.0689 -0.9976
vn 0.8072 0.5503 -0.2138
vn 0.6935 0.5472 -0.4686
vn 0.4974 0.5935 -0.6327
vn -0.1682 -0.7700 -0.6154
vn -0.1720 -0.7184 -0.6740
vn 0.3145 0.8614 0.3988
vn -0.0079 -0.0199 -0.9998
vn 0.1140 0.0723 -0.9908
vn 0.0351 -0.0363 0.9987
vn -0.0715 -0.0293 0.9970
vn -0.1314 -0.0047 0.9913
vn -0.2244 -0.0011 0.9745
vn 0.4930 -0.0470 -0.8688
vn 0.8510 0.2040 -0.4839
vn 0.4219 0.1861 -0.8874
vn -0.3046 0.5244 0.7951
vn -0.0016 0.3119 0.9501
vn 0.1757 0.7323 0.6579
vn 0.7029 0.0066 0.7113
vn 0.3241 -0.1723 -0.9302
vn -0.6044 0.7840 0.1415
vn -0.0343 0.9911 -0.1288
vn -0.4651 -0.3187 -0.8259
vn 0.0456 -0.2248 -0.9733
vn 0.1214 -0.5657 -0.8156
vn 0.6663 -0.2856 0.6888
vn 0.6915 -0.5179 0.5036
vn 0.1557 0.5767 -0.8020
vn 0.1695 0.4901 -0.8550
vn 0.2271 0.4291 -0.8742
vn 0.0111 -0.2581 -0.9661
vn -0.2500 0.7502 -0.6122
vn -0.2158 0.5721 -0.7913
vn -0.7368 -0.4977 -0.4576
vn -0.3522 -0.8930 -0.2803
vn -0.8832 -0.4489 -0.1361
vn -0.2033 0.2258 0.9527
vn -0.1803 0.2511 0.9510
vn -0.0977 0.3377 0.9362
vn -0.9474 -0.2053 -0.2455
vn -0.2771 -0.8247 -0.4931
vn -0.2973 -0.6923 -0.6576
vn 0.8514 -0.1004 0.5148
vn 0.6162 -0.0243 0.7872
vn 0.4156 -0.6164 -0.6688
vn 0.6266 -0.0318 0.7787
vn 0.1084 0.0998 0.9891
vn -0.0390 -0.8243 -0.5648
vn -0.1362 -0.8639 -0.4849
vn 0.6605 -0.3571 0.6605
vn 0.4962 -0.6641 0.5592
vn 0.4964 -0.6636 0.5597
vn 0.4964 -0.6637 0.5595
vn 0.0910 -0.3398 -0.9361
vn 0.4908 -0.0180 -0.8711
vn 0.9950 -0.0786 0.0622
vn 0.9954 -0.0719 0.0632
vn 0.9907 -0.0922 0.1002
vn 0.4239 -0.3252 0.8453
vn 0.1687 -0.0557 0.9841
vn 0.1780 -0.1125 0.9776
vn 0.2716 0.5600 -0.7827
vn 0.3730 0.9081 -0.1902
vn 0.0043 -0.0220 -0.9997
vn 0.2575 -0.3632 -0.8954
vn -0.2223 0.2910 -0.9305
vn 0.1928 -0.7629 0.6172
vn 0.0040 -0.0559 0.9984
vn -0.5999 -0.1611 0.7837
vn -0.4827 -0.0746 0.8726
vn 0.6538 -0.4259 -0.6254
vn -0.2423 0.3132 -0.9182
vn -0.2394 0.3080 -0.9208
vn -0.1872 0.3472 -0.9189
vn -0.6327 0.0299 0.7738
vn -0.5889 0.0621 0.8058
vn -0.2699 -0.8086 0.5228
vn -0.3770 -0.7773 0.5037
vn -0.2700 -0.7964 0.5412
vn 0.0873 0.2932 -0.9521
vn 0.2882 0.8045 0.5193
vn -0.2545 0.9671 0.0010
vn -0.1809 0.9767 -0.1154
vn -0.1872 0.4644 0.8656
vn -0.0287 0.5750 0.8177
vn 0.3066 0.9479 0.0864
vn 0.6627 0.7362 0.1373
vn 0.0492 -0.9832 0.1757
vn 0.0489 -0.9791 0.1973
vn 0.0475 -0.9510 -0.3055
vn -0.2881 0.4261 -0.8576
vn -0.2525 0.4006 -0.8808
vn -0.0385 0.0207 -0.9990
vn -0.3453 0.7441 0.5719
vn 0.7332 -0.6800 -0.0084
vn 0.8342 -0.5514 0.0038
vn 0.4692 0.6385 -0.6101
vn 0.7521 0.5996 -0.2736
vn 0.3568 0.1650 0.9195
vn -0.4366 0.6366 -0.6357
vn -0.2400 0.6754 -0.6973
vn -0.1404 -0.2680 0.9531
vn 0.5077 -0.8122 0.2875
vn 0.5077 -0.8120 0.2877
vn -0.3249 0.4291 -0.8428
vn -0.5670 0.8186 0.0919
vn -0.1304 0.1772 -0.9755
vn -0.0113 -0.0983 -0.9951
vn -0.1275 -0.0110 -0.9918
vn -0.1001 -0.1089 -0.9890
vn 0.0546 0.2093 0.9763
vn 0.2429 0.4341 0.8675
vn 0.4041 0.5095 0.7597
vn -0.1046 0.7361 -0.6687
vn -0.1819 0.9106 0.3710
vn 0.1215 0.9088 0.3992
vn 0.0303 0.6390 0.7686
vn 0.4436 0.6852 -0.5777
vn 0.7986 0.5686 -0.1974
vn 0.1430 0.2902 0.9462
vn 0.4303 -0.7813 0.4521
vn 0.4915 -0.5372 0.6855
vn 0.2859 -0.7140 0.6391
vn 0.0029 -0.0062 -1.0000
vn -0.0071 -0.0125 -0.9999
vn 0.0242 -0.4193 -0.9075
vn -0.0813 0.0377 -0.9960
vn -0.1640 0.1784 -0.9702
vn 0.2916 -0.1524 0.9443
vn -0.4207 -0.3896 0.8193
vn 0.3657 -0.1222 0.9227
vn -0.0682 0.4715 -0.8793
vn 0.1891 0.4672 0.8637
vn 0.4143 0.1790 0.8923
vn -0.0085 0.0266 0.9996
vn -0.0177 0.1596 0.9870
vn -0.0098 0.2093 0.9778
vn 0.2327 -0.1604 0.9592
vn -0.4251 0.7846 0.4513
vn 0.0181 0.0090 0.9998
vn -0.6231 -0.5077 0.5950
vn -0.4906 -0.5086 0.7076
vn -0.5441 -0.8216 -0.1700
vn -0.6878 0.1079 -0.7178
vn -0.6788 -0.3017 -0.6694
vn -0.1438 -0.7903 -0.5956
vn 0.8647 0.1120 -0.4896
vn 0.3382 0.0521 -0.9396
vn 0.4883 -0.5007 -0.7148
vn 0.1352 -0.2911 -0.9471
vn 0.9763 -0.1646 -0.1408
vn -0.0873 0.9392 -0.3322
vn 0.2748 0.3209 -0.9064
vn 0.2781 0.3209 -0.9054
vn 0.2914 0.3152 -0.9032
vn 0.1678 0.9145 -0.3682
vn -0.1250 -0.0448 -0.9911
vn 0.7908 -0.0015 0.6121
vn 0.8821 -0.2763 0.3816
vn 0.2104 -0.2380 0.9482
vn -0.4403 -0.6133 -0.6557
vn -0.4860 -0.5871 -0.6473
vn 0.0422 0.5798 0.8137
vn -0.2468 0.7762 0.5801
vn -0.5709 -0.2167 0.7919
vn -0.4535 -0.1158 0.8837
vn -0.4539 -0.2248 0.8622
vn 0.2622 -0.0273 0.9646
vn 0.0670 -0.0022 0.9977
vn 0.3638 0.6272 0.6887
vn 0.1290 0.9914 -0.0218
vn 0.0456 -0.8762 -0.4798
vn 0.0152 -0.2903 -0.9568
vn 0.0190 -0.4435 -0.8961
vn 0.0603 -0.8455 -0.5305
vn -0.0130 -0.3965 -0.9179
vn -0.1174 -0.3730 0.9204
vn -0.1881 -0.0152 0.9820
vn -0.0632 0.9777 -0.2004
vn -0.0758 0.9473 -0.3111
vn -0.0705 0.7964 -0.6007
vn -0.2984 -0.7368 -0.6068
vn -0.6693 -0.6228 -0.4052
vn -0.3769 -0.3012 -0.8759
vn -0.2926 -0.2823 -0.9136
vn 0.0668 0.0617 -0.9959
vn 0.0708 0.0601 -0.9957
vn 0.0499 -0.5855 -0.8092
vn -0.0330 -0.1355 -0.9902
vn 0.1568 -0.0167 0.9875
vn -0.4624 0.0897 0.8821
vn -0.2482 0.0973 0.9638
vn 0.0728 -0.4815 -0.8734
vn 0.2621 -0.0318 -0.9645
vn 0.4745 -0.1350 -0.8699
vn -0.1925 0.2150 0.9575
vn -0.1444 0.1609 0.9763
vn 0.8146 0.1766 0.5524
vn 0.1083 0.5268 -0.8431
vn 0.1074 0.4587 -0.8821
vn -0.0648 0.8933 -0.4448
vn -0.0372 0.9945 -0.0977
vn -0.3740 0.7548 -0.5388
vn -0.0945 0.7420 -0.6637
vn -0.0854 -0.0027 0.9963
vn 0.1168 -0.0252 0.9928
vn -0.0115 -0.0366 0.9993
vn -0.7916 -0.4830 0.3742
vn -0.7721 -0.5027 0.3887
vn 0.3193 0.1601 -0.9340
vn 0.8734 0.3135 0.3728
vn 0.7556 0.3862 0.5291
vn 0.6569 0.1877 0.7302
vn -0.0013 0.1085 0.9941
vn 0.0479 -0.3647 -0.9299
vn 0.0103 -0.0549 -0.9984
vn 0.0085 -0.0934 -0.9956
vn 0.2711 0.5205 0.8097
vn 0.1036 0.0735 0.9919
vn -0.4797 0.8160 0.3227
vn 0.3752 -0.8784 -0.2961
vn 0.1877 -0.5006 0.8451
vn 0.2783 -0.8752 -0.3957
vn 0.2624 -0.8180 -0.5119
vn -0.1221 -0.1719 -0.9775
vn -0.2716 -0.6493 -0.7104
vn -0.0915 -0.1658 -0.9819
vn 0.3100 -0.8539 -0.4180
vn 0.1956 -0.8074 0.5567
vn 0.2850 -0.9102 -0.3006
vn -0.1240 -0.9909 0.0518
vn 0.3848 0.3477 0.8550
vn 0.2151 0.2548 0.9428
vn 0.3955 0.0591 0.9166
vn 0.7480 0.0920 0.6573
vn 0.0409 -0.6357 -0.7709
vn 0.0783 -0.9851 -0.1532
vn 0.1820 -0.5982 -0.7804
vn 0.2726 -0.9313 -0.2418
vn 0.2277 -0.9478 0.2233
vn 0.6850 -0.6700 -0.2861
vn 0.1667 -0.5263 -0.8338
vn 0.1647 -0.9438 -0.2866
vn 0.0382 -0.8243 0.5649
vn 0.0259 -0.5234 0.8517
vn 0.0238 -0.3872 0.9217
vn -0.0217 -0.9389 0.3434
vn 0.0261 -0.3224 0.9462
vn 0.0355 -0.6049 0.7955
vn 0.8196 -0.5722 0.0305
vn 0.8196 -0.5722 0.0306
vn 0.8197 -0.5720 0.0309
vn 0.2934 -0.8475 -0.4423
vn 0.7689 -0.6129 -0.1821
vn 0.7692 -0.6125 -0.1818
vn 0.2741 -0.9607 -0.0449
vn 0.1786 -0.2716 -0.9457
vn 0.1435 -0.9148 -0.3777
vn -0.0748 0.4441 -0.8928
vn -0.2030 0.4531 -0.8680
vn -0.2055 0.5137 -0.8330
vn -0.4074 -0.4427 0.7988
vn -0.4075 -0.4426 0.7988
vn 0.0899 -0.4249 -0.9008
vn 0.3844 0.4544 0.8036
vn 0.2588 0.6019 0.7555
vn 0.2712 0.5726 0.7737
vn -0.7650 -0.5405 -0.3504
vn -0.3355 -0.7530 -0.5660
vn -0.5317 -0.7238 0.4399
vn -0.4935 -0.6622 0.5639
vn -0.9847 0.1378 0.1069
vn -0.0526 -0.2357 -0.9704
vn -0.0519 -0.2353 -0.9705
vn -0.4632 -0.3145 0.8286
vn -0.0386 -0.5449 0.8376
vn -0.0658 0.9579 -0.2794
vn -0.0437 -0.2738 -0.9608
vn -0.3786 -0.3886 -0.8400
vn -0.5978 -0.4224 -0.6813
vn -0.8422 -0.3859 -0.3766
vn -0.6466 -0.6639 0.3757
vn -0.2498 -0.3402 0.9065
vn 0.0097 -0.0503 0.9987
vn 0.2486 0.3195 -0.9144
vn 0.3115 0.4417 -0.8414
vn 0.7012 -0.0924 -0.7069
vn -0.0846 -0.4873 -0.8691
vn 0.1462 -0.7168 -0.6818
vn 0.1542 -0.6189 -0.7702
vn 0.0628 -0.2548 -0.9650
vn 0.0240 -0.1867 -0.9821
vn -0.0680 -0.0388 -0.9969
vn -0.0174 -0.0404 -0.9990
vn 0.0497 0.0273 -0.9984
vn 0.1411 0.1559 -0.9776
vn -0.0371 0.4028 -0.9145
vn -0.3411 0.0688 -0.9375
vn -0.4381 -0.4097 -0.8001
vn -0.7665 -0.3379 -0.5461
vn -0.1171 -0.6778 -0.7258
vn -0.2519 0.0163 -0.9676
vn 0.4153 0.3639 0.8337
vn 0.0846 -0.3549 -0.9311
vn 0.0391 -0.3865 -0.9215
vn 0.0244 -0.1979 -0.9799
vn -0.1968 0.0525 -0.9790
vn -0.1355 -0.1029 -0.9854
vn -0.3664 -0.2657 -0.8917
vn -0.0039 0.6094 -0.7929
vn 0.2988 0.6588 0.6904
vn 0.5119 -0.0975 -0.8535
vn -0.0110 -0.4660 -0.8847
vn -0.1627 0.7345 0.6588
vn -0.3543 0.8844 -0.3038
vn -0.0831 0.6461 0.7587
vn 0.1707 -0.5870 0.7914
vn -0.3490 0.2100 0.9133
vn -0.6343 0.3611 0.6836
vn -0.0352 0.0886 0.9954
vn -0.0281 0.0924 0.9953
vn -0.0141 0.0977 0.9951
vn 0.9346 0.3553 0.0149
vn 0.8009 0.5609 -0.2097
vn 0.9554 0.2305 -0.1848
vn 0.1164 -0.0836 -0.9897
vn 0.3844 -0.3909 -0.8363
vn 0.5937 -0.5190 -0.6150
vn 0.1343 -0.6022 -0.7870
vn 0.6662 -0.0836 -0.7411
vn 0.8708 0.0215 0.4912
vn 0.5613 -0.0079 0.8276
vn -0.0240 0.0185 0.9995
vn -0.5051 0.1983 0.8400
vn -0.1417 0.1160 0.9831
vn -0.0864 -0.0142 0.9962
vn 0.0061 -0.2408 -0.9706
vn 0.0620 0.0256 -0.9977
vn -0.0454 -0.0608 -0.9971
vn 0.4227 -0.1364 -0.8960
vn 0.2025 -0.1424 -0.9689
vn 0.0031 0.4902 0.8716
vn 0.0015 0.4468 0.8946
vn 0.0528 0.9169 0.3957
vn -0.1792 -0.3122 -0.9329
vn 0.5896 -0.5236 -0.6151
vn 0.5897 -0.5233 -0.6152
vn 0.5896 -0.5234 -0.6151
vn 0.2255 -0.6104 -0.7593
vn 0.6240 -0.1083 -0.7738
vn -0.4327 -0.7739 -0.4623
vn -0.2882 -0.1888 -0.9388
vn 0.0208 -0.2011 -0.9794
vn 0.0656 -0.2147 -0.9745
vn 0.4018 -0.0823 0.9120
vn 0.1122 -0.0912 0.9895
vn 0.0738 -0.6569 -0.7503
vn -0.9422 0.0165 -0.3348
vn -0.4716 -0.4421 -0.7630
vn -0.5148 -0.6599 -0.5472
vn -0.3094 -0.2979 -0.9030
vn -0.6002 -0.2496 -0.7599
vn -0.5883 -0.2334 -0.7742
vn -0.5932 -0.2394 -0.7687
vn 0.3005 -0.1805 -0.9366
vn 0.1590 -0.1467 -0.9763
vn 0.0997 -0.1869 -0.9773
vn 0.1966 -0.1282 -0.9721
vn -0.8416 -0.4353 0.3197
vn -0.3394 -0.0855 -0.9367
vn -0.3393 -0.0855 -0.9368
vn -0.3395 -0.0854 -0.9367
vn -0.0090 -0.9117 -0.4107
vn 0.4885 -0.4085 0.7710
vn 0.0966 -0.1058 0.9897
vn -0.7454 0.3021 -0.5943
vn -0.1710 0.4925 -0.8533
vn -0.2775 0.4737 -0.8358
vn -0.4705 0.8394 0.2721
vn -0.0991 -0.3226 0.9413
vn 0.9252 -0.3266 0.1935
vn 0.3092 0.4667 0.8286
vn 0.2980 0.3125 0.9020
vn 0.6671 -0.3055 0.6794
vn 0.7118 -0.6098 0.3486
vn 0.9380 -0.2950 -0.1820
vn -0.6425 0.4557 -0.6161
vn -0.9046 -0.3437 -0.2523
vn -0.0925 0.0321 -0.9952
vn -0.1026 -0.4234 0.9001
vn 0.3334 -0.1918 0.9230
vn 0.0575 -0.6546 0.7538
vn 0.8461 -0.5245 0.0952
vn 0.0603 -0.1786 0.9821
vn 0.2027 -0.6063 0.7689
vn 0.4789 -0.6618 0.5768
vn -0.0415 0.6474 -0.7610
vn -0.0538 0.9972 -0.0517
vn -0.0261 0.4369 -0.8991
vn -0.0420 0.6573 -0.7525
vn -0.0663 -0.5865 0.8073
vn 0.5274 -0.6528 0.5438
vn 0.3346 -0.8531 0.4004
vn 0.7824 -0.4847 -0.3912
vn 0.6264 -0.5000 0.5980
vn 0.4127 -0.1523 0.8980
vn -0.3409 0.8823 -0.3245
vn -0.1385 0.9714 -0.1929
vn 0.0734 -0.4705 -0.8793
vn 0.0139 -0.4742 0.8803
vn 0.2005 -0.9415 0.2709
vn -0.0312 0.5007 0.8650
vn -0.0303 0.5242 0.8510
vn -0.0357 0.5912 0.8057
vn 0.4072 0.1926 0.8928
vn 0.3317 -0.1341 0.9338
vn 0.1550 -0.6419 0.7510
vn 0.0223 -0.1132 0.9933
vn -0.5591 -0.6055 0.5664
vn -0.2293 -0.8372 0.4966
vn -0.2615 -0.7957 0.5463
vn -0.0447 -0.6308 0.7746
vn -0.1003 0.5339 -0.8396
vn -0.0070 0.0991 -0.9951
vn 0.1832 -0.2227 0.9575
vn 0.3879 -0.4504 0.8042
vn 0.5979 -0.7281 0.3354
vn -0.2402 0.5815 0.7773
vn 0.0322 0.5170 0.8554
vn -0.0323 0.8285 0.5591
vn 0.1587 0.1796 -0.9709
vn 0.3349 0.3141 -0.8884
vn 0.0093 -0.2371 0.9714
vn 0.0609 -0.2350 0.9701
vn -0.0083 -0.2377 0.9713
vn -0.2236 -0.6024 -0.7663
vn -0.3188 -0.7545 -0.5737
vn -0.2129 0.3357 -0.9176
vn 0.3941 -0.6527 -0.6471
vn 0.3943 -0.6527 -0.6469
vn 0.3940 -0.6524 -0.6474
vn 0.4458 -0.6946 0.5646
vn -0.0197 -0.0785 0.9967
vn 0.0204 -0.0460 0.9987
vn 0.2303 -0.3250 0.9172
vn 0.2966 -0.9497 -0.1004
vn -0.0002 -0.2151 -0.9766
vn -0.0599 -0.1640 -0.9846
vn -0.0371 -0.1842 -0.9822
vn -0.8646 0.1088 -0.4906
vn -0.7030 0.4260 -0.5694
vn -0.8698 0.4763 0.1288
vn -0.0155 0.7803 -0.6252
vn 0.5967 -0.3131 -0.7389
vn 0.1390 -0.0592 -0.9885
vn -0.1466 -0.1453 0.9785
vn -0.1464 -0.1454 0.9785
vn -0.1461 -0.1452 0.9785
vn -0.6625 -0.1550 -0.7329
vn -0.3070 -0.0405 -0.9508
vn -0.3037 -0.2313 -0.9243
vn -0.1320 -0.0811 -0.9879
vn -0.6818 -0.0656 -0.7286
vn -0.1744 -0.0779 -0.9816
vn -0.2811 -0.0638 -0.9576
vn 0.1283 -0.9602 0.2481
vn -0.0048 0.0514 0.9987
vn -0.0088 -0.0001 1.0000
vn 0.1636 -0.3817 0.9097
vn -0.5025 -0.3917 -0.7708
vn -0.2785 -0.7964 -0.5368
vn -0.7259 0.0540 -0.6857
vn -0.0816 -0.1304 -0.9881
vn -0.8913 -0.0292 -0.4525
vn -0.9196 -0.0523 -0.3894
vn -0.5707 0.0333 -0.8204
vn -0.0384 -0.3674 -0.9293
vn 0.0940 -0.7083 -0.6996
vn -0.8493 -0.4410 0.2903
vn -0.2562 -0.2987 0.9193
vn -0.3491 -0.3160 0.8822
vn -0.0015 0.9903 -0.1392
vn 0.1681 0.9803 0.1039
vn 0.1800 -0.5771 0.7966
vn 0.4549 -0.5321 -0.7141
vn -0.8515 -0.4897 0.1874
vn 0.7280 -0.6586 -0.1904
vn 0.8005 -0.3666 0.4742
vn 0.7936 -0.5206 0.3150
vn 0.3505 -0.1570 0.9233
vn -0.2324 0.3305 -0.9147
vn -0.2526 0.3208 -0.9128
vn -0.3610 0.2648 -0.8942
vn -0.6515 -0.2248 0.7246
vn -0.0285 -0.0219 -0.9994
vn 0.6732 -0.5057 -0.5395
vn 0.3857 -0.2071 -0.8991
vn 0.7300 -0.3814 -0.5672
vn -0.0964 0.8364 -0.5396
vn 0.0993 0.4074 -0.9078
vn -0.0161 0.5475 -0.8366
vn 0.4278 0.2835 0.8583
vn 0.4276 0.2833 0.8584
vn -0.0732 0.5143 0.8545
vn -0.0823 0.2057 0.9752
vn -0.0361 -0.1954 0.9801
vn 0.0348 -0.3496 0.9363
vn -0.3611 -0.1386 -0.9222
vn -0.2851 -0.1905 -0.9394
vn -0.5984 0.0628 -0.7987
vn 0.5688 -0.6290 0.5300
vn 0.4205 0.4278 -0.8001
vn 0.2284 0.2752 -0.9338
vn 0.2935 0.8115 -0.5052
vn 0.0151 -0.5688 0.8224
vn -0.1142 -0.5010 -0.8579
vn 0.4501 -0.1695 -0.8768
vn 0.3990 -0.2934 -0.8688
vn 0.4676 -0.2086 -0.8590
vn -0.1178 0.2372 0.9643
vn 0.0588 0.7018 0.7100
vn 0.1559 0.3287 0.9315
vn 0.0382 0.7053 0.7078
vn 0.7700 -0.0456 -0.6364
vn 0.2238 -0.2435 -0.9437
vn 0.4749 -0.2928 -0.8299
vn 0.1212 -0.1076 -0.9868
vn 0.3667 -0.1963 -0.9094
vn -0.0518 0.8836 -0.4654
vn 0.0282 -0.5766 -0.8165
vn 0.0449 -0.9159 -0.3988
vn 0.6202 0.7120 -0.3294
vn -0.4938 0.4139 0.7648
vn -0.4500 0.2144 0.8669
vn 0.0430 -0.3060 0.9511
vn -0.0752 -0.2585 0.9631
vn -0.0100 -0.3816 -0.9243
vn -0.4785 -0.5643 -0.6728
vn 0.3509 -0.1131 0.9296
vn 0.1536 0.4544 0.8774
vn 0.2198 0.3351 0.9162
vn -0.2681 -0.6900 0.6723
vn -0.2684 -0.6902 0.6720
vn -0.2421 0.4755 0.8457
vn 0.7303 0.3977 0.5554
vn 0.7300 0.3980 0.5556
vn -0.0615 0.3159 -0.9468
vn -0.1252 0.4940 -0.8604
vn -0.0816 0.6195 -0.7808
vn -0.0018 -0.1078 0.9942
vn -0.2755 -0.3831 0.8817
vn 0.4863 -0.8689 0.0923
vn 0.3765 -0.8149 0.4407
vn 0.3692 -0.8475 0.3815
vn -0.1906 0.1686 0.9671
vn -0.1905 0.1686 0.9671
vn -0.0314 -0.2569 0.9659
vn -0.1952 0.1273 0.9725
vn -0.2614 -0.1158 0.9583
vn -0.2065 -0.2000 0.9578
vn -0.8606 -0.4539 0.2310
vn 0.2021 -0.0056 -0.9793
vn 0.4852 -0.5151 0.7066
vn 0.6088 -0.4593 -0.6469
vn 0.7482 0.5938 -0.2960
vn 0.0204 0.0836 -0.9963
vn -0.0007 -0.0038 -1.0000
vn -0.1418 0.5895 -0.7952
vn 0.0661 0.0349 -0.9972
vn 0.3351 -0.2131 0.9178
vn 0.2838 -0.1692 0.9438
vn 0.0432 0.4729 0.8800
vn 0.2685 0.6451 0.7154
vn 0.1115 0.1103 0.9876
vn 0.1674 0.6864 0.7077
vn 0.5235 -0.2391 -0.8178
vn -0.5013 -0.4700 0.7265
vn -0.0266 0.4127 -0.9105
vn 0.0277 -0.0583 0.9979
vn -0.0675 -0.0647 0.9956
vn -0.4912 0.0796 0.8674
vn -0.0055 -0.1179 0.9930
vn -0.0249 -0.1447 0.9892
vn 0.0101 -0.0968 0.9953
vn -0.4410 0.8742 0.2032
vn 0.2549 0.3880 0.8857
vn -0.1283 0.2565 -0.9580
vn 0.5604 0.6277 -0.5403
vn 0.2196 0.8946 0.3892
vn -0.0430 0.8216 0.5684
vn -0.1008 0.5103 0.8541
vn -0.0075 0.1924 -0.9813
vn -0.0023 0.0797 -0.9968
vn -0.0000 0.1716 -0.9852
vn 0.4781 -0.7667 -0.4285
vn 0.3214 -0.9188 -0.2293
vn 0.5485 -0.3521 -0.7584
vn 0.6180 -0.4658 -0.6334
vn 0.7508 -0.4101 -0.5179
vn -0.1666 -0.2422 -0.9558
vn 0.3005 0.6458 0.7019
vn 0.4862 0.7997 0.3523
vn 0.0038 0.8979 0.4402
vn 0.1553 0.7805 0.6056
vn 0.0732 0.3486 0.9344
vn 0.6232 0.7031 -0.3425
vn 0.3037 0.4797 -0.8232
vn 0.6606 0.7428 0.1087
vn 0.1871 -0.0740 -0.9796
vn 0.1871 -0.0741 -0.9795
vn 0.1212 0.3677 -0.9220
vn -0.2298 0.9216 -0.3128
vn 0.1557 -0.2830 -0.9464
vn -0.1530 0.3023 -0.9409
vn -0.2386 0.6766 -0.6966
vn -0.0774 0.6548 -0.7519
vn -0.0774 0.6554 -0.7514
vn 0.7827 -0.3502 0.5145
vn 0.8224 -0.2468 0.5126
vn 0.8203 -0.3472 0.4545
vn 0.6364 0.1671 0.7530
vn -0.3501 0.1713 0.9209
vn 0.8346 0.3882 0.3909
vn 0.6199 0.2882 0.7298
vn 0.8408 0.2059 0.5007
vn -0.0064 -0.5488 0.8360
vn -0.7773 -0.1482 -0.6114
vn 0.6539 0.0826 -0.7520
vn 0.2756 0.2627 0.9247
vn 0.5180 0.5001 0.6940
vn 0.2449 0.1767 0.9533
vn 0.2505 -0.9141 -0.3189
vn 0.5887 -0.4552 -0.6680
vn 0.0428 -0.3934 -0.9184
vn 0.2729 -0.0530 0.9606
vn 0.2279 -0.0773 0.9706
vn 0.3161 -0.0325 0.9482
vn -0.7459 0.5237 -0.4117
vn -0.2204 0.1660 -0.9612
vn -0.0305 -0.0451 0.9985
vn -0.0434 0.3108 0.9495
vn -0.0298 -0.0015 0.9996
vn -0.3126 -0.0282 -0.9495
vn 0.8518 0.5211 0.0531
vn 0.8129 0.5638 0.1459
vn 0.8052 0.5496 0.2228
vn 0.1896 -0.9295 -0.3163
vn -0.1315 -0.0539 0.9899
vn -0.0299 0.8497 0.5264
vn 0.1282 0.0178 -0.9916
vn 0.3382 -0.0441 -0.9400
vn 0.3382 -0.0438 -0.9401
vn 0.0348 0.0974 -0.9946
vn -0.7109 -0.6426 -0.2859
vn 0.0331 -0.2314 0.9723
vn 0.0123 -0.1742 0.9846
vn 0.0349 -0.6868 0.7260
vn 0.3319 0.8996 -0.2837
vn 0.2479 0.6212 -0.7434
vn -0.1914 0.1550 -0.9692
vn -0.1388 0.5640 -0.8140
vn -0.1002 0.5147 -0.8515
vn -0.0740 -0.4584 -0.8857
vn 0.2416 -0.4049 -0.8819
vn 0.1357 0.9906 -0.0168
vn 0.1638 0.9634 -0.2123
vn -0.0436 0.4526 0.8906
vn 0.0185 0.4097 0.9120
vn 0.2159 0.1504 -0.9648
vn 0.2617 -0.0136 -0.9651
vn 0.2621 0.0313 -0.9645
vn 0.1426 0.2679 0.9528
vn -0.0529 0.9124 -0.4059
vn 0.2625 0.3665 0.8926
vn -0.0047 0.0730 0.9973
vn -0.7204 -0.6746 0.1610
vn -0.4407 -0.6205 0.6486
vn -0.0142 -0.0205 -0.9997
vn 0.0551 -0.0037 -0.9985
vn -0.0985 -0.4386 0.8933
vn -0.2753 0.4212 -0.8642
vn -0.0649 0.6328 -0.7716
vn -0.2678 0.2586 -0.9281
vn 0.8671 -0.2280 0.4429
vn 0.8434 0.4979 -0.2019
vn -0.3606 -0.8465 -0.3917
vn -0.4419 -0.8747 -0.1990
vn 0.3348 -0.1053 0.9364
vn 0.3351 -0.1048 0.9363
vn 0.4730 -0.4138 -0.7779
vn 0.4286 -0.2607 -0.8651
vn 0.5839 -0.5762 -0.5719
vn -0.7852 -0.2633 0.5604
vn 0.1499 -0.0415 0.9878
vn 0.8600 -0.3161 -0.4005
vn 0.5987 -0.2967 -0.7439
vn 0.8197 -0.3621 -0.4438
vn -0.8213 -0.5637 0.0878
vn -0.2450 -0.9688 -0.0386
vn 0.3952 -0.9178 -0.0388
vn 0.1493 -0.9840 -0.0974
vn -0.0789 0.2182 0.9727
vn -0.0374 0.5192 0.8539
vn -0.0300 0.2615 0.9647
vn 0.0278 -0.1596 0.9868
vn 0.2341 -0.8259 -0.5129
vn -0.4965 -0.1093 -0.8611
vn 0.2053 0.1672 -0.9643
vn 0.2062 0.1671 -0.9641
vn -0.2781 -0.2571 -0.9255
vn -0.3688 -0.4591 -0.8082
vn -0.0828 -0.0742 -0.9938
vn 0.2243 0.7659 -0.6026
vn 0.0572 0.0669 -0.9961
vn 0.0646 0.8000 -0.5965
vn 0.0391 -0.0179 -0.9991
vn 0.0829 -0.0464 -0.9955
vn 0.1362 0.0783 -0.9876
vn -0.5421 -0.3489 -0.7644
vn -0.4735 -0.4033 -0.7830
vn 0.2490 -0.2443 -0.9372
vn 0.7593 0.3410 0.5543
vn 0.8197 0.3564 0.4485
vn -0.0939 -0.6651 0.7409
vn -0.4733 -0.4484 0.7583
vn -0.1757 -0.0953 0.9798
vn 0.4977 -0.2530 0.8296
vn 0.5332 -0.0565 0.8441
vn 0.9289 -0.3677 0.0436
vn 0.1756 0.7075 -0.6845
vn 0.1487 -0.6705 -0.7268
vn 0.2284 -0.6526 -0.7225
vn 0.0846 -0.5488 -0.8317
vn 0.0236 -0.0706 -0.9972
vn 0.0094 -0.0427 -0.9990
vn 0.4442 0.1353 0.8856
vn 0.1392 -0.1033 0.9849
vn 0.0333 -0.1115 0.9932
vn 0.2320 -0.0950 0.9681
vn 0.4540 0.0758 -0.8878
vn 0.5331 0.1327 -0.8356
vn 0.5638 0.1557 -0.8111
vn 0.5868 -0.4759 -0.6551
vn -0.0048 -0.1997 -0.9799
vn -0.0034 -0.0222 -0.9997
vn 0.0427 0.2093 0.9769
vn 0.3225 0.3563 0.8770
vn -0.0092 0.0380 0.9992
vn -0.5680 -0.7412 -0.3578
vn 0.0259 0.0241 -0.9994
vn -0.0730 -0.0846 -0.9937
vn -0.2393 -0.2393 -0.9410
vn 0.0653 0.0337 0.9973
vn -0.0140 0.0838 0.9964
vn 0.8337 0.3445 -0.4316
vn 0.9645 -0.0820 0.2510
vn 0.9460 0.0500 0.3204
vn 0.3509 0.7807 0.5171
vn 0.1925 0.9802 -0.0461
vn 0.3008 0.7453 -0.5950
vn 0.3469 0.9278 -0.1373
vn -0.4652 -0.3037 -0.8315
vn -0.3991 -0.4705 -0.7870
vn 0.0655 -0.8331 -0.5492
vn 0.2673 -0.8277 -0.4934
vn 0.5784 0.5500 -0.6025
vn 0.5891 0.6107 -0.5292
vn 0.4089 0.2896 -0.8654
vn 0.6352 0.3187 -0.7035
vn 0.2578 0.1640 -0.9522
vn 0.1537 0.5208 -0.8397
vn 0.1452 0.6994 -0.6998
vn -0.4958 -0.5428 -0.6779
vn -0.4960 -0.5426 -0.6779
vn -0.4790 -0.8029 -0.3549
vn -0.2353 -0.5643 -0.7913
vn -0.0653 -0.3155 -0.9467
vn -0.3106 -0.5352 0.7856
vn -0.4749 -0.5247 0.7065
vn 0.1852 0.2215 0.9574
vn 0.3246 0.4800 0.8150
vn -0.0501 0.7945 -0.6052
vn -0.3077 -0.8848 0.3499
vn -0.1783 -0.9070 0.3815
vn 0.3703 -0.8240 0.4288
vn 0.3498 -0.8313 0.4320
vn 0.3657 -0.8225 0.4356
vn 0.9604 0.2502 -0.1222
vn 0.9080 0.0644 -0.4139
vn 0.9870 0.0747 -0.1423
vn -0.2390 0.5019 -0.8312
vn -0.0684 0.1252 -0.9898
vn 0.4140 0.6436 -0.6437
vn 0.0301 0.0172 -0.9994
vn -0.1567 -0.1935 -0.9685
vn 0.0621 0.0367 -0.9974
vn -0.5297 0.2114 -0.8214
vn 0.2579 0.9250 -0.2791
vn 0.2862 0.7919 -0.5394
vn -0.2441 0.1807 0.9528
vn 0.5336 -0.0377 0.8449
vn -0.0578 0.1971 0.9787
vn -0.0918 0.2739 0.9574
vn -0.1006 0.3065 0.9465
vn 0.2650 0.0950 0.9596
vn 0.1565 -0.3064 0.9390
vn -0.3740 -0.2848 0.8826
vn -0.6040 -0.2997 0.7385
vn 0.8204 0.2771 0.5002
vn 0.3924 0.3618 0.8456
vn 0.2565 0.2513 0.9333
vn 0.9639 0.2084 0.1657
vn 0.0568 0.3997 0.9149
vn 0.3885 -0.7985 0.4599
vn 0.3893 -0.8391 0.3801
vn 0.4081 -0.7948 0.4491
vn -0.1961 -0.4335 0.8796
vn 0.6104 -0.3150 0.7267
vn 0.0015 -0.8176 0.5757
vn 0.0319 -0.6227 -0.7818
vn -0.0127 -0.7288 -0.6846
vn 0.7640 0.5582 -0.3235
vn 0.2208 0.9559 -0.1935
vn 0.3872 0.9214 -0.0324
vn 0.1944 0.1512 -0.9692
vn -0.0225 -0.0967 -0.9951
vn 0.2906 0.2398 -0.9263
vn 0.0436 0.2653 -0.9632
vn 0.0409 0.5213 -0.8524
vn 0.1258 0.5757 -0.8080
vn 0.1260 0.5757 -0.8079
vn 0.1257 0.5756 -0.8080
vn 0.2497 -0.4732 -0.8448
vn -0.1894 -0.2546 -0.9483
vn 0.0193 0.0213 -0.9996
vn -0.3849 -0.4388 -0.8120
vn 0.0464 -0.8274 0.5596
vn -0.0454 -0.9975 0.0541
vn -0.2003 -0.8192 0.5374
vn 0.0224 0.4248 -0.9050
vn -0.0952 0.3187 -0.9430
vn -0.1881 0.5285 -0.8278
vn -0.0109 0.2623 -0.9649
vn 0.1554 -0.1391 -0.9780
vn 0.4263 -0.2947 -0.8552
vn 0.5415 -0.2154 -0.8127
vn 0.3017 -0.9295 -0.2121
vn 0.3016 -0.9295 -0.2122
vn 0.9899 0.1025 -0.0977
vn 0.9334 0.3342 0.1305
vn 0.2452 0.2454 0.9379
vn 0.1202 0.1532 0.9809
vn 0.6994 0.6824 0.2124
vn 0.1184 0.1467 0.9821
vn 0.9369 0.1559 0.3128
vn 0.4789 0.0143 0.8778
vn 0.0721 0.0920 0.9931
vn 0.6486 0.6064 0.4600
vn 0.6340 0.7495 -0.1902
vn 0.8529 -0.4041 0.3306
vn 0.2442 -0.8517 -0.4636
vn 0.3598 -0.7764 -0.5175
vn 0.1379 -0.9901 0.0271
vn 0.6449 -0.5232 -0.5571
vn 0.6447 -0.5234 -0.5572
vn 0.6453 -0.5228 -0.5570
vn 0.7483 0.6098 -0.2610
vn 0.7241 0.5775 -0.3771
vn -0.8704 0.0218 0.4918
vn -0.9753 -0.1450 0.1666
vn -0.1388 0.4416 -0.8864
vn -0.1389 0.4415 -0.8864
vn -0.1390 0.4414 -0.8865
vn -0.1586 -0.3506 -0.9230
vn 0.2753 0.3560 0.8930
vn 0.1256 0.4731 0.8720
vn 0.2837 -0.1567 0.9460
vn 0.4014 0.0092 0.9159
vn 0.3708 0.2013 0.9067
vn -0.5528 0.1466 0.8203
vn -0.0932 -0.0299 0.9952
vn -0.3013 0.2222 0.9273
vn 0.0474 -0.9824 -0.1805
vn 0.0453 -0.9539 -0.2968
vn 0.0483 -0.9971 -0.0594
vn -0.3712 -0.4184 0.8290
vn -0.5095 -0.3945 0.7647
vn -0.5807 -0.4327 0.6896
vn -0.6090 -0.2415 0.7555
vn 0.4448 0.0066 -0.8956
vn -0.2867 -0.1081 -0.9519
vn 0.4289 0.1035 -0.8974
vn -0.1805 -0.8135 0.5528
vn 0.7097 -0.3155 -0.6299
vn -0.0295 0.0040 0.9996
vn -0.0050 -0.0238 0.9997
vn -0.3823 -0.0246 -0.9237
vn -0.4077 -0.1758 -0.8961
vn -0.2662 -0.0786 -0.9607
vn -0.2443 -0.0354 0.9691
vn -0.2550 -0.0199 0.9667
vn -0.2001 0.0766 0.9768
vn -0.8657 0.1496 0.4777
vn -0.5349 0.0811 0.8410
vn -0.5868 -0.2842 0.7582
vn -0.5523 0.4021 0.7303
vn 0.7513 -0.6327 -0.1879
vn -0.3201 -0.9118 0.2571
vn -0.2907 -0.9513 0.1030
vn -0.0573 0.1140 -0.9918
vn -0.1073 0.3500 -0.9306
vn -0.1018 0.5825 0.8064
vn -0.4216 0.2625 -0.8679
vn -0.4218 0.2624 -0.8679
vn 0.3549 0.1781 -0.9178
vn 0.3549 0.1780 -0.9178
vn 0.3549 0.1779 -0.9178
vn -0.2556 -0.8127 0.5237
vn -0.8813 -0.1792 -0.4372
vn -0.8813 -0.1793 -0.4371
vn -0.5182 -0.0409 -0.8543
vn -0.0250 -0.2570 -0.9661
vn -0.0248 -0.2567 -0.9662
vn -0.9268 -0.2926 -0.2355
vn -0.9344 -0.2678 -0.2349
vn -0.9336 -0.2765 -0.2278
vn -0.3281 0.0756 -0.9416
vn -0.0487 0.9151 0.4004
vn 0.4980 0.4317 -0.7521
vn 0.5327 0.5108 -0.6748
vn 0.3972 0.3031 -0.8662
vn -0.9446 -0.2976 0.1383
vn -0.5915 -0.1133 -0.7983
vn -0.0186 0.3571 -0.9339
vn -0.1902 0.5678 -0.8009
vn -0.7029 -0.2923 -0.6484
vn -0.8921 -0.1272 -0.4336
vn -0.2740 0.4942 0.8250
vn 0.0305 0.4028 0.9148
vn 0.2614 0.2046 0.9433
vn -0.2715 0.1523 -0.9503
vn -0.4676 0.4564 -0.7570
vn -0.5728 0.2697 -0.7740
vn 0.7009 -0.7077 0.0892
vn 0.3460 0.2546 0.9030
vn -0.0386 0.3386 0.9401
vn -0.0843 0.1766 0.9807
vn 0.8839 -0.0213 -0.4673
vn 0.8691 -0.1901 -0.4566
vn -0.0182 0.7601 -0.6495
vn -0.0374 0.9149 -0.4019
vn -0.3015 0.3941 -0.8682
vn -0.1401 0.4176 -0.8977
vn -0.1749 0.2242 -0.9587
vn -0.2469 -0.0041 0.9690
vn -0.1349 -0.0097 0.9908
vn 0.2149 0.2320 0.9487
vn -0.2175 -0.1704 0.9611
vn -0.0727 0.3442 0.9361
vn 0.6014 0.0654 0.7963
vn 0.6018 0.0652 0.7960
vn -0.4414 -0.4497 0.7765
vn -0.4781 0.3818 0.7910
vn 0.2156 0.2912 -0.9320
vn -0.2689 -0.8897 0.3690
vn -0.4938 -0.7634 0.4165
vn 0.2569 -0.0614 0.9645
vn 0.1892 0.0177 0.9818
vn 0.1278 0.2073 0.9699
vn 0.1277 0.2073 0.9699
vn 0.1278 0.2075 0.9699
vn -0.2156 -0.1342 0.9672
vn 0.8637 -0.2724 -0.4240
vn 0.0054 -0.1965 -0.9805
vn 0.0280 0.3489 -0.9367
vn 0.1048 0.3161 -0.9429
vn -0.4745 -0.8760 -0.0866
vn -0.4177 -0.9007 -0.1190
vn -0.0544 -0.0852 0.9949
vn -0.0087 -0.0019 1.0000
vn -0.6694 -0.5970 -0.4422
vn -0.3552 -0.3370 -0.8719
vn -0.6975 -0.7042 -0.1328
vn -0.2403 0.6041 0.7598
vn -0.2403 0.6120 0.7534
vn -0.2953 0.7549 0.5856
vn 0.1718 0.2701 0.9474
vn 0.5746 0.5880 0.5693
vn 0.9372 0.1249 -0.3255
vn -0.0857 -0.7987 0.5956
vn 0.0007 -0.1551 0.9879
vn -0.0361 0.3407 0.9395
vn -0.0227 0.0192 0.9996
vn 0.2453 0.2404 -0.9392
vn 0.0273 -0.1356 -0.9904
vn 0.0464 -0.1466 -0.9881
vn -0.0440 -0.0587 -0.9973
vn -0.2106 0.5351 -0.8181
vn -0.3205 0.8399 -0.4381
vn 0.3383 0.9391 0.0599
vn 0.2370 0.6567 0.7160
vn 0.0414 0.0866 -0.9954
vn -0.2545 -0.4349 -0.8637
vn -0.2418 -0.9535 -0.1802
vn -0.6274 -0.0551 -0.7767
vn -0.4865 0.0303 -0.8731
vn -0.4346 0.0591 -0.8987
vn 0.1822 0.9606 -0.2098
vn -0.1223 -0.1146 -0.9859
vn -0.6747 0.1089 -0.7300
vn 0.0581 -0.0598 -0.9965
vn 0.0390 -0.0479 -0.9981
vn 0.1812 -0.1149 -0.9767
vn 0.0107 0.2749 0.9614
vn 0.0105 0.2753 0.9613
vn 0.9841 0.1024 0.1453
vn 0.9917 -0.0823 0.0987
vn 0.3838 0.0101 0.9234
vn 0.1382 -0.0750 0.9876
vn 0.2117 0.0571 0.9757
vn -0.4779 -0.7188 0.5048
vn -0.5045 -0.8313 0.2333
vn -0.3644 -0.3293 0.8711
vn 0.6549 0.7018 0.2802
vn 0.2913 0.0084 -0.9566
vn 0.1019 -0.0103 -0.9947
vn 0.3239 0.0130 -0.9460
vn -0.0451 0.1648 -0.9853
vn -0.9997 0.0261 0.0015
vn -0.9849 0.1438 0.0963
vn 0.5760 0.2439 -0.7802
vn 0.0559 -0.9800 0.1908
vn 0.1138 -0.9919 -0.0557
vn 0.2174 0.0661 -0.9739
vn -0.2048 0.3429 -0.9168
vn -0.0539 0.0273 -0.9982
vn -0.0918 0.0046 -0.9958
vn -0.3069 0.3787 0.8732
vn -0.3896 0.2647 0.8821
vn -0.3435 0.4559 0.8211
vn 0.6745 0.4805 0.5605
vn 0.1252 0.0580 0.9904
vn 0.3755 0.2582 0.8901
vn 0.0811 -0.1209 -0.9893
vn 0.7979 0.5245 -0.2969
vn 0.9842 0.0996 0.1466
vn 0.5248 0.1936 -0.8289
vn -0.8845 -0.4666 -0.0042
vn -0.2248 -0.9739 -0.0313
vn 0.0560 0.0512 -0.9971
vn 0.0662 0.2703 -0.9605
vn 0.0484 0.9764 0.2103
vn -0.1980 0.5216 0.8299
vn -0.2483 0.8610 0.4439
vn -0.1937 0.8719 0.4498
vn -0.0490 0.2085 0.9768
vn -0.0802 0.5329 0.8424
vn -0.4147 -0.8238 0.3865
vn -0.2296 -0.9450 0.2329
vn 0.5025 0.3011 -0.8104
vn 0.7150 0.6370 -0.2882
vn 0.5011 0.5613 -0.6587
vn 0.5926 0.6385 -0.4911
vn -0.0334 0.8464 0.5315
vn 0.7366 0.5642 -0.3730
vn 0.6689 0.3747 -0.6421
vn -0.0166 0.0083 0.9998
vn 0.0310 0.4262 0.9041
vn -0.0966 0.3438 0.9341
vn 0.1575 0.2945 0.9426
vn 0.1322 0.2059 0.9696
vn 0.1916 0.1742 0.9659
vn 0.3153 0.3180 0.8941
vn 0.1029 0.5336 0.8394
vn 0.0353 -0.9398 -0.3398
vn 0.6847 0.0171 -0.7286
vn -0.4271 -0.1862 -0.8848
vn 0.0362 0.0318 -0.9988
vn 0.4564 0.0167 0.8896
vn 0.4942 -0.0177 0.8692
vn 0.0380 -0.3952 0.9178
vn 0.0335 0.1483 -0.9884
vn 0.3768 0.7531 -0.5394
vn 0.3902 0.7737 -0.4992
vn 0.1833 0.9629 -0.1983
vn 0.7190 -0.1695 -0.6740
vn 0.8563 0.1770 -0.4852
vn 0.0698 0.2675 -0.9610
vn 0.2021 0.3082 -0.9296
vn -0.2846 0.4749 -0.8328
vn 0.4928 0.4588 -0.7393
vn -0.5498 -0.5136 0.6587
vn -0.8139 -0.5517 0.1824
vn 0.1521 -0.1263 0.9803
vn 0.2616 -0.0040 0.9652
vn 0.2570 -0.0723 0.9637
vn 0.1916 -0.0932 0.9770
vn 0.2620 -0.1071 0.9591
vn 0.0465 -0.0615 0.9970
vn 0.2471 -0.1755 0.9530
vn 0.2258 -0.1589 0.9611
vn 0.2171 -0.1483 0.9648
vn 0.3317 -0.1546 0.9306
vn 0.2059 -0.1253 0.9705
vn 0.6652 -0.4429 0.6011
vn 0.3292 -0.3052 0.8936
vn 0.0437 -0.0750 0.9962
vn 0.2910 -0.3304 0.8978
vn 0.3637 -0.2162 0.9061
vn 0.1589 0.0057 0.9873
vn 0.2725 -0.1379 0.9522
vn 0.2025 -0.0918 0.9750
vn -0.0463 0.7609 -0.6472
vn -0.1223 0.0104 0.9924
vn -0.3061 0.1805 0.9347
vn -0.1483 -0.0664 0.9867
vn -0.0414 -0.3284 0.9436
vn -0.0076 -0.1284 0.9917
vn 0.0891 -0.5214 0.8486
vn -0.0994 -0.2008 0.9746
vn 0.0669 0.0100 0.9977
vn -0.0142 -0.0410 0.9991
vn -0.0173 -0.0065 -0.9998
vn -0.0293 -0.1050 -0.9940
vn -0.1136 -0.4678 -0.8765
vn 0.1523 0.2646 -0.9523
vn -0.0348 0.2780 -0.9599
vn -0.1146 0.2360 -0.9650
vn 0.0062 0.0581 -0.9983
vn -0.0251 0.1460 -0.9890
vn 0.2625 0.1914 -0.9458
vn 0.1342 0.2730 -0.9526
vn -0.0323 -0.1336 -0.9905
vn 0.0044 0.0078 -1.0000
vn -0.0439 -0.1708 -0.9843
vn -0.0095 0.2773 -0.9607
vn -0.4158 -0.8985 0.1408
vn 0.0942 -0.0595 -0.9938
vn 0.2798 0.1930 -0.9405
vn 0.0551 -0.0523 -0.9971
vn 0.4263 -0.2326 -0.8742
vn -0.2961 -0.2807 0.9130
vn 0.3539 0.0923 0.9307
vn -0.0003 0.0137 0.9999
vn 0.0037 0.2067 0.9784
vn -0.0047 0.2059 0.9786
vn -0.0044 0.1634 0.9866
vn -0.0201 0.3225 0.9463
vn -0.1741 0.2080 0.9625
vn 0.1410 0.2239 0.9644
vn 0.1128 -0.0412 0.9928
vn 0.1907 -0.1227 0.9740
vn 0.2657 -0.1689 0.9491
vn -0.0053 -0.0119 0.9999
vn -0.7105 0.2200 0.6685
vn 0.0366 -0.1288 0.9910
vn 0.1850 0.2124 0.9595
vn 0.0586 0.0052 0.9983
vn 0.0745 -0.0187 0.9970
vn 0.9278 0.1208 0.3529
vn 0.3126 0.0742 0.9470
vn 0.1411 0.1104 0.9838
vn 0.0057 0.0634 0.9980
vn 0.9511 -0.0856 0.2968
vn 0.2008 -0.1024 0.9743
vn 0.0713 -0.0622 0.9955
vn 0.0466 -0.0268 0.9986
vn 0.1795 0.2696 0.9461
vn -0.0003 0.0070 1.0000
vn 0.0123 -0.0733 0.9972
vn 0.0061 -0.0686 0.9976
vn -0.0210 0.3938 0.9190
vn 0.1658 -0.0135 0.9861
vn 0.2404 -0.0126 0.9706
vn 0.0328 -0.0147 0.9994
vn 0.0743 0.1203 0.9900
vn 0.1971 -0.0539 0.9789
vn 0.1442 -0.1270 0.9814
vn -0.0169 0.2361 0.9716
vn -0.2050 0.3510 0.9137
vn 0.0626 0.1190 -0.9909
vn 0.0917 0.0471 -0.9947
vn -0.0857 0.2881 -0.9537
vn -0.2081 0.2640 -0.9418
vn 0.0001 0.3195 -0.9476
vn 0.0065 -0.2345 -0.9721
vn 0.0916 0.5571 -0.8254
vn 0.1114 0.4218 -0.8998
vn -0.3450 -0.9339 -0.0942
vn -0.5480 -0.1293 0.8264
vn -0.3765 -0.2472 -0.8928
vn 0.0362 -0.3691 -0.9287
vn 0.0966 -0.4731 -0.8757
vn 0.4857 0.8215 -0.2987
vn 0.6172 0.7211 -0.3148
vn 0.2344 0.3733 -0.8976
vn -0.0566 0.9962 -0.0665
vn 0.1562 -0.0257 -0.9874
vn 0.1087 -0.0207 -0.9939
vn 0.5348 0.0293 -0.8445
vn 0.5473 0.0292 -0.8364
vn 0.5946 -0.0025 -0.8040
vn 0.4742 -0.0231 -0.8801
vn 0.5570 0.0097 -0.8305
vn 0.2082 0.0110 0.9780
vn 0.0783 -0.0150 0.9968
vn 0.9239 -0.2734 0.2677
vn -0.3680 0.7339 0.5710
vn 0.9088 -0.3922 0.1422
vn -0.0881 -0.1304 0.9875
vn -0.0826 -0.1272 0.9884
vn -0.1291 -0.3492 0.9281
vn -0.0506 0.7703 0.6357
vn -0.0445 0.9451 0.3236
vn -0.0276 0.9699 0.2421
vn -0.0171 -0.4506 0.8926
vn -0.0414 -0.3296 0.9432
vn 0.0518 -0.9601 0.2747
vn -0.0516 0.1162 0.9919
vn -0.0474 -0.1919 0.9803
vn -0.1139 0.3757 0.9197
vn 0.0591 -0.1873 0.9805
vn -0.0997 0.4892 0.8665
vn 0.0070 -0.2682 0.9633
vn 0.0326 -0.1935 0.9806
vn -0.0035 -0.2812 0.9596
vn -0.2738 -0.3373 0.9007
vn 0.0452 -0.9188 -0.3921
vn 0.0215 -0.4967 0.8677
vn 0.0429 -0.8807 0.4716
vn 0.0407 -0.8193 0.5719
vn -0.4949 0.1406 0.8575
vn -0.0883 0.1092 -0.9901
vn 0.2237 0.9746 -0.0065
vn -0.4295 -0.5038 0.7495
vn -0.2456 -0.2899 0.9250
vn -0.5888 0.7924 0.1594
vn -0.3944 0.4021 0.8263
vn -0.2399 0.1592 0.9577
vn -0.2007 0.1478 0.9684
vn -0.0455 0.7214 -0.6910
vn 0.0373 0.1939 0.9803
vn 0.0371 0.2627 0.9642
vn 0.1186 0.4845 0.8667
vn -0.0062 0.9200 0.3919
vn -0.0696 0.8963 0.4380
vn 0.1652 0.7621 0.6261
vn 0.0788 0.9145 -0.3969
vn -0.0785 0.6177 0.7825
vn -0.1295 0.7069 0.6954
vn -0.0331 0.5292 0.8479
vn -0.0802 0.6948 0.7147
vn -0.0582 0.9517 0.3015
vn 0.7438 -0.3295 -0.5816
vn 0.1386 0.0451 0.9893
vn 0.2852 0.0072 0.9584
vn -0.5556 0.0495 -0.8300
vn 0.8217 -0.1093 -0.5593
vn 0.7878 -0.1273 -0.6026
vn 0.7512 -0.0346 -0.6592
vn 0.3094 -0.0907 -0.9466
vn 0.3184 0.3468 -0.8822
vn -0.7130 -0.6655 0.2206
vn -0.2864 -0.9575 -0.0351
vn -0.3710 -0.4554 -0.8093
vn 0.0850 0.4952 -0.8646
vn 0.1316 0.2363 0.9627
vn 0.0162 -0.0698 0.9974
vn -0.1622 -0.5076 0.8462
vn 0.0253 -0.3808 -0.9243
vn 0.0358 0.6392 0.7682
vn 0.1486 0.6880 0.7104
vn 0.0434 0.2590 0.9649
vn 0.0013 0.0952 0.9955
vn -0.0052 0.0238 0.9997
vn -0.0158 0.2957 0.9551
vn 0.2654 0.7745 0.5742
vn 0.3135 0.9007 0.3008
vn 0.2824 0.8593 0.4264
vn -0.4303 0.8776 -0.2112
vn 0.9748 0.0271 -0.2213
vn 0.0963 -0.8104 0.5779
vn 0.0603 -0.8272 0.5586
vn 0.0345 -0.6635 0.7474
vn -0.2974 0.0636 0.9526
vn 0.8006 0.5987 -0.0244
vn 0.2188 0.1126 -0.9692
vn 0.1974 -0.7206 0.6647
vn 0.5785 0.7792 -0.2411
vn -0.2601 0.2061 0.9433
vn 0.1711 -0.6059 -0.7769
vn 0.0811 -0.1381 -0.9871
vn 0.0925 -0.1684 -0.9814
vn 0.0113 -0.1549 0.9879
vn -0.0054 0.1899 0.9818
vn 0.0547 -0.4595 0.8865
vn 0.4319 -0.8826 0.1858
vn -0.1721 0.9816 -0.0826
vn 0.5610 0.5786 0.5921
vn 0.3222 0.2655 0.9087
vn 0.1933 -0.1007 0.9759
vn -0.0333 0.7879 -0.6149
vn -0.0108 0.2753 -0.9613
vn -0.0114 0.4883 -0.8726
vn -0.5543 0.1099 -0.8250
vn 0.2821 0.5254 -0.8028
vn -0.0705 0.5000 -0.8632
vn -0.0985 0.6080 -0.7878
vn -0.3133 0.7865 -0.5323
vn -0.3269 0.8171 -0.4748
vn -0.3256 0.5147 0.7931
vn -0.0956 0.5249 0.8458
vn -0.0466 0.7868 0.6155
vn 0.0098 0.1233 0.9923
vn -0.1894 0.9489 -0.2523
vn -0.1122 0.3446 0.9320
vn -0.0670 0.2748 0.9592
vn -0.0111 -0.0359 0.9993
vn -0.0447 0.8211 0.5691
vn -0.0203 0.0388 0.9990
vn -0.1181 0.1147 0.9864
vn -0.0304 -0.0089 0.9995
vn -0.0035 0.1720 0.9851
vn -0.0360 0.2028 0.9786
vn 0.0186 -0.8155 0.5784
vn 0.4954 0.6348 0.5930
vn -0.4877 0.4870 -0.7245
vn -0.0149 0.2332 0.9723
vn -0.1100 0.2726 0.9558
vn -0.0379 0.5026 0.8637
vn -0.0378 0.9774 0.2080
vn 0.0571 -0.2094 0.9762
vn -0.2370 0.6365 0.7340
vn 0.0238 -0.0506 0.9984
vn 0.3065 0.0556 -0.9503
vn 0.9902 0.0505 0.1306
vn 0.4538 -0.2966 -0.8403
vn 0.1705 -0.0897 -0.9813
vn 0.2216 -0.1239 -0.9672
vn 0.3056 -0.2401 -0.9214
vn 0.0944 -0.0778 -0.9925
vn 0.0766 -0.0840 -0.9935
vn 0.2211 -0.1948 -0.9556
vn 0.0305 -0.0578 0.9979
vn -0.2821 0.0181 0.9592
vn 0.0418 -0.8151 -0.5778
vn 0.2763 0.4133 0.8677
vn 0.0760 0.0083 -0.9971
vn 0.0545 -0.4464 -0.8932
vn 0.0136 -0.1889 -0.9819
vn 0.0464 -0.9730 -0.2262
vn 0.0814 -0.9884 -0.1281
vn 0.0054 -0.4232 -0.9060
vn 0.0389 -0.6467 -0.7617
vn 0.0825 -0.8867 -0.4548
vn 0.0460 -0.9550 -0.2929
vn -0.0272 0.3996 -0.9163
vn -0.1138 0.3092 -0.9442
vn -0.0148 0.3324 -0.9430
vn -0.9117 -0.3470 -0.2199
vn -0.8913 -0.3492 -0.2892
vn -0.8150 -0.3718 -0.4444
vn -0.8320 -0.3708 -0.4126
vn -0.1360 -0.0992 -0.9857
vn 0.0502 0.2978 -0.9533
vn 0.0137 0.6816 -0.7316
vn -0.1680 -0.6347 0.7543
vn 0.9369 0.2007 0.2863
vn -0.2649 -0.6005 0.7545
vn -0.2686 -0.7145 0.6460
vn -0.1892 -0.5476 0.8151
vn -0.8702 -0.4776 0.1208
vn 0.2377 -0.1625 -0.9576
vn 0.2782 -0.0755 -0.9576
vn 0.3431 -0.7542 0.5598
vn 0.0745 0.5328 -0.8429
vn 0.0276 -0.5811 0.8134
vn 0.0429 -0.8335 0.5509
vn 0.3903 -0.2174 -0.8946
vn -0.7895 0.2416 0.5642
vn 0.6995 0.3607 0.6169
vn 0.8913 -0.2211 -0.3959
vn 0.7428 -0.3271 -0.5842
vn 0.4457 0.2813 -0.8498
vn -0.0410 -0.1635 0.9857
vn -0.0812 -0.1597 0.9838
vn 0.9061 -0.1807 0.3825
vn 0.7564 -0.1685 -0.6320
vn -0.5212 0.1184 0.8452
vn 0.0244 -0.1124 0.9934
vn 0.0218 -0.3481 0.9372
vn -0.0133 0.1153 0.9932
vn -0.0615 0.3786 0.9235
vn -0.0863 0.4618 0.8828
vn -0.2982 0.7669 0.5682
vn 0.1155 -0.2257 0.9673
vn 0.1159 -0.2242 0.9676
vn -0.3868 0.7308 0.5624
vn -0.4336 -0.0971 -0.8959
vn -0.8357 0.1637 -0.5243
vn -0.2369 0.0092 -0.9715
vn -0.1665 -0.0487 -0.9848
vn 0.0139 0.7787 -0.6272
vn 0.7797 -0.2743 -0.5629
vn 0.8448 -0.5241 0.1078
vn -0.0143 -0.0174 0.9997
vn -0.4132 0.5650 0.7142
vn -0.5071 0.6514 0.5644
vn -0.1368 0.3786 0.9154
vn -0.4373 0.6248 0.6468
vn -0.5751 0.2778 0.7695
vn -0.3864 0.0496 0.9210
vn -0.8731 0.1369 0.4680
vn -0.6414 0.3512 0.6821
vn -0.3541 -0.6630 0.6596
vn 0.1220 0.0280 0.9921
vn -0.1676 -0.1637 0.9722
vn -0.1823 -0.1776 0.9671
vn -0.1777 -0.2016 0.9632
vn -0.0453 -0.0426 0.9981
vn 0.1174 0.0471 0.9920
vn -0.3418 0.1806 0.9223
vn -0.5968 0.2227 0.7708
vn 0.0069 0.2076 0.9782
vn 0.1217 0.3798 0.9170
vn 0.0335 -0.0417 0.9986
vn 0.1307 -0.0737 -0.9887
vn 0.4332 0.0043 -0.9013
vn 0.3973 -0.0030 -0.9177
vn 0.2051 0.1093 -0.9726
vn 0.4927 0.8702 -0.0037
vn 0.6688 -0.3330 0.6647
vn 0.5885 -0.6057 -0.5355
vn 0.6769 -0.7163 -0.1696
vn 0.0985 0.3736 -0.9223
vn -0.0797 0.0133 0.9967
vn 0.0395 -0.0128 0.9991
vn -0.0199 0.0851 0.9962
vn -0.0429 0.9961 0.0773
vn 0.0001 0.2017 0.9794
vn 0.1131 0.0038 0.9936
vn 0.0205 0.0036 0.9998
vn 0.0217 -0.1081 0.9939
vn 0.0300 -0.0726 0.9969
vn -0.0044 0.0146 0.9999
vn -0.1065 0.3316 0.9374
vn 0.0181 -0.0727 0.9972
vn 0.1258 0.1523 0.9803
vn 0.0750 0.0188 0.9970
vn 0.1110 -0.0292 0.9934
vn -0.0918 0.0341 0.9952
vn -0.0031 0.0186 0.9998
vn 0.0311 -0.1258 0.9916
vn 0.0172 0.0728 0.9972
vn 0.2233 0.3803 0.8975
vn 0.0054 -0.0338 0.9994
vn -0.0006 -0.0180 0.9998
vn 0.0392 0.1577 0.9867
vn 0.0007 0.0184 0.9998
vn -0.0470 -0.0055 0.9989
vn -0.1108 0.2263 0.9677
vn -0.0783 0.0394 0.9961
vn -0.0720 0.3602 0.9301
vn 0.0205 -0.0295 0.9994
vn 0.1675 0.1806 0.9692
vn 0.1697 0.1992 0.9652
vn 0.0504 0.0442 0.9978
vn 0.0762 -0.2986 0.9513
vn -0.3535 -0.1395 0.9250
vn 0.0087 0.0104 0.9999
vn 0.0094 0.1402 0.9901
vn 0.0109 -0.0113 0.9999
vn -0.1176 -0.1671 0.9789
vn 0.0090 -0.0016 1.0000
vn -0.0127 0.0045 0.9999
vn 0.0040 -0.0239 0.9997
vn 0.0056 -0.0239 0.9997
vn 0.0050 -0.0493 0.9988
vn -0.0410 -0.7213 0.6914
vn 0.0626 -0.1792 0.9818
vn -0.0981 -0.1539 0.9832
vn 0.0121 -0.0265 0.9996
vn -0.1450 -0.1426 0.9791
vn -0.0167 -0.0433 0.9989
vn 0.2498 -0.1455 0.9573
vn -0.0013 -0.1252 0.9921
vn 0.1424 0.0398 0.9890
vn 0.1511 -0.0416 0.9876
vn 0.0232 -0.0381 0.9990
vn 0.0233 -0.0861 0.9960
vn 0.1357 -0.1578 0.9781
vn 0.5661 -0.0165 0.8242
vn 0.1098 -0.0278 0.9936
vn 0.1049 -0.0102 0.9944
vn 0.0114 -0.1281 0.9917
vn 0.0692 -0.0021 0.9976
vn 0.2190 -0.1149 0.9689
vn 0.0237 -0.0122 0.9996
vn -0.6754 0.0519 0.7356
vn -0.1633 -0.1528 0.9747
vn -0.0582 -0.0670 0.9961
vn 0.3915 -0.1868 0.9010
vn 0.0221 -0.0376 0.9990
vn 0.0652 -0.0791 0.9947
vn 0.0165 -0.0405 0.9990
vn -0.2286 0.2732 0.9344
vn -0.1256 0.1707 0.9773
vn -0.1495 -0.2984 0.9427
vn -0.0038 -0.0477 0.9989
vn 0.0012 -0.0342 0.9994
vn -0.3400 -0.1592 0.9268
vn -0.8721 -0.0383 0.4878
vn -0.0148 -0.0102 0.9998
vn 0.0700 -0.1439 0.9871
vn -0.8483 0.2488 -0.4674
vn -0.2531 0.3427 -0.9047
vn -0.2337 -0.2329 0.9440
vn 0.2221 -0.1625 -0.9614
vn -0.3016 0.1074 -0.9474
vn -0.0434 -0.0009 -0.9991
vn 0.0590 -0.0996 -0.9933
vn 0.0445 -0.1020 -0.9938
vn -0.0279 -0.1002 -0.9946
vn 0.0564 0.0091 -0.9984
vn -0.0137 0.0034 -0.9999
vn 0.5669 0.8005 -0.1947
vn -0.0822 -0.1126 -0.9902
vn -0.0115 0.1510 -0.9885
vn 0.3907 -0.1930 -0.9001
vn -0.0589 -0.1815 -0.9816
vn 0.0418 -0.0308 -0.9987
vn 0.0675 0.1036 -0.9923
vn 0.0438 0.0845 -0.9955
vn 0.0236 -0.0004 -0.9997
vn 0.0703 0.0977 -0.9927
vn 0.2265 -0.1430 -0.9635
vn 0.1447 -0.0896 -0.9854
vn -0.0218 -0.0133 -0.9997
vn 0.0447 -0.1298 -0.9905
vn -0.0294 0.0728 -0.9969
vn 0.4608 -0.2548 -0.8501
vn 0.0135 -0.0560 -0.9983
vn -0.0127 0.2715 -0.9623
vn 0.0328 -0.1144 -0.9929
vn 0.0175 -0.2047 -0.9787
vn 0.0936 -0.0803 -0.9924
vn 0.1873 -0.1685 -0.9678
vn 0.1249 -0.0321 -0.9917
vn 0.2059 -0.0358 -0.9779
vn 0.1090 -0.0208 -0.9938
vn 0.1277 -0.0205 -0.9916
vn -0.0641 -0.0334 -0.9974
vn 0.0515 -0.0226 -0.9984
vn 0.1908 -0.0076 -0.9816
vn 0.0906 -0.0013 -0.9959
vn 0.1018 0.2014 -0.9742
vn 0.2605 -0.4003 -0.8786
vn 0.2718 -0.1920 -0.9430
vn 0.1249 -0.0816 -0.9888
vn 0.5883 -0.2246 -0.7768
vn 0.3228 -0.1120 -0.9398
vn 0.4784 -0.1613 -0.8632
vn 0.4046 -0.0776 -0.9112
vn 0.0028 0.0189 -0.9998
vn -0.0175 0.0088 -0.9998
vn -0.1741 0.7440 -0.6451
vn 0.0060 -0.0294 -0.9995
vn 0.0607 -0.5805 -0.8120
vn 0.4513 -0.3797 0.8075
vn 0.0312 -0.5608 0.8274
vn -0.0133 -0.4833 0.8754
vn 0.0240 0.8992 0.4368
vn 0.0212 0.9418 0.3355
vn 0.5461 0.8347 -0.0713
vn 0.4778 0.8770 -0.0506
vn -0.1795 -0.6632 -0.7266
vn -0.1054 0.3080 0.9455
vn -0.1766 -0.9193 -0.3516
vn 0.2929 -0.8484 -0.4410
vn 0.1175 -0.0452 0.9920
vn -0.5147 -0.1315 0.8472
vn -0.4902 -0.0725 0.8686
vn 0.1694 -0.2971 0.9397
vn -0.5893 0.0245 0.8076
vn -0.5838 0.0080 0.8118
vn -0.6589 0.2228 0.7184
vn -0.3281 0.1903 0.9253
vn 0.8131 -0.5734 0.1006
vn 0.0019 0.0463 -0.9989
vn -0.0145 0.3124 -0.9498
vn -0.0164 0.3461 -0.9380
vn -0.0286 0.8134 -0.5810
vn -0.3168 -0.7111 -0.6277
vn -0.0031 0.3825 -0.9240
vn 0.0320 -0.1351 0.9903
vn -0.0303 0.4339 0.9005
vn -0.0406 0.1071 0.9934
vn -0.0846 0.1491 0.9852
vn -0.0213 0.2199 0.9753
vn 0.0927 0.1688 0.9813
vn -0.0175 0.1282 0.9916
vn 0.0619 -0.2216 0.9732
vn -0.0312 0.0531 0.9981
vn -0.0437 0.0565 0.9974
vn -0.0318 0.0441 0.9985
vn -0.0206 0.0366 0.9991
vn -0.0083 0.0566 0.9984
vn 0.0166 -0.0311 0.9994
vn 0.0273 0.0270 0.9993
vn 0.0061 0.1054 0.9944
vn 0.1364 0.2471 0.9594
vn 0.7270 -0.3208 0.6071
vn 0.7953 -0.3627 0.4857
vn 0.3936 -0.2074 -0.8956
vn 0.6479 0.6363 -0.4187
vn 0.2675 0.3377 -0.9024
vn -0.2151 -0.2100 -0.9537
vn 0.7409 0.6710 0.0289
vn 0.2731 0.1890 -0.9432
vn 0.0775 0.1588 -0.9843
vn 0.2104 0.0603 -0.9757
vn 0.0528 -0.8341 0.5491
vn -0.2192 0.2393 0.9459
vn 0.1379 0.3620 0.9219
vn 0.1216 0.1160 0.9858
vn 0.2091 0.2258 0.9515
vn 0.2594 0.3386 0.9045
vn 0.2788 0.2398 0.9299
vn 0.0127 0.1781 0.9839
vn 0.0555 0.0838 0.9949
vn 0.0110 0.0672 0.9977
vn -0.0091 0.2235 0.9747
vn 0.0253 -0.4348 0.9002
vn -0.0166 -0.0024 0.9999
vn -0.0665 0.0746 0.9950
vn -0.0796 0.0782 0.9938
vn 0.3010 0.0074 0.9536
vn 0.0712 -0.0839 0.9939
vn 0.2055 -0.1248 0.9707
vn 0.0198 -0.0585 0.9981
vn 0.0428 -0.0128 0.9990
vn 0.0503 -0.7200 0.6922
vn 0.1107 0.2277 0.9674
vn 0.3442 0.3767 -0.8600
vn -0.0316 0.8208 -0.5703
vn -0.1171 0.4177 -0.9010
vn -0.1240 0.2066 -0.9705
vn -0.1914 0.4696 -0.8619
vn -0.0251 0.1177 -0.9927
vn -0.0313 0.3906 -0.9200
vn 0.2473 -0.6672 0.7026
vn 0.4057 -0.4703 0.7838
vn 0.1806 -0.8370 0.5166
vn 0.6429 -0.0790 -0.7619
vn 0.9191 -0.2779 -0.2792
vn 0.8051 -0.2045 -0.5567
vn -0.1089 0.2629 -0.9587
vn -0.0095 0.0423 -0.9991
vn -0.1137 0.1532 0.9816
vn -0.0415 0.0407 0.9983
vn -0.1707 0.1533 0.9733
vn 0.1214 0.1306 0.9840
vn 0.1877 -0.0298 -0.9818
vn 0.0913 -0.0891 -0.9918
vn 0.0236 -0.0476 -0.9986
vn 0.1263 -0.1404 -0.9820
vn 0.0353 -0.0593 -0.9976
vn -0.0403 0.0334 -0.9986
vn 0.2153 -0.0970 -0.9717
vn -0.2405 -0.0147 -0.9705
vn -0.0986 0.0312 -0.9946
vn 0.2705 -0.0938 -0.9581
vn 0.0404 -0.0942 -0.9947
vn 0.0393 -0.0454 -0.9982
vn 0.2335 -0.1694 -0.9575
vn -0.0730 0.3016 -0.9506
vn -0.0308 -0.0300 -0.9991
vn -0.0327 0.0175 -0.9993
vn 0.0510 0.0260 -0.9984
vn 0.1636 0.1824 -0.9695
vn -0.0086 0.3882 -0.9215
vn -0.0043 -0.0140 -0.9999
vn -0.0525 -0.1296 -0.9902
vn -0.0761 -0.0517 -0.9958
vn -0.0329 -0.1008 -0.9944
vn -0.1481 -0.1318 -0.9802
vn 0.0473 0.0006 -0.9989
vn 0.2154 -0.0129 -0.9764
vn 0.3092 0.0446 -0.9499
vn 0.0570 -0.2231 -0.9731
vn -0.0014 -0.1416 -0.9899
vn 0.0619 -0.2014 -0.9775
vn 0.0574 -0.1579 -0.9858
vn -0.0911 -0.0688 -0.9935
vn -0.0762 -0.0397 -0.9963
vn -0.0924 -0.0488 -0.9945
vn 0.0165 -0.1312 -0.9912
vn -0.5557 -0.5669 -0.6082
vn -0.0120 -0.0546 -0.9984
vn 0.3329 -0.4411 -0.8334
vn 0.0075 -0.0093 -0.9999
vn 0.0994 -0.1191 -0.9879
vn 0.0211 -0.0627 -0.9978
vn -0.3033 0.5512 0.7773
vn -0.1113 0.7431 0.6599
vn 0.0004 -0.0563 0.9984
vn -0.3326 0.0731 -0.9402
vn -0.5356 0.0344 -0.8438
vn -0.5696 -0.0402 -0.8210
vn -0.2182 0.0146 -0.9758
vn -0.4796 0.2086 -0.8523
vn 0.7615 -0.4823 -0.4330
vn 0.3646 -0.0763 0.9280
vn -0.1744 -0.0732 -0.9820
vn 0.2844 0.0954 -0.9540
vn -0.0715 -0.0150 -0.9973
vn 0.2440 -0.0188 -0.9696
vn -0.6567 0.4635 0.5949
vn 0.7064 0.1033 0.7002
vn 0.0430 -0.8779 -0.4769
vn -0.0520 -0.0949 -0.9941
vn 0.0062 -0.4625 -0.8866
vn -0.0404 -0.1021 -0.9939
vn -0.0620 -0.0565 -0.9965
vn 0.0138 -0.2980 -0.9545
vn 0.0182 -0.4408 -0.8974
vn -0.0152 -0.1246 -0.9921
vn 0.0003 -0.0615 -0.9981
vn -0.2797 0.1378 0.9501
vn -0.2978 -0.3292 -0.8961
vn -0.2297 -0.7866 -0.5732
vn 0.3829 -0.5785 -0.7202
vn 0.1349 -0.9879 -0.0768
vn 0.2027 -0.5089 -0.8366
vn 0.5933 -0.6246 -0.5077
vn 0.0151 -0.0242 -0.9996
vn 0.6526 -0.2343 -0.7205
vn 0.8963 -0.4317 0.1017
vn 0.4260 -0.2001 0.8823
vn 0.4289 -0.2248 0.8749
vn 0.0632 -0.0441 0.9970
vn -0.0134 0.0357 0.9993
vn 0.2186 -0.1184 0.9686
vn 0.5901 -0.1934 0.7838
vn 0.2985 0.8212 0.4864
vn 0.0561 -0.9686 0.2423
vn 0.3120 -0.8597 0.4045
vn -0.7452 0.1531 0.6491
vn 0.2141 0.9500 0.2273
vn -0.2615 -0.8315 0.4902
vn -0.3308 -0.7672 0.5495
vn -0.2932 -0.7247 0.6236
vn 0.0259 -0.9960 0.0851
vn -0.5759 0.7708 -0.2724
vn -0.2157 0.2557 -0.9424
vn -0.6116 0.7906 -0.0307
vn -0.5192 0.6969 -0.4948
vn -0.2144 0.2771 -0.9366
vn -0.0446 0.0818 -0.9957
vn -0.1968 0.3692 -0.9083
vn 0.0549 -0.0350 -0.9979
vn 0.0823 0.7248 0.6841
vn 0.1414 0.2481 -0.9584
vn 0.0532 0.2666 -0.9623
vn 0.0293 0.1603 -0.9866
vn 0.0396 0.1053 -0.9937
vn 0.1482 0.5411 -0.8278
vn 0.0286 0.0217 -0.9994
vn -0.0256 0.2140 -0.9765
vn -0.1311 0.2611 -0.9564
vn 0.0299 0.0381 -0.9988
vn 0.0201 -0.0114 -0.9997
vn -0.1409 0.2325 -0.9623
vn 0.0221 -0.0368 -0.9991
vn -0.1274 0.2225 -0.9666
vn -0.3113 0.4217 -0.8516
vn 0.0349 -0.0461 -0.9983
vn -0.0240 0.0334 -0.9992
vn -0.0081 0.0359 -0.9993
vn -0.0027 0.1367 -0.9906
vn -0.1058 0.1167 -0.9875
vn -0.0044 0.0587 -0.9983
vn -0.1035 -0.1056 -0.9890
vn -0.0867 0.1094 -0.9902
vn -0.1820 0.1669 -0.9690
vn -0.1290 -0.1470 -0.9807
vn -0.0554 -0.0770 -0.9955
vn -0.4291 -0.4166 -0.8014
vn -0.0180 -0.0930 -0.9955
vn 0.0372 -0.0643 -0.9972
vn 0.0578 -0.2209 -0.9736
vn 0.0537 0.0133 -0.9985
vn 0.0157 0.1509 -0.9884
vn -0.1975 0.2529 -0.9471
vn -0.0928 0.1788 -0.9795
vn 0.4219 0.5057 -0.7525
vn 0.0137 0.0201 -0.9997
vn 0.3215 0.3125 -0.8939
vn 0.4772 0.6312 -0.6114
vn 0.0709 -0.0609 -0.9956
vn 0.1142 0.1376 -0.9839
vn 0.0573 -0.0223 -0.9981
vn -0.0700 0.0694 -0.9951
vn -0.0004 -0.0218 -0.9998
vn -0.0260 0.4452 0.8950
vn 0.0351 -0.9178 0.3955
vn 0.0927 -0.9951 0.0343
vn 0.4874 -0.5005 -0.7155
vn 0.2629 0.3257 -0.9082
vn 0.3617 -0.1128 0.9255
vn -0.2521 0.1254 0.9595
vn 0.5588 -0.2227 0.7988
vn 0.2636 -0.1150 0.9578
vn -0.5706 -0.5521 -0.6079
vn 0.0881 -0.0291 0.9957
vn -0.3577 0.0726 -0.9310
vn -0.3760 0.1388 -0.9162
vn -0.2093 -0.1846 -0.9603
vn 0.0729 0.0595 -0.9956
vn -0.1368 0.0482 0.9894
vn 0.3658 -0.3039 -0.8797
vn 0.0973 -0.0449 -0.9942
vn 0.0500 -0.0564 -0.9972
vn 0.2675 -0.0306 -0.9631
vn 0.3302 0.9296 0.1636
vn 0.2630 -0.1910 0.9457
vn 0.4303 -0.2406 0.8700
vn 0.2533 -0.1737 0.9517
vn -0.0351 -0.0092 0.9993
vn 0.2958 0.1511 0.9432
vn -0.7229 -0.0277 0.6904
vn -0.1213 -0.0271 0.9922
vn 0.2807 0.1459 0.9486
vn 0.0223 -0.0576 0.9981
vn 0.2411 -0.7765 -0.5822
vn 0.3641 0.4726 0.8025
vn 0.3711 0.3962 0.8399
vn 0.5168 0.3824 0.7660
vn 0.2972 0.3620 0.8835
vn 0.2585 0.3427 0.9032
vn 0.8754 0.4567 0.1581
vn 0.0269 -0.5136 0.8576
vn 0.0156 -0.3399 0.9403
vn -0.0018 0.0070 1.0000
vn 0.0268 -0.3221 0.9463
vn 0.0022 0.0102 0.9999
vn 0.0059 -0.0990 0.9951
vn -0.0120 -0.3528 0.9356
vn 0.0114 -0.3584 0.9335
vn 0.0238 -0.3857 0.9223
vn -0.0445 0.0961 -0.9944
vn -0.0834 0.1918 -0.9779
vn -0.1708 0.4167 -0.8929
vn -0.3586 0.7973 -0.4854
vn -0.1210 0.5501 -0.8263
vn -0.1167 0.2998 -0.9468
vn -0.1027 0.2878 -0.9522
vn -0.0056 0.0607 -0.9981
vn -0.2611 0.7064 -0.6579
vn -0.0765 0.1687 -0.9827
vn 0.1089 0.3124 0.9437
vn 0.0431 0.0213 0.9988
vn -0.6779 -0.6604 0.3230
vn 0.6245 0.1393 -0.7685
vn -0.0124 0.0987 0.9950
vn -0.0689 0.0709 0.9951
vn -0.3207 0.9472 0.0065
vn -0.4465 0.0010 0.8948
vn -0.4631 0.1304 0.8767
vn -0.2146 0.0143 0.9766
vn -0.3164 0.3146 0.8949
vn -0.3427 0.2283 0.9113
vn -0.3884 0.0606 0.9195
vn -0.3590 0.1917 0.9135
vn -0.2632 0.3966 0.8794
vn 0.0089 -0.0081 -0.9999
vn 0.1195 0.1080 -0.9869
vn 0.1955 -0.1175 -0.9736
vn 0.6589 -0.4496 -0.6031
vn -0.5139 -0.4935 -0.7016
vn -0.3608 -0.3495 -0.8647
vn -0.0392 -0.0279 0.9988
vn 0.4977 -0.3985 0.7704
vn -0.1335 0.7838 -0.6064
vn 0.7262 -0.3583 0.5868
vn 0.6980 -0.5371 0.4736
vn -0.4570 -0.8891 -0.0259
vn 0.2663 -0.2336 0.9352
vn 0.0666 0.0736 0.9951
vn 0.7544 -0.2785 0.5944
vn -0.1570 0.0658 0.9854
vn 0.4510 -0.4046 0.7955
vn 0.7185 -0.5476 0.4289
vn 0.6422 -0.5165 0.5663
vn 0.8104 -0.5239 -0.2623
vn 0.0514 -0.4285 0.9021
vn 0.6078 -0.7510 0.2578
vn 0.2762 -0.1544 0.9486
vn 0.3318 0.2263 -0.9158
vn 0.4393 0.3593 -0.8234
vn 0.4127 0.4666 -0.7822
vn 0.3813 0.5456 -0.7462
vn 0.3316 0.4902 -0.8061
vn 0.0759 -0.2343 0.9692
vn -0.1172 -0.6672 -0.7356
vn -0.5829 0.1836 -0.7915
vn 0.0866 -0.0263 -0.9959
vn -0.5802 0.3806 -0.7201
vn -0.3401 -0.2189 -0.9146
vn -0.3964 -0.2121 -0.8932
vn -0.3592 -0.2176 -0.9075
vn -0.2492 -0.1026 -0.9630
vn -0.1933 -0.2529 -0.9480
vn 0.6265 0.1776 -0.7589
vn -0.1143 0.9033 0.4134
vn -0.6731 -0.5565 0.4871
vn -0.1265 0.3778 -0.9172
vn 0.5940 -0.3135 -0.7409
vn -0.2509 0.7703 0.5862
vn -0.0542 0.8736 0.4836
vn -0.0511 0.8453 0.5318
vn 0.5606 0.5823 0.5888
vn 0.0951 0.4894 0.8668
vn 0.1219 0.5042 0.8549
vn -0.1589 0.4589 0.8741
vn 0.0759 0.5930 0.8016
vn -0.4775 -0.2698 -0.8362
vn -0.3207 -0.1268 -0.9386
vn 0.3133 0.0439 -0.9486
vn 0.3734 0.4670 -0.8016
vn 0.0044 0.0552 -0.9985
vn -0.0049 -0.0685 -0.9976
vn -0.0036 0.4899 -0.8718
vn 0.2011 0.7398 -0.6421
vn -0.0022 -0.0504 -0.9987
vn 0.4488 0.5385 -0.7132
vn 0.0506 0.0135 -0.9986
vn 0.0607 0.0738 -0.9954
vn 0.1849 0.5466 -0.8167
vn 0.2282 -0.2990 -0.9265
vn 0.1737 -0.5116 0.8415
vn 0.0399 -0.8815 0.4705
vn 0.0464 -0.8464 0.5306
vn 0.2465 -0.8716 0.4238
vn 0.0138 -0.2664 0.9638
vn -0.3905 0.1557 0.9074
vn 0.4421 0.5133 0.7356
vn 0.0126 0.3393 0.9406
vn -0.0090 0.3106 -0.9505
vn 0.2059 -0.6996 0.6843
vn 0.4384 -0.6060 0.6637
vn -0.6658 -0.3427 0.6628
vn -0.2503 -0.0984 0.9631
vn -0.3986 -0.3502 0.8476
vn -0.3855 -0.3406 0.8576
vn -0.4129 -0.2701 0.8698
vn -0.3814 -0.2351 0.8940
vn 0.6922 -0.4513 -0.5632
vn 0.3197 -0.3084 -0.8959
vn 0.2771 -0.3386 -0.8992
vn 0.0940 -0.1439 -0.9851
vn 0.3013 -0.7493 -0.5897
vn -0.0021 -0.0034 -1.0000
vn 0.0238 -0.0148 -0.9996
vn 0.2253 -0.1246 -0.9663
vn 0.2976 -0.3007 -0.9061
vn 0.0336 0.0086 -0.9994
vn 0.1025 0.0921 -0.9905
vn 0.0226 0.0209 -0.9995
vn 0.0314 0.1549 -0.9874
vn 0.0262 0.0435 -0.9987
vn 0.1102 0.1753 -0.9783
vn 0.0176 0.0343 -0.9993
vn 0.0875 0.3451 -0.9345
vn 0.0034 0.0732 -0.9973
vn -0.0075 -0.0234 -0.9997
vn -0.0162 0.0117 -0.9998
vn -0.4525 -0.0211 -0.8915
vn -0.0222 -0.0163 -0.9996
vn -0.0707 -0.0058 -0.9975
vn -0.1638 0.1229 -0.9788
vn -0.0396 0.0348 -0.9986
vn -0.0571 0.1047 -0.9929
vn -0.0176 0.0444 -0.9989
vn 0.0385 0.0038 -0.9993
vn 0.0017 0.0352 -0.9994
vn -0.0185 -0.0186 -0.9997
vn -0.2581 0.0607 -0.9642
vn 0.0080 -0.0409 -0.9991
vn 0.0284 -0.0443 -0.9986
vn 0.2025 -0.1521 -0.9674
vn 0.0215 -0.0440 -0.9988
vn -0.0932 0.2024 -0.9749
vn -0.0827 -0.0715 -0.9940
vn -0.0908 0.1019 -0.9906
vn 0.0058 -0.3749 -0.9270
vn -0.0959 0.0973 -0.9906
vn -0.1544 0.3418 -0.9270
vn 0.2570 -0.1507 -0.9546
vn 0.2069 0.2074 -0.9561
vn -0.0246 0.1032 -0.9944
vn -0.0748 0.1228 -0.9896
vn -0.0645 0.1287 -0.9896
vn -0.0314 0.0717 -0.9969
vn -0.0870 0.1360 -0.9869
vn -0.3679 0.3420 -0.8647
vn -0.0290 0.2328 -0.9721
vn 0.2410 0.0412 -0.9697
vn -0.0338 0.0568 -0.9978
vn -0.2035 0.4403 -0.8745
vn -0.0345 0.1089 -0.9935
vn -0.0872 0.1703 -0.9815
vn 0.4955 -0.1299 0.8588
vn -0.1613 -0.0466 0.9858
vn 0.9041 -0.4145 -0.1041
vn 0.2868 0.4690 -0.8353
vn 0.7714 -0.4074 0.4888
vn 0.6645 -0.3278 0.6716
vn 0.1556 -0.5133 0.8440
vn 0.0428 0.0630 0.9971
vn -0.0510 -0.0506 0.9974
vn 0.0677 0.0015 0.9977
vn -0.0248 0.0116 0.9996
vn 0.1192 -0.8250 -0.5523
vn 0.3371 0.9035 -0.2648
vn 0.0399 0.3626 0.9311
vn 0.0156 0.4189 0.9079
vn 0.2577 -0.0058 -0.9662
vn 0.1756 0.2666 -0.9477
vn -0.0316 -0.0316 0.9990
vn 0.2563 0.2923 0.9213
vn 0.0044 0.0459 0.9989
vn -0.0001 0.0236 0.9997
vn -0.0049 0.3951 0.9186
vn 0.0144 -0.5201 0.8540
vn -0.0030 0.1096 0.9940
vn -0.0673 -0.0669 0.9955
vn 0.0021 0.2454 0.9694
vn -0.0055 0.0762 0.9971
vn 0.0683 0.2454 0.9670
vn 0.0684 0.2449 0.9671
vn -0.0810 -0.0619 0.9948
vn 0.0445 0.0656 0.9969
vn -0.0018 -0.1081 0.9941
vn -0.0185 0.1192 0.9927
vn 0.1131 -0.0843 0.9900
vn -0.0891 0.0453 0.9950
vn 0.0092 0.3631 0.9317
vn -0.1239 0.3822 0.9157
vn 0.0417 -0.0080 0.9991
vn 0.1247 0.1957 0.9727
vn -0.1028 -0.4629 0.8805
vn 0.0630 0.3739 0.9253
vn -0.0750 0.4207 0.9041
vn 0.0063 0.1607 0.9870
vn 0.0321 0.1971 0.9799
vn -0.0454 0.1905 0.9806
vn 0.0410 0.1074 0.9934
vn -0.0262 -0.0698 -0.9972
vn -0.0056 -0.0738 -0.9973
vn 0.0047 -0.0337 -0.9994
vn 0.0087 -0.0158 -0.9998
vn -0.0776 -0.0442 -0.9960
vn 0.0166 -0.0214 -0.9996
vn 0.1288 0.0562 -0.9901
vn -0.0087 0.2561 -0.9666
vn -0.2015 0.2173 -0.9551
vn -0.0157 -0.0176 -0.9997
vn -0.3004 0.2188 -0.9284
vn -0.1115 0.0472 -0.9926
vn -0.0205 -0.0204 -0.9996
vn -0.1305 0.0440 -0.9905
vn -0.0973 0.0232 -0.9950
vn -0.0332 -0.0095 -0.9994
vn -0.0621 -0.0137 -0.9980
vn -0.0265 -0.0301 -0.9992
vn 0.0055 -0.0254 -0.9997
vn -0.0564 0.0139 -0.9983
vn -0.1713 -0.1494 -0.9738
vn -0.0494 -0.1011 -0.9936
vn 0.1325 0.0447 -0.9902
vn 0.0431 -0.0327 -0.9985
vn 0.1550 -0.0280 -0.9875
vn 0.1664 -0.1295 -0.9775
vn 0.0737 0.3469 -0.9350
vn 0.0765 -0.1488 -0.9859
vn -0.0057 -0.0176 -0.9998
vn -0.0868 -0.0251 -0.9959
vn -0.0129 -0.0288 -0.9995
vn -0.1506 -0.9083 0.3902
vn -0.0910 -0.2907 -0.9525
vn -0.2155 -0.8640 -0.4550
vn -0.4395 -0.8953 0.0732
vn -0.4482 -0.8937 -0.0200
vn -0.5067 -0.8590 -0.0732
vn -0.4529 -0.8911 0.0291
vn 0.2221 -0.0778 -0.9719
vn 0.4886 -0.2806 -0.8262
vn 0.3437 -0.2902 -0.8931
vn 0.4703 -0.1202 -0.8743
vn 0.7168 -0.3484 -0.6040
vn 0.4175 -0.1314 -0.8991
vn -0.0189 0.4092 0.9122
vn -0.0943 0.1477 0.9845
vn -0.0395 0.2744 0.9608
vn 0.0113 0.2120 0.9772
vn -0.0144 0.3733 0.9276
vn -0.1349 0.0482 -0.9897
vn -0.9787 -0.2022 -0.0354
vn -0.5527 -0.5088 -0.6601
vn -0.4051 -0.4449 -0.7987
vn 0.2297 -0.9611 0.1532
vn 0.5846 -0.4550 0.6717
vn -0.0460 -0.1168 0.9921
vn 0.4183 0.0510 -0.9069
vn 0.3662 0.4020 0.8392
vn -0.0642 0.9109 0.4076
vn -0.0569 -0.7132 -0.6987
vn -0.0313 -0.9929 0.1146
vn 0.0449 -0.5416 0.8394
vn 0.6223 0.5185 -0.5864
vn 0.6841 0.6788 -0.2668
vn 0.6971 0.7158 0.0417
vn 0.6392 0.3191 -0.6997
vn 0.0066 0.9692 0.2462
vn 0.2404 0.6350 -0.7342
vn 0.2290 0.4971 -0.8369
vn 0.0895 0.5294 -0.8436
vn -0.3095 -0.5010 -0.8083
vn -0.0486 -0.5465 -0.8361
vn -0.0438 -0.1468 -0.9882
vn -0.0310 -0.1547 -0.9875
vn -0.1884 -0.6404 -0.7446
vn -0.2022 -0.2932 -0.9344
vn 0.5296 0.5362 0.6572
vn -0.0305 -0.7947 0.6063
vn -0.0620 -0.9874 0.1457
vn -0.4269 -0.6552 0.6233
vn -0.3898 -0.7272 0.5651
vn 0.8973 -0.2140 -0.3860
vn -0.6300 0.2222 -0.7442
vn -0.2864 0.1455 -0.9470
vn -0.4493 0.1283 -0.8841
vn 0.0011 -0.0068 -1.0000
vn -0.3338 -0.0225 -0.9424
vn 0.1684 0.9016 -0.3985
vn -0.2886 0.4736 -0.8321
vn 0.0132 -0.0976 -0.9951
vn -0.0579 -0.0763 -0.9954
vn 0.0284 -0.3820 -0.9237
vn -0.0341 0.0488 -0.9982
vn -0.1816 -0.9831 -0.0239
vn -0.2983 0.6205 -0.7253
vn 0.1555 -0.0162 -0.9877
vn 0.5860 0.5719 0.5740
vn 0.4755 0.4497 0.7561
vn 0.5676 -0.5478 -0.6146
vn 0.4337 -0.5861 -0.6844
vn 0.6840 -0.6624 -0.3056
vn 0.7634 -0.6395 -0.0905
vn 0.5158 -0.5324 -0.6712
vn 0.6118 -0.4973 -0.6152
vn 0.2679 -0.0264 -0.9631
vn 0.6479 -0.2798 -0.7085
vn 0.6477 -0.3073 -0.6972
vn 0.5577 -0.2231 -0.7995
vn 0.7258 -0.3856 -0.5696
vn 0.0697 0.4078 0.9104
vn 0.4311 0.4344 -0.7909
vn 0.4431 0.3848 -0.8097
vn 0.4231 0.3221 -0.8469
vn -0.3903 -0.1261 -0.9120
vn -0.0028 0.1545 -0.9880
vn -0.5716 -0.4269 -0.7007
vn -0.5702 -0.4472 -0.6892
vn 0.1064 0.6534 0.7495
vn 0.2254 0.6307 0.7426
vn -0.4557 0.3498 -0.8185
vn -0.3332 0.1561 -0.9298
vn -0.2336 0.1496 -0.9608
vn 0.3502 -0.6628 0.6619
vn 0.1005 -0.3632 0.9263
vn 0.3119 -0.6251 0.7155
vn 0.3892 -0.6744 0.6275
vn 0.1841 -0.2318 0.9552
vn -0.4085 0.3327 0.8500
vn 0.5607 -0.5870 0.5839
vn 0.0799 -0.1259 0.9888
vn -0.4394 0.3921 -0.8082
vn -0.5048 0.4162 -0.7563
vn -0.5348 0.4582 -0.7100
vn -0.5556 0.4978 -0.6660
vn -0.4633 0.4052 -0.7881
vn -0.3799 0.3418 -0.8596
vn -0.5122 0.4170 -0.7509
vn -0.2690 0.1829 -0.9456
vn -0.1973 0.1897 -0.9618
vn -0.3243 0.3704 -0.8704
vn -0.0331 0.2840 -0.9583
vn -0.3437 0.3226 -0.8819
vn -0.3310 0.3876 -0.8604
vn -0.5086 -0.4964 0.7035
vn -0.4033 0.2728 0.8735
vn 0.0171 -0.0496 0.9986
vn -0.2771 0.2351 0.9316
vn -0.3413 0.2844 0.8959
vn -0.4325 0.3674 0.8234
vn 0.8885 -0.4587 0.0117
vn -0.0639 0.0197 0.9978
vn -0.0056 0.0072 1.0000
vn -0.2493 -0.1328 0.9593
vn -0.1415 -0.1180 0.9829
vn -0.1686 -0.0304 0.9852
vn 0.4109 0.4719 0.7801
vn 0.4666 0.4603 0.7553
vn 0.5651 0.5711 0.5955
vn 0.3515 0.4780 0.8049
vn -0.2562 -0.4010 -0.8795
vn 0.2776 0.2725 -0.9212
vn -0.1398 -0.3048 -0.9421
vn -0.0596 -0.2898 -0.9552
vn 0.0327 -0.0186 -0.9993
vn 0.0351 -0.0216 -0.9991
vn 0.0652 -0.0641 -0.9958
vn -0.2067 0.0175 -0.9783
vn -0.5293 -0.1075 -0.8416
vn -0.0184 -0.0632 -0.9978
vn -0.6642 -0.0797 -0.7433
vn -0.6116 -0.6504 0.4505
vn 0.0516 -0.9310 0.3614
vn 0.0180 -0.9935 0.1120
vn 0.0133 -0.2624 0.9649
vn -0.4429 0.7792 -0.4436
vn -0.2274 0.3878 -0.8933
vn -0.3654 -0.0284 -0.9304
vn -0.4127 0.2304 0.8812
vn 0.3826 0.4657 0.7980
vn 0.2602 0.8597 0.4395
vn -0.2653 0.8355 0.4811
vn -0.4595 -0.6828 0.5680
vn 0.1473 -0.1620 0.9757
vn 0.0042 -0.0075 1.0000
vn 0.1923 -0.1217 0.9738
vn -0.2620 0.1084 0.9590
vn -0.0099 0.0010 1.0000
vn 0.1054 -0.0827 0.9910
vn -0.0482 -0.0269 0.9985
vt 0.830102 0.518812
vt 0.830783 0.518259
vt 0.830105 0.519378
vt 0.643920 0.993069
vt 0.643861 0.992462
vt 0.644558 0.992004
vt 0.641705 0.992191
vt 0.640374 0.992189
vt 0.640213 0.991014
vt 0.637578 0.992177
vt 0.639131 0.991207
vt 0.639539 0.992475
vt 0.645516 0.994060
vt 0.646543 0.994210
vt 0.646215 0.993454
vt 0.641030 0.987431
vt 0.638262 0.988900
vt 0.637715 0.991518
vt 0.853132 0.810226
vt 0.860042 0.845777
vt 0.851573 0.813227
vt 0.637672 0.992634
vt 0.640574 0.993046
vt 0.638757 0.993940
vt 0.767620 0.566334
vt 0.765941 0.567503
vt 0.766623 0.565409
vt 0.977943 0.689642
vt 0.980278 0.690570
vt 0.977194 0.692873
vt 0.765276 0.569669
vt 0.764569 0.571316
vt 0.763524 0.571796
vt 0.749132 0.729541
vt 0.748609 0.727975
vt 0.749812 0.728652
vt 0.766225 0.572792
vt 0.762199 0.574061
vt 0.938876 0.543978
vt 0.938371 0.543070
vt 0.939801 0.544157
vt 0.619142 0.621165
vt 0.636234 0.617179
vt 0.634186 0.618464
vt 0.767026 0.772758
vt 0.773166 0.760866
vt 0.773863 0.760645
vt 0.916604 0.583912
vt 0.915520 0.584292
vt 0.914407 0.583815
vt 0.863830 0.798527
vt 0.868230 0.797647
vt 0.867114 0.798155
vt 0.758111 0.583108
vt 0.758031 0.586339
vt 0.754193 0.588288
vt 0.960229 0.850091
vt 0.954438 0.842970
vt 0.979182 0.368239
vt 0.741040 0.555061
vt 0.754223 0.562006
vt 0.747785 0.560995
vt 0.913804 0.584486
vt 0.912502 0.584575
vt 0.775640 0.747178
vt 0.773807 0.747482
vt 0.774094 0.745268
vt 0.741555 0.831548
vt 0.761064 0.814051
vt 0.740370 0.833658
vt 0.741676 0.590194
vt 0.734415 0.592964
vt 0.728786 0.592609
vt 0.921169 0.407052
vt 0.921792 0.409414
vt 0.919961 0.407716
vt 0.779339 0.824483
vt 0.754643 0.854279
vt 0.752056 0.854537
vt 0.777495 0.754721
vt 0.776003 0.757291
vt 0.773170 0.758622
vt 0.814009 0.239319
vt 0.814025 0.241717
vt 0.812872 0.241983
vt 0.722397 0.583380
vt 0.680015 0.593431
vt 0.675820 0.593116
vt 0.533111 0.958016
vt 0.530975 0.958640
vt 0.529574 0.957175
vt 0.852183 0.358745
vt 0.849925 0.359618
vt 0.850629 0.358053
vt 0.827950 0.404055
vt 0.830536 0.380163
vt 0.832127 0.380298
vt 0.676672 0.608552
vt 0.675536 0.612130
vt 0.673709 0.611539
vt 0.926547 0.705105
vt 0.925990 0.698956
vt 0.929983 0.703854
vt 0.939398 0.385580
vt 0.939761 0.387148
vt 0.938864 0.386670
vt 0.828818 0.822990
vt 0.823643 0.823374
vt 0.817535 0.822937
vt 0.414221 0.095748
vt 0.378215 0.106867
vt 0.369102 0.093682
vt 0.825130 0.262817
vt 0.826196 0.269501
vt 0.824515 0.261892
vt 0.927746 0.724111
vt 0.924918 0.725815
vt 0.926810 0.723156
vt 0.848307 0.440104
vt 0.842994 0.437449
vt 0.842686 0.436182
vt 0.552155 0.965123
vt 0.559003 0.973189
vt 0.831632 0.307744
vt 0.620173 0.599870
vt 0.621804 0.600615
vt 0.608952 0.601762
vt 0.874191 0.431224
vt 0.864399 0.418852
vt 0.863883 0.415057
vt 0.926791 0.591633
vt 0.921967 0.589098
vt 0.920617 0.586532
vt 0.737965 0.773456
vt 0.734999 0.776405
vt 0.734350 0.775305
vt 0.728605 0.764624
vt 0.726923 0.762760
vt 0.730844 0.764825
vt 0.644324 0.991059
vt 0.841562 0.303141
vt 0.841189 0.301285
vt 0.843715 0.303145
vt 0.826601 0.084951
vt 0.827842 0.111328
vt 0.826614 0.095804
vt 0.652752 0.137531
vt 0.618533 0.136455
vt 0.633463 0.136593
vt 0.837897 0.382818
vt 0.835217 0.381886
vt 0.853491 0.373794
vt 0.841590 0.292883
vt 0.841053 0.291147
vt 0.842648 0.290314
vt 0.686052 0.608852
vt 0.690751 0.607269
vt 0.693859 0.607814
vt 0.870209 0.457141
vt 0.866508 0.456054
vt 0.865399 0.454559
vt 0.811958 0.822891
vt 0.809257 0.821567
vt 0.811966 0.821393
vt 0.851953 0.425993
vt 0.850042 0.428275
vt 0.850253 0.425701
vt 0.823289 0.408012
vt 0.822372 0.408500
vt 0.822693 0.407253
vt 0.844059 0.847976
vt 0.844871 0.853282
vt 0.842487 0.845812
vt 0.575128 0.963251
vt 0.591572 0.954081
vt 0.576860 0.965477
vt 0.723741 0.099635
vt 0.705919 0.102012
vt 0.694296 0.098812
vt 0.928825 0.593766
vt 0.927467 0.593732
vt 0.695402 0.138002
vt 0.707876 0.139400
vt 0.686983 0.138193
vt 0.573836 0.964059
vt 0.573177 0.964831
vt 0.571486 0.965473
vt 0.774819 0.562687
vt 0.776062 0.555370
vt 0.776378 0.571492
vt 0.684948 0.104178
vt 0.693476 0.114557
vt 0.677421 0.111085
vt 0.680371 0.118087
vt 0.692062 0.121583
vt 0.695098 0.122181
vt 0.667821 0.121314
vt 0.656080 0.140619
vt 0.594638 0.135799
vt 0.679239 0.076586
vt 0.690635 0.077727
vt 0.673938 0.077564
vt 0.689516 0.120490
vt 0.670869 0.121016
vt 0.828503 0.208387
vt 0.828699 0.210630
vt 0.828068 0.211931
vt 0.674380 0.081128
vt 0.681155 0.083682
vt 0.665521 0.081284
vt 0.913794 0.669766
vt 0.914287 0.670741
vt 0.913014 0.670483
vt 0.666169 0.076246
vt 0.663957 0.111050
vt 0.550535 0.947819
vt 0.553460 0.959723
vt 0.550027 0.956850
vt 0.781276 0.749102
vt 0.787210 0.746450
vt 0.780109 0.751341
vt 0.652325 0.076650
vt 0.654217 0.102474
vt 0.671995 0.102580
vt 0.889333 0.691302
vt 0.889214 0.690304
vt 0.890759 0.690908
vt 0.808317 0.503684
vt 0.809005 0.503322
vt 0.810574 0.504619
vt 0.759350 0.803068
vt 0.760542 0.786867
vt 0.761171 0.810442
vt 0.735280 0.801180
vt 0.733160 0.799977
vt 0.735857 0.796541
vt 0.626040 0.107805
vt 0.623067 0.115546
vt 0.613819 0.107722
vt 0.839654 0.304150
vt 0.534488 0.966909
vt 0.910447 0.434863
vt 0.906987 0.434334
vt 0.915092 0.431001
vt 0.849560 0.425028
vt 0.846513 0.426836
vt 0.845772 0.426124
vt 0.953540 0.377319
vt 0.952301 0.378425
vt 0.954533 0.376158
vt 0.737809 0.800790
vt 0.742544 0.796318
vt 0.742297 0.809698
vt 0.875283 0.432381
vt 0.876465 0.432524
vt 0.745964 0.728547
vt 0.747594 0.729534
vt 0.742340 0.732394
vt 0.462324 0.094804
vt 0.466500 0.111139
vt 0.443530 0.099392
vt 0.434113 0.093155
vt 0.421629 0.103235
vt 0.821964 0.824057
vt 0.826220 0.823727
vt 0.755556 0.815953
vt 0.746105 0.825890
vt 0.899010 0.876728
vt 0.899370 0.879409
vt 0.897596 0.875993
vt 0.791201 0.724645
vt 0.781402 0.215185
vt 0.780559 0.217790
vt 0.863253 0.250334
vt 0.863974 0.249931
vt 0.863331 0.251972
vt 0.870156 0.841690
vt 0.867415 0.839898
vt 0.871941 0.839120
vt 0.915503 0.845125
vt 0.901222 0.848343
vt 0.908146 0.844492
vt 0.636799 0.990608
vt 0.545175 0.962115
vt 0.542276 0.960046
vt 0.543731 0.961196
vt 0.727702 0.741923
vt 0.729271 0.741397
vt 0.727492 0.742830
vt 0.530547 0.954953
vt 0.528281 0.952438
vt 0.528443 0.951535
vt 0.856979 0.282261
vt 0.858333 0.280361
vt 0.720873 0.769268
vt 0.785045 0.704714
vt 0.786806 0.703551
vt 0.785829 0.709095
vt 0.861139 0.292900
vt 0.855631 0.283592
vt 0.729291 0.778897
vt 0.873535 0.709740
vt 0.881198 0.807141
vt 0.874309 0.705760
vt 0.317919 0.095501
vt 0.353773 0.098899
vt 0.367847 0.108126
vt 0.925330 0.583586
vt 0.923470 0.582051
vt 0.927154 0.585187
vt 0.821844 0.292529
vt 0.822345 0.293195
vt 0.821057 0.299925
vt 0.713653 0.530353
vt 0.622274 0.200085
vt 0.624259 0.503463
vt 0.925739 0.584762
vt 0.917401 0.583415
vt 0.917541 0.584372
vt 0.863142 0.801759
vt 0.864866 0.803514
vt 0.862675 0.803416
vt 0.925546 0.586148
vt 0.947541 0.541662
vt 0.947201 0.542174
vt 0.946621 0.541452
vt 0.945238 0.543225
vt 0.838066 0.286570
vt 0.834653 0.294247
vt 0.835900 0.290228
vt 0.942969 0.546415
vt 0.941506 0.544361
vt 0.814073 0.040564
vt 0.823519 0.866740
vt 0.824470 0.870353
vt 0.730787 0.774959
vt 0.728482 0.772947
vt 0.920326 0.587918
vt 0.921039 0.588216
vt 0.814123 0.243760
vt 0.816433 0.244368
vt 0.818243 0.249964
vt 0.913388 0.586642
vt 0.914636 0.585976
vt 0.914820 0.587115
vt 0.915217 0.586316
vt 0.827936 0.156141
vt 0.829008 0.148831
vt 0.828484 0.166533
vt 0.954517 0.537138
vt 0.954778 0.538202
vt 0.953061 0.537756
vt 0.954084 0.538759
vt 0.908757 0.391861
vt 0.906314 0.391544
vt 0.903141 0.389226
vt 0.804837 0.795832
vt 0.806445 0.798334
vt 0.805004 0.797126
vt 0.592081 0.951807
vt 0.590171 0.951942
vt 0.942140 0.542009
vt 0.941644 0.542729
vt 0.941387 0.541505
vt 0.940665 0.542046
vt 0.925488 0.592039
vt 0.925567 0.595164
vt 0.925172 0.596193
vt 0.955263 0.536659
vt 0.953839 0.536141
vt 0.940219 0.542920
vt 0.940043 0.541360
vt 0.939255 0.541838
vt 0.909535 0.587221
vt 0.911471 0.586969
vt 0.910436 0.587660
vt 0.930146 0.593553
vt 0.930407 0.592041
vt 0.931358 0.592687
vt 0.954674 0.535235
vt 0.813168 0.595586
vt 0.808817 0.605772
vt 0.810115 0.600091
vt 0.873680 0.864638
vt 0.876258 0.863987
vt 0.878968 0.864367
vt 0.936912 0.542850
vt 0.937468 0.543471
vt 0.937168 0.544118
vt 0.880071 0.806556
vt 0.880193 0.800603
vt 0.912259 0.586021
vt 0.931108 0.594998
vt 0.936065 0.542878
vt 0.955370 0.532462
vt 0.954789 0.533182
vt 0.953784 0.532155
vt 0.738715 0.814191
vt 0.739397 0.815329
vt 0.738809 0.815328
vt 0.823357 0.280485
vt 0.823530 0.269690
vt 0.949545 0.532997
vt 0.948883 0.534207
vt 0.948962 0.531581
vt 0.796994 0.792624
vt 0.796404 0.793532
vt 0.795112 0.792998
vt 0.864798 0.266538
vt 0.866664 0.264903
vt 0.865034 0.267577
vt 0.530973 0.109041
vt 0.576466 0.113833
vt 0.848450 0.428994
vt 0.849531 0.427483
vt 0.876144 0.716979
vt 0.873890 0.707791
vt 0.918851 0.692394
vt 0.917568 0.693513
vt 0.914677 0.692292
vt 0.743276 0.817703
vt 0.745451 0.815527
vt 0.746899 0.816812
vt 0.953077 0.529284
vt 0.951963 0.528534
vt 0.951493 0.527546
vt 0.890118 0.546789
vt 0.898074 0.546340
vt 0.905735 0.558739
vt 0.947229 0.874497
vt 0.947023 0.873864
vt 0.950236 0.873582
vt 0.733161 0.775704
vt 0.725233 0.769471
vt 0.909777 0.399440
vt 0.903093 0.392507
vt 0.902609 0.390086
vt 0.774884 0.802378
vt 0.777452 0.801777
vt 0.772951 0.803442
vt 0.847657 0.832267
vt 0.846796 0.831594
vt 0.847166 0.830469
vt 0.924731 0.612959
vt 0.923592 0.612043
vt 0.925117 0.612695
vt 0.911510 0.665842
vt 0.912720 0.550585
vt 0.905413 0.543587
vt 0.901338 0.533184
vt 0.734119 0.735297
vt 0.739268 0.733790
vt 0.877231 0.461121
vt 0.877422 0.460407
vt 0.809678 0.200905
vt 0.810701 0.207581
vt 0.809130 0.208492
vt 0.736151 0.801979
vt 0.735392 0.804319
vt 0.889996 0.884642
vt 0.891580 0.883764
vt 0.889490 0.890739
vt 0.812929 0.816542
vt 0.791657 0.795965
vt 0.805845 0.799452
vt 0.968615 0.369162
vt 0.969851 0.368216
vt 0.969753 0.369239
vt 0.970890 0.368836
vt 0.966697 0.369235
vt 0.968109 0.370078
vt 0.949503 0.694652
vt 0.949388 0.693820
vt 0.950698 0.693453
vt 0.920688 0.584087
vt 0.922134 0.582997
vt 0.953887 0.376405
vt 0.953815 0.375527
vt 0.587728 0.526011
vt 0.617446 0.527661
vt 0.628631 0.529724
vt 0.955963 0.376158
vt 0.954704 0.377287
vt 0.704781 0.603707
vt 0.727677 0.595796
vt 0.736564 0.594845
vt 0.823269 0.404344
vt 0.961224 0.850659
vt 0.961185 0.852144
vt 0.960556 0.851350
vt 0.957836 0.731926
vt 0.956661 0.731275
vt 0.959484 0.730590
vt 0.955972 0.732758
vt 0.954457 0.732032
vt 0.582242 0.975211
vt 0.577196 0.968817
vt 0.576179 0.966917
vt 0.872096 0.864932
vt 0.866472 0.875426
vt 0.864802 0.877004
vt 0.818275 0.284464
vt 0.819210 0.287913
vt 0.818021 0.291797
vt 0.544662 0.105602
vt 0.552405 0.098523
vt 0.554843 0.105204
vt 0.958076 0.727663
vt 0.956744 0.728535
vt 0.955524 0.727511
vt 0.955960 0.870014
vt 0.956386 0.869013
vt 0.956679 0.870113
vt 0.934549 0.499281
vt 0.934338 0.499952
vt 0.933028 0.497058
vt 0.529076 0.961011
vt 0.532372 0.961013
vt 0.821910 0.207449
vt 0.809530 0.242195
vt 0.810399 0.209605
vt 0.865671 0.262024
vt 0.862496 0.253348
vt 0.951473 0.407889
vt 0.943555 0.415443
vt 0.945603 0.411288
vt 0.937985 0.385716
vt 0.810132 0.251790
vt 0.810215 0.255207
vt 0.808193 0.245718
vt 0.940579 0.386566
vt 0.941345 0.387679
vt 0.953592 0.844136
vt 0.952951 0.842007
vt 0.833484 0.823931
vt 0.831398 0.823455
vt 0.832866 0.823366
vt 0.744655 0.816030
vt 0.741344 0.812889
vt 0.898138 0.536913
vt 0.892219 0.528407
vt 0.894004 0.518105
vt 0.906909 0.536321
vt 0.901856 0.532970
vt 0.762388 0.576088
vt 0.917843 0.880018
vt 0.920662 0.876513
vt 0.923130 0.884647
vt 0.933966 0.885660
vt 0.930959 0.885064
vt 0.935768 0.882875
vt 0.824473 0.107321
vt 0.824063 0.099618
vt 0.824950 0.110840
vt 0.882737 0.791549
vt 0.879255 0.799756
vt 0.883134 0.784007
vt 0.934125 0.882111
vt 0.937561 0.879499
vt 0.547221 0.943176
vt 0.549694 0.943597
vt 0.548562 0.944524
vt 0.863758 0.049217
vt 0.858178 0.085013
vt 0.862864 0.049436
vt 0.929269 0.880104
vt 0.925264 0.883746
vt 0.923387 0.881071
vt 0.946636 0.874539
vt 0.940142 0.875127
vt 0.952076 0.692835
vt 0.952507 0.693931
vt 0.991153 0.392077
vt 0.992629 0.390956
vt 0.992016 0.392145
vt 0.948510 0.707351
vt 0.949709 0.708820
vt 0.947770 0.707935
vt 0.839737 0.371042
vt 0.836160 0.372340
vt 0.839562 0.369471
vt 0.818653 0.237858
vt 0.817785 0.237284
vt 0.818680 0.236620
vt 0.949468 0.687904
vt 0.934380 0.542279
vt 0.920003 0.640717
vt 0.919799 0.640270
vt 0.921081 0.640421
vt 0.947871 0.694300
vt 0.980145 0.641665
vt 0.982576 0.634542
vt 0.751874 0.804753
vt 0.743614 0.795521
vt 0.743854 0.793766
vt 0.946685 0.694250
vt 0.946849 0.693115
vt 0.759209 0.786471
vt 0.758519 0.797916
vt 0.759666 0.773023
vt 0.738613 0.835710
vt 0.736974 0.837450
vt 0.735126 0.837337
vt 0.920294 0.644240
vt 0.919199 0.644423
vt 0.918994 0.643880
vt 0.871722 0.533761
vt 0.874754 0.538886
vt 0.862207 0.522164
vt 0.919889 0.646132
vt 0.918819 0.646261
vt 0.918546 0.645806
vt 0.827363 0.381128
vt 0.827595 0.379875
vt 0.828776 0.379535
vt 0.642968 0.994964
vt 0.930608 0.840834
vt 0.929795 0.842465
vt 0.929150 0.841506
vt 0.779401 0.227188
vt 0.778218 0.227964
vt 0.779786 0.225746
vt 0.879517 0.809422
vt 0.878906 0.807433
vt 0.928546 0.721240
vt 0.928864 0.721992
vt 0.927871 0.721219
vt 0.928106 0.721977
vt 0.927570 0.723213
vt 0.848984 0.360001
vt 0.847543 0.358673
vt 0.849039 0.358887
vt 0.938976 0.692248
vt 0.938329 0.690374
vt 0.941375 0.692155
vt 0.937863 0.403077
vt 0.941646 0.403616
vt 0.943228 0.406035
vt 0.856772 0.849536
vt 0.856583 0.850717
vt 0.855716 0.850009
vt 0.739613 0.819162
vt 0.739542 0.816166
vt 0.740552 0.819779
vt 0.938062 0.843487
vt 0.930473 0.848998
vt 0.932428 0.846419
vt 0.924625 0.726665
vt 0.923262 0.726502
vt 0.923577 0.727373
vt 0.862157 0.479612
vt 0.791240 0.431677
vt 0.794032 0.423381
vt 0.716363 0.769383
vt 0.718618 0.768329
vt 0.865636 0.277386
vt 0.572121 0.968418
vt 0.568631 0.968965
vt 0.568591 0.967807
vt 0.976957 0.693346
vt 0.975807 0.689695
vt 0.925891 0.716346
vt 0.924787 0.717373
vt 0.925348 0.715830
vt 0.922365 0.728773
vt 0.921644 0.729059
vt 0.922783 0.730018
vt 0.944862 0.407248
vt 0.939482 0.407305
vt 0.986314 0.689055
vt 0.989772 0.687828
vt 0.987862 0.690063
vt 0.983348 0.693666
vt 0.982598 0.694138
vt 0.815625 0.241939
vt 0.816515 0.243056
vt 0.923387 0.731184
vt 0.919292 0.734209
vt 0.922821 0.722258
vt 0.920653 0.726595
vt 0.921829 0.723347
vt 0.915097 0.734886
vt 0.910685 0.735745
vt 0.917981 0.732305
vt 0.881543 0.434903
vt 0.883116 0.434835
vt 0.884314 0.435518
vt 0.930573 0.704519
vt 0.931352 0.704603
vt 0.930037 0.705284
vt 0.930938 0.705355
vt 0.931258 0.706262
vt 0.725854 0.536488
vt 0.629389 0.519789
vt 0.586389 0.516427
vt 0.817852 0.049927
vt 0.817305 0.051238
vt 0.816292 0.050283
vt 0.985434 0.692410
vt 0.983750 0.693028
vt 0.983741 0.692043
vt 0.931302 0.702824
vt 0.930682 0.703910
vt 0.845958 0.386611
vt 0.848581 0.386670
vt 0.844916 0.390096
vt 0.893684 0.736073
vt 0.892214 0.735222
vt 0.894675 0.735785
vt 0.985090 0.691135
vt 0.916190 0.655711
vt 0.916663 0.655341
vt 0.917468 0.655952
vt 0.914074 0.731983
vt 0.911093 0.395028
vt 0.908931 0.393010
vt 0.911598 0.394236
vt 0.955136 0.868745
vt 0.654563 0.596920
vt 0.669848 0.593785
vt 0.671991 0.593522
vt 0.846959 0.421932
vt 0.848335 0.423888
vt 0.846981 0.423478
vt 0.737168 0.586629
vt 0.755198 0.580170
vt 0.908238 0.392819
vt 0.911720 0.395124
vt 0.915829 0.397855
vt 0.915679 0.398608
vt 0.915096 0.398759
vt 0.917251 0.401275
vt 0.917723 0.402378
vt 0.916271 0.402202
vt 0.918008 0.404002
vt 0.918935 0.403430
vt 0.987063 0.691545
vt 0.986060 0.690103
vt 0.861749 0.520530
vt 0.928786 0.700202
vt 0.928753 0.701045
vt 0.927736 0.700704
vt 0.929197 0.702314
vt 0.919233 0.404485
vt 0.823309 0.517304
vt 0.823775 0.514295
vt 0.826333 0.517516
vt 0.859932 0.516681
vt 0.926893 0.699093
vt 0.815344 0.273305
vt 0.815399 0.276552
vt 0.813913 0.271656
vt 0.901802 0.388400
vt 0.920481 0.405539
vt 0.918846 0.405571
vt 0.920077 0.406139
vt 0.865325 0.801766
vt 0.868268 0.800862
vt 0.644474 0.986930
vt 0.762149 0.581169
vt 0.927109 0.698064
vt 0.909556 0.733175
vt 0.908833 0.733994
vt 0.908065 0.733655
vt 0.908104 0.735684
vt 0.909872 0.735752
vt 0.908323 0.736543
vt 0.901019 0.388441
vt 0.750248 0.727745
vt 0.907546 0.736460
vt 0.898319 0.384527
vt 0.898712 0.385965
vt 0.897113 0.384404
vt 0.915914 0.408750
vt 0.912534 0.402863
vt 0.912970 0.400427
vt 0.922450 0.410006
vt 0.921106 0.410429
vt 0.922281 0.411101
vt 0.779800 0.353102
vt 0.783367 0.356122
vt 0.825948 0.581047
vt 0.761745 0.784799
vt 0.761336 0.789312
vt 0.655151 0.097693
vt 0.682445 0.098542
vt 0.555508 0.953714
vt 0.566755 0.965197
vt 0.564717 0.965458
vt 0.906608 0.736565
vt 0.907000 0.738429
vt 0.906051 0.736990
vt 0.792305 0.743392
vt 0.790208 0.744640
vt 0.792026 0.741349
vt 0.811505 0.410414
vt 0.811297 0.416141
vt 0.794312 0.419926
vt 0.906690 0.734067
vt 0.906147 0.734642
vt 0.904959 0.734592
vt 0.905223 0.736593
vt 0.905379 0.737941
vt 0.904571 0.736997
vt 0.881789 0.049335
vt 0.880693 0.049035
vt 0.880991 0.046820
vt 0.896781 0.736393
vt 0.903680 0.737684
vt 0.851877 0.854744
vt 0.847889 0.856290
vt 0.852548 0.852763
vt 0.923352 0.413376
vt 0.923910 0.414641
vt 0.922671 0.414916
vt 0.923527 0.415792
vt 0.916477 0.470578
vt 0.917777 0.471379
vt 0.924782 0.482894
vt 0.865050 0.276566
vt 0.512428 0.944680
vt 0.512234 0.946929
vt 0.922019 0.694621
vt 0.922412 0.695878
vt 0.921551 0.695941
vt 0.923111 0.696520
vt 0.911129 0.733336
vt 0.865917 0.485570
vt 0.861699 0.480395
vt 0.912515 0.666913
vt 0.911414 0.667843
vt 0.771958 0.750751
vt 0.770319 0.749321
vt 0.772424 0.747732
vt 0.834608 0.299822
vt 0.837609 0.295531
vt 0.834699 0.301469
vt 0.725689 0.713453
vt 0.735211 0.835133
vt 0.687038 0.764637
vt 0.769643 0.707591
vt 0.782307 0.667197
vt 0.780175 0.679873
vt 0.922921 0.417005
vt 0.910257 0.668566
vt 0.911407 0.669863
vt 0.912851 0.668266
vt 0.912822 0.668980
vt 0.912129 0.668342
vt 0.913718 0.668354
vt 0.914902 0.668419
vt 0.916787 0.667056
vt 0.741266 0.812160
vt 0.741863 0.810509
vt 0.742211 0.812085
vt 0.917438 0.422741
vt 0.917894 0.419659
vt 0.920855 0.422728
vt 0.892461 0.387602
vt 0.893116 0.388361
vt 0.892322 0.388945
vt 0.949420 0.528316
vt 0.948670 0.529573
vt 0.928122 0.493946
vt 0.775969 0.821560
vt 0.793291 0.404091
vt 0.793369 0.411491
vt 0.856925 0.495505
vt 0.802730 0.794382
vt 0.802894 0.780989
vt 0.924351 0.720755
vt 0.928518 0.719906
vt 0.564376 0.928249
vt 0.565308 0.926517
vt 0.590142 0.949122
vt 0.861701 0.801251
vt 0.860922 0.799106
vt 0.861647 0.799879
vt 0.970609 0.370397
vt 0.780839 0.213505
vt 0.782744 0.205249
vt 0.786851 0.706141
vt 0.724056 0.759988
vt 0.723442 0.758309
vt 0.726144 0.761348
vt 0.904321 0.436895
vt 0.904389 0.437771
vt 0.903049 0.437525
vt 0.861934 0.799091
vt 0.860177 0.798834
vt 0.862762 0.796500
vt 0.861348 0.277558
vt 0.863334 0.278142
vt 0.714235 0.766433
vt 0.711058 0.768546
vt 0.703394 0.773579
vt 0.546892 0.944445
vt 0.538013 0.944071
vt 0.847205 0.428636
vt 0.846795 0.429242
vt 0.845047 0.427679
vt 0.570202 0.967591
vt 0.572438 0.966579
vt 0.573824 0.967808
vt 0.879067 0.859009
vt 0.882291 0.859123
vt 0.881098 0.860310
vt 0.550910 0.947293
vt 0.551601 0.947377
vt 0.551296 0.947835
vt 0.761221 0.797055
vt 0.873255 0.529212
vt 0.746013 0.825174
vt 0.745209 0.825228
vt 0.745360 0.825776
vt 0.741236 0.830993
vt 0.740437 0.830751
vt 0.740659 0.831915
vt 0.549640 0.959317
vt 0.551956 0.959313
vt 0.551569 0.961181
vt 0.929648 0.846122
vt 0.920080 0.845597
vt 0.932214 0.843745
vt 0.863592 0.275562
vt 0.863283 0.276850
vt 0.940934 0.390808
vt 0.883073 0.042406
vt 0.794188 0.418873
vt 0.796159 0.412109
vt 0.794831 0.418180
vt 0.929818 0.717294
vt 0.926530 0.717811
vt 0.926354 0.712873
vt 0.759635 0.812781
vt 0.759647 0.813766
vt 0.758687 0.812637
vt 0.759063 0.813332
vt 0.550021 0.962985
vt 0.547740 0.964556
vt 0.547294 0.964002
vt 0.551581 0.958259
vt 0.510987 0.106374
vt 0.489546 0.100013
vt 0.500353 0.096020
vt 0.731046 0.812239
vt 0.731351 0.810561
vt 0.736277 0.805186
vt 0.972436 0.371045
vt 0.954065 0.412407
vt 0.955732 0.407581
vt 0.821519 0.283791
vt 0.821740 0.281151
vt 0.738794 0.833806
vt 0.737586 0.834512
vt 0.740130 0.773871
vt 0.738877 0.775108
vt 0.575209 0.968080
vt 0.763319 0.810597
vt 0.763604 0.812331
vt 0.762125 0.812215
vt 0.732173 0.583239
vt 0.729758 0.582592
vt 0.735924 0.581144
vt 0.825685 0.391073
vt 0.826426 0.391499
vt 0.825726 0.391836
vt 0.550151 0.960102
vt 0.550770 0.961508
vt 0.552551 0.960290
vt 0.552531 0.962493
vt 0.640906 0.530752
vt 0.629308 0.530788
vt 0.746578 0.815480
vt 0.742652 0.819780
vt 0.742441 0.820685
vt 0.881599 0.799959
vt 0.761091 0.807167
vt 0.761840 0.807382
vt 0.760587 0.807665
vt 0.747592 0.815661
vt 0.746810 0.813980
vt 0.563868 0.962734
vt 0.550885 0.945327
vt 0.544242 0.957521
vt 0.546369 0.956833
vt 0.551270 0.962250
vt 0.549985 0.962400
vt 0.574327 0.969551
vt 0.579069 0.975077
vt 0.579694 0.974376
vt 0.850998 0.283086
vt 0.848705 0.281744
vt 0.853225 0.277625
vt 0.888129 0.864015
vt 0.891376 0.865210
vt 0.901333 0.878723
vt 0.832716 0.379265
vt 0.854580 0.851746
vt 0.855529 0.849483
vt 0.550984 0.964692
vt 0.552668 0.963879
vt 0.913094 0.733308
vt 0.569045 0.970541
vt 0.571454 0.977267
vt 0.571945 0.979694
vt 0.648698 0.631960
vt 0.704178 0.604608
vt 0.954561 0.378895
vt 0.948024 0.383879
vt 0.782860 0.814996
vt 0.784517 0.815051
vt 0.790354 0.409342
vt 0.760579 0.800207
vt 0.761773 0.802246
vt 0.894649 0.858209
vt 0.903595 0.854310
vt 0.912266 0.880585
vt 0.819266 0.234359
vt 0.822380 0.220792
vt 0.740180 0.813157
vt 0.848722 0.240321
vt 0.841935 0.234656
vt 0.756206 0.853486
vt 0.780839 0.823861
vt 0.782135 0.824829
vt 0.542859 0.958941
vt 0.544943 0.960241
vt 0.511843 0.943829
vt 0.526315 0.952118
vt 0.758016 0.803743
vt 0.757764 0.804402
vt 0.757105 0.802848
vt 0.753741 0.806444
vt 0.755744 0.803840
vt 0.949038 0.382044
vt 0.948631 0.381259
vt 0.743720 0.810768
vt 0.943943 0.842298
vt 0.950954 0.872091
vt 0.938755 0.872005
vt 0.815517 0.821632
vt 0.814779 0.817147
vt 0.987051 0.692333
vt 0.734596 0.777713
vt 0.548920 0.965608
vt 0.546663 0.964478
vt 0.546543 0.966159
vt 0.549096 0.966536
vt 0.752920 0.804576
vt 0.753363 0.805098
vt 0.737194 0.815520
vt 0.567934 0.969859
vt 0.888522 0.826854
vt 0.896792 0.831922
vt 0.901952 0.845307
vt 0.756773 0.800656
vt 0.756870 0.801919
vt 0.740273 0.810069
vt 0.727933 0.812844
vt 0.729187 0.812479
vt 0.728832 0.814239
vt 0.831357 0.307087
vt 0.830485 0.307199
vt 0.830862 0.307973
vt 0.844797 0.826551
vt 0.846054 0.820566
vt 0.845444 0.827120
vt 0.854323 0.243053
vt 0.855626 0.243978
vt 0.858997 0.246685
vt 0.940053 0.876034
vt 0.936914 0.878125
vt 0.542454 0.962097
vt 0.544296 0.964451
vt 0.544353 0.965242
vt 0.721139 0.768135
vt 0.730962 0.813645
vt 0.737555 0.817854
vt 0.732818 0.777567
vt 0.736556 0.785165
vt 0.801433 0.227184
vt 0.800473 0.225468
vt 0.802604 0.222690
vt 0.886362 0.037443
vt 0.876250 0.896133
vt 0.881263 0.898850
vt 0.729490 0.771083
vt 0.964642 0.631668
vt 0.967226 0.617716
vt 0.970225 0.607514
vt 0.733887 0.804076
vt 0.733272 0.801807
vt 0.720823 0.784070
vt 0.729749 0.780560
vt 0.851723 0.284678
vt 0.844086 0.232266
vt 0.845187 0.233945
vt 0.843434 0.233449
vt 0.805028 0.500354
vt 0.859814 0.785216
vt 0.803392 0.499220
vt 0.738331 0.797568
vt 0.736412 0.799145
vt 0.869581 0.836879
vt 0.867780 0.835881
vt 0.871585 0.835470
vt 0.824672 0.298086
vt 0.823455 0.301092
vt 0.824643 0.291297
vt 0.742926 0.795863
vt 0.819552 0.293822
vt 0.863399 0.405176
vt 0.862373 0.406253
vt 0.863500 0.404010
vt 0.805810 0.831674
vt 0.919620 0.582503
vt 0.911418 0.583092
vt 0.896161 0.386968
vt 0.896423 0.386560
vt 0.764727 0.813786
vt 0.767626 0.814341
vt 0.766666 0.815675
vt 0.918659 0.849579
vt 0.927763 0.874747
vt 0.914292 0.848878
vt 0.816695 0.281190
vt 0.818071 0.283438
vt 0.937583 0.846483
vt 0.937039 0.847161
vt 0.758190 0.588472
vt 0.823689 0.258992
vt 0.753390 0.784405
vt 0.752211 0.787250
vt 0.753035 0.784778
vt 0.760583 0.566722
vt 0.757994 0.566854
vt 0.854641 0.309099
vt 0.843426 0.300001
vt 0.760959 0.781856
vt 0.761918 0.780975
vt 0.817319 0.814318
vt 0.815783 0.815458
vt 0.854863 0.280880
vt 0.849965 0.284319
vt 0.849541 0.283460
vt 0.841299 0.282712
vt 0.839297 0.284397
vt 0.754409 0.772556
vt 0.796217 0.398745
vt 0.793048 0.398914
vt 0.794993 0.397011
vt 0.825945 0.307983
vt 0.827650 0.307413
vt 0.827342 0.308302
vt 0.857467 0.277048
vt 0.913619 0.460195
vt 0.925374 0.480319
vt 0.921448 0.473731
vt 0.874985 0.034843
vt 0.870666 0.892569
vt 0.873190 0.894328
vt 0.904537 0.592233
vt 0.907929 0.588479
vt 0.817241 0.280123
vt 0.842599 0.279639
vt 0.842671 0.277192
vt 0.778441 0.867699
vt 0.754087 0.856463
vt 0.833171 0.482546
vt 0.829290 0.478189
vt 0.832616 0.479993
vt 0.526533 0.960371
vt 0.527558 0.957003
vt 0.725790 0.811868
vt 0.726156 0.810284
vt 0.723564 0.769780
vt 0.778949 0.536150
vt 0.777672 0.538722
vt 0.892647 0.061887
vt 0.877078 0.862570
vt 0.857147 0.851499
vt 0.557782 0.944370
vt 0.552121 0.945961
vt 0.811180 0.603507
vt 0.799993 0.625408
vt 0.888078 0.692192
vt 0.875762 0.706545
vt 0.883030 0.795955
vt 0.725905 0.768457
vt 0.728080 0.768389
vt 0.591112 0.950534
vt 0.815941 0.275543
vt 0.546433 0.963470
vt 0.736829 0.771257
vt 0.739005 0.772186
vt 0.860864 0.269397
vt 0.855352 0.274756
vt 0.863145 0.265269
vt 0.740446 0.772408
vt 0.845556 0.281576
vt 0.860966 0.270642
vt 0.861722 0.271106
vt 0.859771 0.270806
vt 0.859408 0.272567
vt 0.910604 0.461201
vt 0.734596 0.768056
vt 0.734254 0.768505
vt 0.734203 0.766800
vt 0.861914 0.270088
vt 0.864878 0.400802
vt 0.864767 0.405796
vt 0.815573 0.271584
vt 0.814711 0.271297
vt 0.721022 0.759650
vt 0.722141 0.760157
vt 0.720207 0.759897
vt 0.885020 0.039799
vt 0.778612 0.528803
vt 0.550211 0.936985
vt 0.755740 0.771672
vt 0.755821 0.769808
vt 0.757476 0.766833
vt 0.822875 0.272913
vt 0.822264 0.270537
vt 0.880176 0.433625
vt 0.880475 0.434835
vt 0.859986 0.185178
vt 0.828150 0.213961
vt 0.845166 0.827568
vt 0.812582 0.263061
vt 0.810908 0.257222
vt 0.811665 0.257036
vt 0.792010 0.381813
vt 0.793394 0.381878
vt 0.792767 0.382873
vt 0.753196 0.771654
vt 0.715635 0.765208
vt 0.722321 0.767379
vt 0.716453 0.766432
vt 0.866142 0.264353
vt 0.865348 0.265068
vt 0.863538 0.263291
vt 0.863241 0.264523
vt 0.761138 0.765580
vt 0.761120 0.766355
vt 0.760701 0.762528
vt 0.721872 0.755081
vt 0.720895 0.755734
vt 0.721683 0.754073
vt 0.907046 0.389121
vt 0.909777 0.391932
vt 0.841652 0.286865
vt 0.851418 0.286162
vt 0.761950 0.766731
vt 0.762812 0.763751
vt 0.750982 0.729008
vt 0.750871 0.730227
vt 0.749865 0.730171
vt 0.741881 0.818044
vt 0.903956 0.849198
vt 0.914418 0.875877
vt 0.822123 0.263412
vt 0.821531 0.264272
vt 0.821184 0.263781
vt 0.763377 0.763305
vt 0.762937 0.761976
vt 0.762514 0.756519
vt 0.917148 0.426846
vt 0.916138 0.427015
vt 0.869043 0.249440
vt 0.870335 0.256681
vt 0.868664 0.251178
vt 0.743418 0.813276
vt 0.823796 0.257556
vt 0.822492 0.256646
vt 0.831704 0.375440
vt 0.831145 0.375671
vt 0.832919 0.374164
vt 0.865107 0.253983
vt 0.862848 0.248930
vt 0.860864 0.250838
vt 0.820846 0.254940
vt 0.819877 0.255323
vt 0.819690 0.254663
vt 0.920415 0.584882
vt 0.922190 0.586083
vt 0.901550 0.437436
vt 0.767028 0.752480
vt 0.764291 0.754456
vt 0.764902 0.752643
vt 0.725322 0.742255
vt 0.726592 0.740293
vt 0.866288 0.397996
vt 0.864581 0.400245
vt 0.727614 0.740114
vt 0.867222 0.247959
vt 0.867283 0.246160
vt 0.867855 0.246602
vt 0.822395 0.274363
vt 0.723041 0.736497
vt 0.722957 0.737690
vt 0.721897 0.736758
vt 0.844923 0.385550
vt 0.843395 0.383380
vt 0.845035 0.383520
vt 0.823484 0.248959
vt 0.827801 0.243679
vt 0.832487 0.241326
vt 0.723030 0.732235
vt 0.868129 0.243148
vt 0.471314 0.604679
vt 0.546796 0.603521
vt 0.458519 0.609934
vt 0.762928 0.748272
vt 0.761392 0.746616
vt 0.762106 0.747401
vt 0.854065 0.242139
vt 0.846418 0.232970
vt 0.918692 0.427737
vt 0.926592 0.420096
vt 0.748513 0.729293
vt 0.856455 0.242752
vt 0.855309 0.243038
vt 0.826140 0.111356
vt 0.827535 0.116898
vt 0.827842 0.197971
vt 0.545631 0.957691
vt 0.548363 0.958872
vt 0.546531 0.959134
vt 0.773684 0.746214
vt 0.772933 0.746366
vt 0.743932 0.729819
vt 0.744823 0.728605
vt 0.855166 0.241868
vt 0.878072 0.386368
vt 0.877477 0.385013
vt 0.881013 0.385871
vt 0.912913 0.690815
vt 0.913406 0.689498
vt 0.914372 0.691382
vt 0.784384 0.659766
vt 0.785117 0.660320
vt 0.779458 0.673112
vt 0.777516 0.803317
vt 0.773167 0.805312
vt 0.778869 0.801167
vt 0.764109 0.568097
vt 0.570164 0.969569
vt 0.740077 0.734654
vt 0.739073 0.734489
vt 0.828259 0.242722
vt 0.828784 0.242575
vt 0.959419 0.722922
vt 0.991074 0.385803
vt 0.986621 0.379341
vt 0.946229 0.545603
vt 0.948356 0.542359
vt 0.949248 0.541365
vt 0.548530 0.956910
vt 0.936371 0.841858
vt 0.934316 0.842274
vt 0.813177 0.822366
vt 0.900205 0.438137
vt 0.506608 0.975503
vt 0.707682 0.771076
vt 0.823766 0.337338
vt 0.785948 0.548453
vt 0.784748 0.548246
vt 0.846278 0.275670
vt 0.843601 0.278391
vt 0.763355 0.778947
vt 0.781245 0.285872
vt 0.780058 0.283867
vt 0.478935 0.030748
vt 0.797958 0.787463
vt 0.803466 0.778718
vt 0.835856 0.339368
vt 0.827385 0.334226
vt 0.829346 0.334202
vt 0.820184 0.234907
vt 0.820076 0.233783
vt 0.731722 0.804557
vt 0.843117 0.344604
vt 0.846981 0.357766
vt 0.843604 0.358917
vt 0.860139 0.847247
vt 0.861434 0.845981
vt 0.887800 0.385859
vt 0.826664 0.309657
vt 0.846255 0.235342
vt 0.845300 0.235537
vt 0.843960 0.426055
vt 0.842575 0.234023
vt 0.842099 0.232824
vt 0.750658 0.731066
vt 0.915472 0.888428
vt 0.818758 0.250297
vt 0.829985 0.239000
vt 0.766009 0.774101
vt 0.781494 0.284321
vt 0.773024 0.736862
vt 0.772183 0.733522
vt 0.772980 0.733976
vt 0.777374 0.543939
vt 0.778970 0.539408
vt 0.918922 0.587132
vt 0.952057 0.872138
vt 0.775860 0.734086
vt 0.776789 0.739938
vt 0.774960 0.733763
vt 0.990450 0.393589
vt 0.984741 0.377795
vt 0.912800 0.667383
vt 0.776339 0.733241
vt 0.808249 0.065748
vt 0.800649 0.198625
vt 0.786483 0.196092
vt 0.822947 0.253039
vt 0.820567 0.253314
vt 0.765858 0.811576
vt 0.765850 0.813419
vt 0.379565 0.195737
vt 0.604825 0.201475
vt 0.592178 0.208869
vt 0.773988 0.730377
vt 0.773540 0.724375
vt 0.774630 0.728471
vt 0.800889 0.227593
vt 0.739224 0.838103
vt 0.564789 0.925151
vt 0.783468 0.798559
vt 0.782447 0.799600
vt 0.727572 0.814064
vt 0.727094 0.815776
vt 0.843445 0.824879
vt 0.769542 0.723400
vt 0.769888 0.725849
vt 0.769020 0.718651
vt 0.769293 0.720053
vt 0.744877 0.711368
vt 0.743007 0.711069
vt 0.743981 0.710342
vt 0.928466 0.589733
vt 0.928957 0.588219
vt 0.929525 0.590853
vt 0.777164 0.744823
vt 0.841145 0.499660
vt 0.843575 0.499800
vt 0.843417 0.501044
vt 0.716414 0.767860
vt 0.718475 0.767027
vt 0.856199 0.213923
vt 0.855119 0.213866
vt 0.854798 0.211592
vt 0.847103 0.282465
vt 0.770714 0.701936
vt 0.768914 0.710063
vt 0.762512 0.630521
vt 0.891027 0.385675
vt 0.894586 0.386186
vt 0.924844 0.697403
vt 0.698613 0.774156
vt 0.821604 0.307072
vt 0.823656 0.306805
vt 0.560345 0.974896
vt 0.903268 0.593295
vt 0.901514 0.612215
vt 0.900070 0.619078
vt 0.918250 0.583855
vt 0.740019 0.594042
vt 0.855320 0.848522
vt 0.854833 0.849680
vt 0.849113 0.836151
vt 0.885020 0.900303
vt 0.842745 0.360463
vt 0.844949 0.359100
vt 0.845473 0.358677
vt 0.916637 0.887466
vt 0.878043 0.365047
vt 0.750854 0.805705
vt 0.561824 0.925981
vt 0.785580 0.193221
vt 0.786382 0.189148
vt 0.761226 0.767101
vt 0.763986 0.755888
vt 0.763262 0.755036
vt 0.858742 0.849426
vt 0.878569 0.857774
vt 0.910953 0.459502
vt 0.913098 0.460041
vt 0.815669 0.243015
vt 0.860183 0.802057
vt 0.959683 0.728790
vt 0.804313 0.795964
vt 0.798593 0.793334
vt 0.756180 0.645423
vt 0.747520 0.671627
vt 0.745183 0.676971
vt 0.723836 0.749226
vt 0.724904 0.748408
vt 0.868787 0.836707
vt 0.869363 0.838673
vt 0.789904 0.147984
vt 0.788272 0.161473
vt 0.787869 0.153058
vt 0.824263 0.336553
vt 0.832627 0.343132
vt 0.826707 0.345566
vt 0.826212 0.389923
vt 0.825832 0.389836
vt 0.721511 0.749000
vt 0.724996 0.740663
vt 0.863361 0.852910
vt 0.876938 0.859592
vt 0.861100 0.852510
vt 0.742775 0.812899
vt 0.944866 0.544214
vt 0.932394 0.842438
vt 0.933727 0.836988
vt 0.859461 0.846997
vt 0.764509 0.758879
vt 0.765953 0.757137
vt 0.799225 0.661132
vt 0.802676 0.648621
vt 0.817965 0.615101
vt 0.642678 0.599961
vt 0.629861 0.600001
vt 0.879063 0.726680
vt 0.878129 0.724715
vt 0.925617 0.705029
vt 0.926155 0.706458
vt 0.801200 0.625878
vt 0.800280 0.626188
vt 0.817349 0.812869
vt 0.817745 0.813362
vt 0.828230 0.119681
vt 0.783860 0.576034
vt 0.810560 0.335069
vt 0.783724 0.583524
vt 0.824997 0.111609
vt 0.824768 0.111357
vt 0.696433 0.604825
vt 0.883314 0.042077
vt 0.884158 0.044561
vt 0.883176 0.040397
vt 0.882002 0.043842
vt 0.828174 0.348533
vt 0.831472 0.352607
vt 0.829973 0.352386
vt 0.879745 0.050250
vt 0.883185 0.037727
vt 0.883620 0.039258
vt 0.874294 0.897354
vt 0.874520 0.895924
vt 0.922786 0.584937
vt 0.858665 0.275747
vt 0.858976 0.277441
vt 0.891313 0.069605
vt 0.893210 0.062260
vt 0.891708 0.068837
vt 0.776825 0.541048
vt 0.777986 0.539756
vt 0.778444 0.540614
vt 0.779256 0.536884
vt 0.867899 0.891857
vt 0.868611 0.891882
vt 0.858814 0.078902
vt 0.858688 0.087379
vt 0.775048 0.555828
vt 0.774593 0.555275
vt 0.776565 0.543500
vt 0.780204 0.536859
vt 0.780408 0.534662
vt 0.779146 0.528788
vt 0.779205 0.530169
vt 0.882385 0.462446
vt 0.857361 0.449185
vt 0.850760 0.445499
vt 0.868591 0.891239
vt 0.775333 0.545766
vt 0.782891 0.865786
vt 0.815948 0.062621
vt 0.770322 0.874894
vt 0.887499 0.900458
vt 0.887568 0.901458
vt 0.866326 0.890584
vt 0.864674 0.420363
vt 0.867172 0.424025
vt 0.864969 0.421659
vt 0.865160 0.889497
vt 0.864993 0.890193
vt 0.575073 0.100529
vt 0.951100 0.528781
vt 0.948457 0.536415
vt 0.829694 0.332572
vt 0.829904 0.333872
vt 0.858711 0.248870
vt 0.740145 0.810834
vt 0.912710 0.461621
vt 0.787794 0.535735
vt 0.788423 0.534436
vt 0.789566 0.534799
vt 0.743453 0.682480
vt 0.744274 0.682071
vt 0.746470 0.818602
vt 0.791069 0.370886
vt 0.792203 0.372800
vt 0.792245 0.374490
vt 0.889324 0.383265
vt 0.888748 0.384008
vt 0.888557 0.382692
vt 0.887478 0.383438
vt 0.921838 0.422156
vt 0.910972 0.400344
vt 0.785750 0.549089
vt 0.785316 0.550619
vt 0.815524 0.402080
vt 0.816241 0.397350
vt 0.816396 0.402795
vt 0.929450 0.596622
vt 0.888863 0.386518
vt 0.889618 0.387638
vt 0.888923 0.388146
vt 0.954977 0.412941
vt 0.952111 0.413406
vt 0.974948 0.693706
vt 0.921919 0.423709
vt 0.849943 0.499268
vt 0.837497 0.483861
vt 0.853365 0.498589
vt 0.896100 0.735715
vt 0.896078 0.736243
vt 0.895294 0.736290
vt 0.806439 0.821028
vt 0.785000 0.814658
vt 0.885936 0.385595
vt 0.886760 0.387413
vt 0.887449 0.388088
vt 0.888166 0.387483
vt 0.893085 0.736420
vt 0.905246 0.739342
vt 0.899904 0.832918
vt 0.920623 0.474349
vt 0.837167 0.401635
vt 0.877058 0.388080
vt 0.885297 0.387347
vt 0.823050 0.082745
vt 0.825756 0.087222
vt 0.822943 0.083662
vt 0.785960 0.549448
vt 0.786129 0.548852
vt 0.886075 0.388032
vt 0.920148 0.424188
vt 0.919913 0.425362
vt 0.919005 0.424482
vt 0.918263 0.426412
vt 0.916455 0.691401
vt 0.913893 0.692353
vt 0.782704 0.818876
vt 0.954559 0.380814
vt 0.824940 0.388221
vt 0.915969 0.428708
vt 0.917470 0.428685
vt 0.916136 0.429791
vt 0.939753 0.546484
vt 0.925583 0.703271
vt 0.915014 0.428597
vt 0.864239 0.796142
vt 0.912692 0.458209
vt 0.663608 0.613279
vt 0.911262 0.691413
vt 0.910421 0.691676
vt 0.910197 0.690712
vt 0.957178 0.848195
vt 0.875308 0.855809
vt 0.888251 0.860420
vt 0.741283 0.834732
vt 0.912868 0.459642
vt 0.883150 0.383189
vt 0.880769 0.383885
vt 0.881603 0.383007
vt 0.886508 0.863425
vt 0.886567 0.864815
vt 0.861611 0.265893
vt 0.862914 0.263261
vt 0.846381 0.280652
vt 0.882238 0.696249
vt 0.883189 0.693953
vt 0.884804 0.693661
vt 0.374856 0.607661
vt 0.324955 0.610663
vt 0.313089 0.609741
vt 0.910598 0.553648
vt 0.913777 0.563842
vt 0.861529 0.252316
vt 0.885972 0.861470
vt 0.904902 0.690335
vt 0.891819 0.688305
vt 0.910707 0.689303
vt 0.848636 0.481757
vt 0.861675 0.490630
vt 0.719518 0.753063
vt 0.896389 0.830231
vt 0.896944 0.830508
vt 0.895756 0.831008
vt 0.884403 0.862582
vt 0.472933 0.628109
vt 0.474261 0.627026
vt 0.536966 0.626190
vt 0.905545 0.691299
vt 0.904697 0.690777
vt 0.903781 0.690489
vt 0.833934 0.301783
vt 0.832747 0.306502
vt 0.883085 0.864519
vt 0.880366 0.863688
vt 0.878115 0.864070
vt 0.904926 0.387669
vt 0.914525 0.391682
vt 0.891729 0.690922
vt 0.891459 0.690265
vt 0.892999 0.690316
vt 0.527653 0.955043
vt 0.828993 0.518776
vt 0.829555 0.519855
vt 0.952750 0.533453
vt 0.882821 0.860646
vt 0.849161 0.356811
vt 0.874494 0.385829
vt 0.875462 0.386210
vt 0.875643 0.387011
vt 0.876516 0.386975
vt 0.888211 0.768390
vt 0.901329 0.688770
vt 0.957315 0.868559
vt 0.944286 0.543161
vt 0.820623 0.608554
vt 0.838636 0.586860
vt 0.760744 0.740408
vt 0.754674 0.732129
vt 0.878148 0.858895
vt 0.844643 0.359809
vt 0.846719 0.362102
vt 0.863748 0.400920
vt 0.863091 0.398039
vt 0.867922 0.393467
vt 0.847550 0.361538
vt 0.848247 0.360910
vt 0.878490 0.051332
vt 0.825310 0.518794
vt 0.823938 0.517953
vt 0.902022 0.688204
vt 0.902140 0.689298
vt 0.839692 0.359774
vt 0.841503 0.358936
vt 0.841717 0.360063
vt 0.842036 0.359493
vt 0.844860 0.363308
vt 0.846160 0.363027
vt 0.847454 0.362837
vt 0.944832 0.694278
vt 0.943892 0.692745
vt 0.710400 0.770689
vt 0.510648 0.948924
vt 0.846039 0.364156
vt 0.875230 0.895166
vt 0.900392 0.436128
vt 0.901198 0.436200
vt 0.956363 0.845598
vt 0.959135 0.849855
vt 0.876743 0.857769
vt 0.770736 0.729264
vt 0.771971 0.728967
vt 0.771328 0.730186
vt 0.942345 0.695234
vt 0.844179 0.365141
vt 0.896215 0.437981
vt 0.885834 0.465724
vt 0.887721 0.471252
vt 0.885093 0.468208
vt 0.893295 0.689897
vt 0.893386 0.690739
vt 0.302860 0.139594
vt 0.818098 0.811622
vt 0.930287 0.718286
vt 0.931072 0.717213
vt 0.948572 0.540197
vt 0.943286 0.541868
vt 0.827751 0.406004
vt 0.834459 0.415130
vt 0.832835 0.435532
vt 0.970024 0.601582
vt 0.842861 0.365372
vt 0.844169 0.366411
vt 0.846219 0.365907
vt 0.750197 0.590591
vt 0.818005 0.837872
vt 0.813809 0.840593
vt 0.816514 0.837040
vt 0.895882 0.437369
vt 0.896041 0.436569
vt 0.897000 0.436711
vt 0.895964 0.439472
vt 0.526265 0.098413
vt 0.871274 0.033016
vt 0.497663 0.009599
vt 0.585494 0.013118
vt 0.931700 0.878895
vt 0.887736 0.691437
vt 0.922714 0.721217
vt 0.745313 0.812410
vt 0.887323 0.692201
vt 0.867866 0.799812
vt 0.866499 0.799450
vt 0.887690 0.823692
vt 0.888180 0.824140
vt 0.886960 0.824943
vt 0.820495 0.065916
vt 0.821590 0.066420
vt 0.820249 0.066462
vt 0.820643 0.066752
vt 0.798953 0.400463
vt 0.801342 0.403119
vt 0.797350 0.402146
vt 0.955672 0.726410
vt 0.963546 0.726573
vt 0.885689 0.692022
vt 0.881180 0.693836
vt 0.876040 0.722469
vt 0.876878 0.722932
vt 0.875905 0.723593
vt 0.884310 0.820357
vt 0.885240 0.819652
vt 0.885554 0.820854
vt 0.876944 0.724231
vt 0.876948 0.724998
vt 0.881849 0.817190
vt 0.875543 0.434399
vt 0.574540 0.964526
vt 0.835197 0.371619
vt 0.880861 0.463526
vt 0.887203 0.472107
vt 0.550939 0.946204
vt 0.822958 0.254794
vt 0.820928 0.059472
vt 0.821003 0.056699
vt 0.822327 0.061989
vt 0.840368 0.369220
vt 0.349811 0.093007
vt 0.875081 0.720607
vt 0.875939 0.721002
vt 0.874697 0.721204
vt 0.884267 0.817743
vt 0.884589 0.818929
vt 0.883142 0.817267
vt 0.803014 0.200731
vt 0.843308 0.498207
vt 0.842928 0.498804
vt 0.768655 0.713429
vt 0.761934 0.811300
vt 0.761773 0.809890
vt 0.847528 0.498921
vt 0.846033 0.498120
vt 0.759349 0.773426
vt 0.760453 0.779918
vt 0.758820 0.778403
vt 0.560490 0.924101
vt 0.562377 0.924079
vt 0.559068 0.925074
vt 0.882435 0.385609
vt 0.879841 0.386234
vt 0.950973 0.537045
vt 0.805697 0.834195
vt 0.804349 0.834287
vt 0.811570 0.299867
vt 0.813852 0.306969
vt 0.811460 0.303135
vt 0.786696 0.367513
vt 0.784120 0.356809
vt 0.835211 0.373525
vt 0.835292 0.372177
vt 0.878996 0.461963
vt 0.877850 0.461993
vt 0.879907 0.699382
vt 0.878726 0.699079
vt 0.878892 0.698410
vt 0.879143 0.700229
vt 0.877716 0.699387
vt 0.568460 0.967004
vt 0.566878 0.966723
vt 0.918766 0.729037
vt 0.834837 0.373136
vt 0.849843 0.835941
vt 0.848870 0.835622
vt 0.731104 0.779141
vt 0.731880 0.776814
vt 0.884837 0.469239
vt 0.859766 0.851336
vt 0.883707 0.385176
vt 0.863124 0.799537
vt 0.866176 0.800763
vt 0.882165 0.433640
vt 0.814182 0.812548
vt 0.814458 0.808103
vt 0.814978 0.808843
vt 0.740510 0.789280
vt 0.859365 0.852443
vt 0.800358 0.238411
vt 0.777422 0.237194
vt 0.737419 0.813019
vt 0.863564 0.402811
vt 0.861028 0.182260
vt 0.860165 0.180595
vt 0.860351 0.152681
vt 0.778905 0.754339
vt 0.776913 0.756244
vt 0.880248 0.432725
vt 0.880964 0.434355
vt 0.809305 0.287352
vt 0.815966 0.284956
vt 0.828565 0.517770
vt 0.799237 0.411361
vt 0.796011 0.410999
vt 0.797788 0.410953
vt 0.858821 0.851583
vt 0.933343 0.405739
vt 0.817904 0.059410
vt 0.823085 0.132592
vt 0.930170 0.706473
vt 0.931359 0.708245
vt 0.849708 0.421902
vt 0.924494 0.888805
vt 0.774586 0.743020
vt 0.775198 0.744374
vt 0.764324 0.746103
vt 0.900420 0.851173
vt 0.925193 0.886766
vt 0.903988 0.688937
vt 0.722284 0.756479
vt 0.830969 0.376813
vt 0.834362 0.373816
vt 0.841276 0.304841
vt 0.843561 0.304398
vt 0.722526 0.798976
vt 0.737503 0.838512
vt 0.675340 0.777131
vt 0.858273 0.850822
vt 0.829718 0.376535
vt 0.830377 0.376288
vt 0.862923 0.406129
vt 0.863322 0.406484
vt 0.736992 0.736072
vt 0.759741 0.769320
vt 0.762596 0.768206
vt 0.760187 0.771319
vt 0.643546 0.993485
vt 0.944028 0.546751
vt 0.829294 0.377308
vt 0.819790 0.405130
vt 0.857909 0.847561
vt 0.847714 0.853987
vt 0.847052 0.855660
vt 0.880484 0.847386
vt 0.885412 0.748593
vt 0.896793 0.847944
vt 0.874422 0.433180
vt 0.874403 0.434419
vt 0.871752 0.431673
vt 0.877553 0.436272
vt 0.871342 0.432738
vt 0.818774 0.812651
vt 0.828414 0.377804
vt 0.809088 0.607274
vt 0.934861 0.836615
vt 0.932952 0.836468
vt 0.936513 0.836092
vt 0.837137 0.340761
vt 0.874401 0.837808
vt 0.872940 0.840609
vt 0.762136 0.813159
vt 0.566556 0.925710
vt 0.757598 0.823927
vt 0.715029 0.769158
vt 0.712853 0.769526
vt 0.773502 0.762035
vt 0.765651 0.568504
vt 0.872482 0.429537
vt 0.827810 0.399122
vt 0.827124 0.402588
vt 0.825224 0.401600
vt 0.760626 0.811401
vt 0.954166 0.530059
vt 0.844524 0.424754
vt 0.863047 0.415926
vt 0.863792 0.418084
vt 0.862765 0.421864
vt 0.838801 0.300820
vt 0.839616 0.301439
vt 0.817063 0.855813
vt 0.815807 0.841923
vt 0.515121 0.098226
vt 0.867957 0.875095
vt 0.881111 0.866765
vt 0.552966 0.973927
vt 0.557321 0.973902
vt 0.570516 0.964254
vt 0.782489 0.814158
vt 0.784071 0.812198
vt 0.859651 0.450688
vt 0.857986 0.450614
vt 0.785702 0.366794
vt 0.789422 0.378697
vt 0.789217 0.383635
vt 0.833488 0.372707
vt 0.936133 0.874022
vt 0.935299 0.874816
vt 0.807799 0.037361
vt 0.808636 0.037925
vt 0.807098 0.037901
vt 0.808251 0.038531
vt 0.856110 0.782141
vt 0.857185 0.780639
vt 0.856416 0.783420
vt 0.862838 0.798965
vt 0.863163 0.798299
vt 0.862476 0.800521
vt 0.819571 0.860236
vt 0.817915 0.857743
vt 0.568835 0.965392
vt 0.862541 0.799673
vt 0.958115 0.870206
vt 0.824885 0.391687
vt 0.825798 0.392445
vt 0.938329 0.872400
vt 0.932218 0.868277
vt 0.824829 0.398429
vt 0.824142 0.398927
vt 0.851649 0.424314
vt 0.850217 0.423480
vt 0.850075 0.445861
vt 0.850869 0.447414
vt 0.736840 0.833727
vt 0.862947 0.407611
vt 0.862939 0.414150
vt 0.926166 0.597849
vt 0.926166 0.594027
vt 0.850514 0.423059
vt 0.625898 0.591733
vt 0.694276 0.098080
vt 0.847486 0.426800
vt 0.847065 0.427637
vt 0.848244 0.427549
vt 0.765881 0.571631
vt 0.765477 0.817403
vt 0.765351 0.814979
vt 0.846611 0.829049
vt 0.811952 0.847655
vt 0.812015 0.849785
vt 0.811693 0.848988
vt 0.812256 0.850824
vt 0.811348 0.850742
vt 0.811118 0.850072
vt 0.808568 0.801174
vt 0.824856 0.399399
vt 0.906152 0.882976
vt 0.938288 0.871693
vt 0.990423 0.395733
vt 0.991897 0.395638
vt 0.989929 0.399219
vt 0.824486 0.399621
vt 0.843673 0.425242
vt 0.509689 0.946135
vt 0.847298 0.814389
vt 0.848353 0.814022
vt 0.844931 0.820033
vt 0.845241 0.821092
vt 0.846895 0.813355
vt 0.838237 0.828643
vt 0.837764 0.829960
vt 0.837648 0.829176
vt 0.366043 0.006028
vt 0.987283 0.587738
vt 0.987169 0.572358
vt 0.842498 0.823985
vt 0.841844 0.825316
vt 0.841503 0.826340
vt 0.867795 0.394119
vt 0.867636 0.395384
vt 0.840628 0.299887
vt 0.827564 0.215678
vt 0.819157 0.406418
vt 0.821331 0.406558
vt 0.820612 0.407249
vt 0.840528 0.824493
vt 0.839860 0.826727
vt 0.839876 0.827485
vt 0.838627 0.826884
vt 0.890642 0.860196
vt 0.883892 0.878283
vt 0.775627 0.716101
vt 0.785317 0.707373
vt 0.821317 0.304668
vt 0.838599 0.434014
vt 0.839373 0.433973
vt 0.838184 0.434562
vt 0.839076 0.434406
vt 0.925002 0.718346
vt 0.815945 0.403341
vt 0.816032 0.403661
vt 0.817374 0.403491
vt 0.816817 0.403757
vt 0.817151 0.404644
vt 0.818150 0.404841
vt 0.566076 0.106830
vt 0.823945 0.403812
vt 0.825099 0.404362
vt 0.824833 0.409486
vt 0.888631 0.471711
vt 0.932649 0.538185
vt 0.830369 0.331839
vt 0.819188 0.824821
vt 0.813317 0.824039
vt 0.833835 0.822324
vt 0.884032 0.383529
vt 0.889973 0.384629
vt 0.879866 0.385382
vt 0.739182 0.836867
vt 0.823992 0.829183
vt 0.825008 0.831343
vt 0.823510 0.830571
vt 0.819321 0.833371
vt 0.915325 0.886061
vt 0.912957 0.886645
vt 0.919401 0.397992
vt 0.918318 0.394379
vt 0.797538 0.405792
vt 0.800581 0.405415
vt 0.985198 0.376704
vt 0.984830 0.375354
vt 0.829630 0.823610
vt 0.830579 0.822734
vt 0.830436 0.824290
vt 0.821086 0.832272
vt 0.820076 0.832233
vt 0.818487 0.833299
vt 0.818083 0.832313
vt 0.847359 0.834296
vt 0.800347 0.403807
vt 0.801181 0.404660
vt 0.550519 0.962783
vt 0.861081 0.274904
vt 0.827503 0.823747
vt 0.828703 0.824360
vt 0.727207 0.764676
vt 0.949694 0.874218
vt 0.846793 0.384955
vt 0.971264 0.693484
vt 0.972371 0.692791
vt 0.922106 0.413370
vt 0.814453 0.468195
vt 0.812958 0.467852
vt 0.811426 0.466365
vt 0.820185 0.057475
vt 0.572746 0.962252
vt 0.828300 0.205186
vt 0.828906 0.203639
vt 0.829319 0.206775
vt 0.810462 0.409616
vt 0.811065 0.408940
vt 0.823534 0.402734
vt 0.818981 0.459688
vt 0.850511 0.481397
vt 0.812019 0.264730
vt 0.912821 0.396384
vt 0.763202 0.780990
vt 0.799017 0.410265
vt 0.799895 0.410747
vt 0.862232 0.372565
vt 0.869060 0.371226
vt 0.869920 0.372275
vt 0.815297 0.823263
vt 0.812186 0.817620
vt 0.807855 0.819697
vt 0.862851 0.844864
vt 0.866995 0.841675
vt 0.873908 0.876926
vt 0.882083 0.879906
vt 0.864949 0.882101
vt 0.808774 0.821885
vt 0.854074 0.447381
vt 0.853409 0.448643
vt 0.851802 0.446217
vt 0.725724 0.808876
vt 0.527958 0.963339
vt 0.794374 0.411653
vt 0.793616 0.412200
vt 0.919119 0.840977
vt 0.918310 0.842090
vt 0.774062 0.806651
vt 0.773133 0.805982
vt 0.774497 0.805379
vt 0.772459 0.804113
vt 0.967626 0.693367
vt 0.968048 0.692387
vt 0.794502 0.421552
vt 0.794952 0.422202
vt 0.812421 0.202798
vt 0.811610 0.201383
vt 0.813039 0.199673
vt 0.951506 0.712406
vt 0.885108 0.865488
vt 0.785292 0.797589
vt 0.785436 0.798289
vt 0.784431 0.797426
vt 0.786425 0.796662
vt 0.803773 0.795025
vt 0.791590 0.794421
vt 0.790693 0.794378
vt 0.851752 0.795758
vt 0.853125 0.794496
vt 0.851924 0.797318
vt 0.852240 0.798184
vt 0.860525 0.831409
vt 0.846752 0.817207
vt 0.847505 0.794861
vt 0.978477 0.685429
vt 0.938017 0.544238
vt 0.776384 0.746760
vt 0.831820 0.582701
vt 0.773683 0.821915
vt 0.724235 0.583300
vt 0.833694 0.381175
vt 0.824091 0.815081
vt 0.826087 0.813437
vt 0.383100 0.094412
vt 0.533906 0.957685
vt 0.538138 0.966756
vt 0.537821 0.968872
vt 0.839913 0.294605
vt 0.838903 0.293574
vt 0.553804 0.962821
vt 0.564232 0.974988
vt 0.864519 0.406951
vt 0.864255 0.408374
vt 0.863636 0.416716
vt 0.844616 0.301999
vt 0.855687 0.374057
vt 0.837310 0.383411
vt 0.849592 0.429293
vt 0.844968 0.850374
vt 0.592371 0.136873
vt 0.864483 0.274390
vt 0.867752 0.275707
vt 0.866618 0.263435
vt 0.841193 0.232749
vt 0.853447 0.212124
vt 0.857444 0.214842
vt 0.861128 0.207572
vt 0.862390 0.202432
vt 0.555589 0.954894
vt 0.561700 0.962432
vt 0.568279 0.978278
vt 0.807779 0.502757
vt 0.758456 0.786937
vt 0.733660 0.798195
vt 0.534857 0.961702
vt 0.952993 0.378461
vt 0.739862 0.791365
vt 0.747241 0.728037
vt 0.746124 0.730681
vt 0.475922 0.100035
vt 0.754764 0.816504
vt 0.754616 0.815800
vt 0.900464 0.879986
vt 0.789921 0.721380
vt 0.868978 0.840928
vt 0.910965 0.843500
vt 0.899572 0.846906
vt 0.637109 0.989783
vt 0.788367 0.698476
vt 0.853647 0.283783
vt 0.882725 0.815202
vt 0.873643 0.706952
vt 0.898045 0.565077
vt 0.337958 0.097345
vt 0.822457 0.291167
vt 0.745725 0.540387
vt 0.759525 0.546066
vt 0.744652 0.542013
vt 0.745583 0.537609
vt 0.757808 0.543888
vt 0.753372 0.540579
vt 0.924535 0.694353
vt 0.631940 0.501630
vt 0.936624 0.688436
vt 0.929579 0.698541
vt 0.944085 0.683371
vt 0.941848 0.691054
vt 0.463681 0.196987
vt 0.970058 0.597050
vt 0.605312 0.200064
vt 0.577052 0.515061
vt 0.940464 0.544169
vt 0.593533 0.953504
vt 0.881233 0.801430
vt 0.910178 0.588683
vt 0.611170 0.100248
vt 0.827668 0.272911
vt 0.827657 0.276430
vt 0.827117 0.272219
vt 0.826792 0.274787
vt 0.822450 0.286494
vt 0.878835 0.544243
vt 0.879954 0.542981
vt 0.666233 0.121224
vt 0.669452 0.120003
vt 0.586657 0.106962
vt 0.920598 0.694637
vt 0.745003 0.819038
vt 0.948999 0.873516
vt 0.740574 0.733753
vt 0.879284 0.885561
vt 0.889175 0.881817
vt 0.890094 0.889346
vt 0.957896 0.730554
vt 0.958006 0.732560
vt 0.935136 0.500514
vt 0.812550 0.065198
vt 0.812838 0.064344
vt 0.814435 0.064104
vt 0.816418 0.063965
vt 0.822259 0.130723
vt 0.822749 0.184950
vt 0.822140 0.180529
vt 0.808730 0.247775
vt 0.807176 0.247945
vt 0.807416 0.246146
vt 0.759529 0.575780
vt 0.914720 0.879553
vt 0.884748 0.786089
vt 0.881364 0.798012
vt 0.922828 0.887421
vt 0.927510 0.886394
vt 0.936562 0.882392
vt 0.930694 0.876383
vt 0.817128 0.239550
vt 0.740598 0.776911
vt 0.741432 0.774829
vt 0.736475 0.836326
vt 0.778154 0.230092
vt 0.738312 0.817768
vt 0.932962 0.545040
vt 0.666483 0.080053
vt 0.916729 0.545838
vt 0.899369 0.532612
vt 0.798144 0.447764
vt 0.805083 0.777687
vt 0.806801 0.775508
vt 0.816387 0.240782
vt 0.933419 0.719325
vt 0.912211 0.737364
vt 0.931486 0.722075
vt 0.912027 0.738588
vt 0.930315 0.727549
vt 0.918313 0.735995
vt 0.770010 0.559505
vt 0.768863 0.560875
vt 0.737227 0.542086
vt 0.818018 0.052742
vt 0.848804 0.422080
vt 0.831866 0.524198
vt 0.832503 0.523259
vt 0.831302 0.521493
vt 0.858380 0.788382
vt 0.803549 0.496110
vt 0.747570 0.727215
vt 0.794673 0.419476
vt 0.827037 0.413023
vt 0.814610 0.416553
vt 0.794799 0.420811
vt 0.849088 0.857279
vt 0.915808 0.468082
vt 0.865003 0.275465
vt 0.769858 0.752500
vt 0.761777 0.615196
vt 0.757105 0.623011
vt 0.784076 0.532619
vt 0.765810 0.622020
vt 0.889200 0.145993
vt 0.890214 0.127943
vt 0.781597 0.530319
vt 0.778512 0.532368
vt 0.560916 0.922963
vt 0.557800 0.922503
vt 0.677046 0.777730
vt 0.782560 0.674260
vt 0.771575 0.712658
vt 0.788153 0.657136
vt 0.917397 0.421061
vt 0.774189 0.817795
vt 0.584168 0.941773
vt 0.589177 0.950185
vt 0.968729 0.370295
vt 0.781345 0.211530
vt 0.907088 0.436119
vt 0.699342 0.774659
vt 0.530337 0.942359
vt 0.535384 0.941962
vt 0.861682 0.276206
vt 0.987630 0.400911
vt 0.970301 0.409092
vt 0.965114 0.410497
vt 0.878518 0.801247
vt 0.882003 0.798455
vt 0.829860 0.378279
vt 0.912767 0.731739
vt 0.700671 0.141825
vt 0.634515 0.632520
vt 0.634456 0.628258
vt 0.641710 0.617605
vt 0.649237 0.616758
vt 0.659777 0.614633
vt 0.943250 0.399329
vt 0.943794 0.412175
vt 0.910815 0.882423
vt 0.891697 0.853276
vt 0.826869 0.218025
vt 0.819253 0.235334
vt 0.825810 0.208505
vt 0.916376 0.586522
vt 0.849866 0.239689
vt 0.828114 0.277980
vt 0.822966 0.305847
vt 0.840543 0.279666
vt 0.756011 0.802825
vt 0.907215 0.588778
vt 0.802864 0.494518
vt 0.306032 0.139325
vt 0.770509 0.559313
vt 0.931886 0.596148
vt 0.905741 0.593522
vt 0.892071 0.657388
vt 0.888899 0.669226
vt 0.887537 0.671250
vt 0.886691 0.672875
vt 0.865785 0.776831
vt 0.864823 0.778046
vt 0.868827 0.799230
vt 0.944160 0.697832
vt 0.945331 0.700386
vt 0.948563 0.706149
vt 0.862258 0.804048
vt 0.927207 0.696774
vt 0.870373 0.837220
vt 0.870776 0.844629
vt 0.892186 0.846468
vt 0.904381 0.844998
vt 0.888340 0.751260
vt 0.889171 0.754004
vt 0.890422 0.760094
vt 0.982861 0.372343
vt 0.965227 0.729052
vt 0.966154 0.730893
vt 0.953812 0.730478
vt 0.888098 0.770677
vt 0.887201 0.774231
vt 0.955691 0.717898
vt 0.883642 0.821540
vt 0.894526 0.738127
vt 0.892424 0.736788
vt 0.728367 0.810948
vt 0.729856 0.815034
vt 0.758670 0.739650
vt 0.752582 0.729637
vt 0.754754 0.731425
vt 0.740832 0.710251
vt 0.744118 0.684180
vt 0.742291 0.707367
vt 0.718942 0.755671
vt 0.723403 0.762549
vt 0.721425 0.762247
vt 0.819563 0.301092
vt 0.931285 0.872130
vt 0.933764 0.874777
vt 0.763103 0.566227
vt 0.770033 0.871330
vt 0.725923 0.813693
vt 0.783008 0.531987
vt 0.889927 0.122252
vt 0.894807 0.055779
vt 0.552109 0.944077
vt 0.785630 0.655481
vt 0.826671 0.579011
vt 0.791683 0.647866
vt 0.791573 0.644084
vt 0.831481 0.578996
vt 0.881436 0.696136
vt 0.882594 0.695086
vt 0.886250 0.693039
vt 0.877592 0.700377
vt 0.816605 0.277125
vt 0.865869 0.401658
vt 0.874927 0.171900
vt 0.818649 0.838286
vt 0.822364 0.864368
vt 0.825182 0.872436
vt 0.820158 0.056434
vt 0.823170 0.063572
vt 0.821994 0.059237
vt 0.824142 0.065411
vt 0.824005 0.071249
vt 0.851758 0.897330
vt 0.858689 0.105285
vt 0.819272 0.248309
vt 0.834440 0.235456
vt 0.835578 0.236036
vt 0.860002 0.170579
vt 0.812830 0.261032
vt 0.792388 0.376417
vt 0.896104 0.383849
vt 0.902011 0.385974
vt 0.914082 0.395994
vt 0.828391 0.309497
vt 0.849282 0.285917
vt 0.845601 0.385613
vt 0.846576 0.383278
vt 0.825012 0.246903
vt 0.826057 0.245589
vt 0.913014 0.434890
vt 0.921342 0.427934
vt 0.934690 0.426270
vt 0.941094 0.417446
vt 0.938316 0.420459
vt 0.916631 0.410254
vt 0.878044 0.383586
vt 0.760203 0.568098
vt 0.950469 0.543420
vt 0.947852 0.544601
vt 0.502586 0.976423
vt 0.329520 0.006154
vt 0.372868 0.006160
vt 0.390740 0.006480
vt 0.597972 0.012806
vt 0.743674 0.566314
vt 0.747302 0.565065
vt 0.738787 0.564408
vt 0.741811 0.565488
vt 0.637378 0.548012
vt 0.645100 0.550698
vt 0.488490 0.032963
vt 0.828424 0.333204
vt 0.838612 0.359663
vt 0.912193 0.889161
vt 0.860360 0.372575
vt 0.910045 0.887235
vt 0.758200 0.615933
vt 0.775083 0.566924
vt 0.775892 0.547007
vt 0.994120 0.388532
vt 0.786378 0.098639
vt 0.768396 0.812057
vt 0.485723 0.207876
vt 0.378609 0.206242
vt 0.987640 0.546304
vt 0.567441 0.924076
vt 0.771012 0.728057
vt 0.777520 0.740597
vt 0.767218 0.754889
vt 0.760645 0.768560
vt 0.763427 0.776865
vt 0.765289 0.774899
vt 0.779451 0.735047
vt 0.778380 0.734113
vt 0.794115 0.648246
vt 0.794913 0.647561
vt 0.792666 0.402867
vt 0.819044 0.374499
vt 0.790496 0.391621
vt 0.827490 0.347190
vt 0.827135 0.348291
vt 0.810996 0.334897
vt 0.781587 0.321079
vt 0.803404 0.403491
vt 0.802782 0.402058
vt 0.756820 0.732829
vt 0.696927 0.776839
vt 0.562855 0.977251
vt 0.884064 0.900584
vt 0.879651 0.364466
vt 0.827368 0.378688
vt 0.897850 0.734875
vt 0.888134 0.734159
vt 0.888077 0.733526
vt 0.878995 0.727381
vt 0.885506 0.821731
vt 0.880276 0.046545
vt 0.881958 0.460744
vt 0.864436 0.453306
vt 0.862904 0.453270
vt 0.861964 0.451784
vt 0.860396 0.451813
vt 0.769498 0.874442
vt 0.812261 0.836795
vt 0.815832 0.061940
vt 0.737866 0.813240
vt 0.954007 0.413245
vt 0.801206 0.819633
vt 0.901822 0.832501
vt 0.903121 0.833176
vt 0.837861 0.386833
vt 0.914457 0.458327
vt 0.894482 0.851946
vt 0.901953 0.690640
vt 0.955168 0.534182
vt 0.837778 0.586129
vt 0.860315 0.406018
vt 0.874757 0.386788
vt 0.513315 0.949248
vt 0.639125 0.617832
vt 0.545615 0.625951
vt 0.461497 0.625993
vt 0.809584 0.801677
vt 0.947141 0.538700
vt 0.826149 0.410537
vt 0.832840 0.436510
vt 0.828474 0.424491
vt 0.836830 0.410928
vt 0.834905 0.427853
vt 0.836280 0.424395
vt 0.836424 0.431090
vt 0.836449 0.431659
vt 0.894462 0.439155
vt 0.872974 0.033766
vt 0.884598 0.784974
vt 0.888786 0.689108
vt 0.883732 0.816859
vt 0.893319 0.438835
vt 0.892420 0.439300
vt 0.311095 0.062723
vt 0.312154 0.060901
vt 0.313195 0.060021
vt 0.313394 0.057639
vt 0.313210 0.052615
vt 0.309807 0.048230
vt 0.309951 0.047362
vt 0.308744 0.047204
vt 0.308841 0.046322
vt 0.307751 0.046264
vt 0.957173 0.531813
vt 0.954468 0.528892
vt 0.913276 0.457375
vt 0.865875 0.426959
vt 0.745020 0.567341
vt 0.748127 0.569101
vt 0.740315 0.566875
vt 0.740870 0.567914
vt 0.629767 0.584991
vt 0.930458 0.537119
vt 0.781337 0.357503
vt 0.777481 0.239535
vt 0.783684 0.289443
vt 0.782854 0.287857
vt 0.776516 0.240647
vt 0.573054 0.980211
vt 0.812110 0.845734
vt 0.814737 0.838025
vt 0.822812 0.831324
vt 0.819228 0.829169
vt 0.819832 0.252546
vt 0.937414 0.389909
vt 0.945010 0.391836
vt 0.937293 0.384918
vt 0.860844 0.406724
vt 0.860856 0.409649
vt 0.859436 0.409556
vt 0.872732 0.369868
vt 0.839265 0.338813
vt 0.767183 0.567502
vt 0.838638 0.304245
vt 0.816328 0.857546
vt 0.884377 0.867365
vt 0.880261 0.877258
vt 0.867204 0.876736
vt 0.647477 0.993094
vt 0.853540 0.360168
vt 0.851362 0.361048
vt 0.509729 0.945230
vt 0.789031 0.719449
vt 0.791927 0.725011
vt 0.793437 0.733965
vt 0.837351 0.586098
vt 0.786377 0.713744
vt 0.838367 0.337945
vt 0.829757 0.331566
vt 0.903290 0.735020
vt 0.811595 0.036550
vt 0.817020 0.047450
s 1
usemtl 材质.001
f 13/1/1 1844/2/2 14/3/3
f 22/4/4 18/5/5 23/6/6
f 19/7/7 21/8/8 20/9/9
f 26/10/10 27/11/11 28/12/12
f 27/11/11 20/9/9 28/12/12
f 20/9/9 21/8/8 28/12/12
f 22/4/13 23/6/14 31/13/14
f 32/14/15 31/13/16 33/15/17
f 31/13/16 23/6/18 33/15/17
f 25/16/19 20/9/9 35/17/20
f 27/11/21 26/10/21 36/18/21
f 3/19/22 2125/20/23 2284/21/24
f 37/22/25 29/23/26 43/24/27
f 30/25/28 38/26/29 44/27/30
f 572/28/31 590/29/32 589/30/33
f 32/31/34 40/32/34 45/33/34
f 1456/34/35 1477/35/36 1465/36/37
f 40/32/38 24/37/39 46/38/40
f 308/39/41 307/40/42 293/41/43
f 127/42/44 114/43/45 116/44/46
f 1252/45/47 1315/46/48 1314/47/49
f 252/48/50 263/49/51 251/50/52
f 2228/51/53 2186/52/54 2196/53/55
f 51/54/56 53/55/57 58/56/58
f 423/57/59 440/58/60 394/59/61
f 67/60/62 55/61/63 56/62/64
f 251/50/52 275/63/65 274/64/66
f 1400/65/67 1386/66/68 1407/67/69
f 846/68/70 859/69/71 835/70/72
f 70/71/73 81/72/74 82/73/75
f 695/74/76 716/75/77 715/76/78
f 2386/77/79 2020/78/80 2021/79/81
f 1360/80/82 1339/81/83 1330/82/84
f 1433/83/85 1420/84/86 1411/85/87
f 88/86/88 97/87/89 98/88/90
f 1003/89/91 980/90/92 967/91/93
f 1818/92/94 1856/93/95 1810/94/96
f 2313/95/97 2145/96/98 2133/97/99
f 95/98/100 100/99/101 101/100/102
f 619/101/103 701/102/104 630/103/105
f 383/104/106 381/105/107 382/106/108
f 2411/107/109 2433/108/110 2438/109/111
f 216/110/112 220/111/113 221/112/114
f 1306/113/115 1274/114/116 1310/115/117
f 549/116/118 560/117/119 559/118/120
f 2278/119/121 2325/120/122 2307/121/123
f 972/122/124 973/123/125 1041/124/126
f 125/125/127 126/126/128 130/127/129
f 2151/128/130 2182/129/131 2178/130/132
f 299/131/133 279/132/134 254/133/135
f 1175/134/136 1163/135/137 1164/136/138
f 1240/137/139 1259/138/140 1255/139/141
f 24/140/39 23/6/18 18/5/142
f 1064/141/143 1075/142/144 1068/143/145
f 1686/144/146 1607/145/147 1628/146/148
f 179/147/149 184/148/150 180/149/151
f 2147/150/152 2169/151/153 1926/152/154
f 1108/153/155 1120/154/156 1119/155/157
f 96/156/158 94/157/159 93/158/160
f 2137/159/161 2164/160/162 2171/161/163
f 2449/162/164 2455/163/165 2447/164/166
f 8/165/167 2276/166/168 7/167/169
f 2369/168/170 2388/169/171 2377/170/172
f 2187/171/173 2154/172/174 2205/173/175
f 854/174/176 889/175/177 888/176/178
f 145/177/179 147/178/180 148/179/181
f 331/180/182 320/181/183 299/131/133
f 152/182/184 146/183/185 156/184/186
f 870/185/187 869/186/188 853/187/189
f 1636/188/190 1641/189/191 1632/190/192
f 157/191/193 153/192/194 162/193/195
f 153/192/194 158/194/196 162/193/195
f 150/195/197 149/196/198 164/197/199
f 178/198/200 190/199/201 179/147/149
f 163/200/202 159/201/203 165/202/204
f 155/203/205 150/195/197 166/204/206
f 166/204/206 150/195/197 164/197/199
f 1533/205/207 1524/206/208 1526/207/209
f 168/208/210 160/209/211 172/210/212
f 777/211/213 778/212/214 789/213/215
f 171/214/216 163/200/202 165/202/204
f 162/193/195 158/194/196 174/215/217
f 864/216/218 907/217/219 915/218/220
f 1394/219/221 1421/220/222 1376/221/223
f 171/214/216 165/202/204 176/222/224
f 177/223/225 169/224/226 174/215/217
f 1935/225/227 1934/226/228 1933/227/229
f 2138/228/230 2153/229/231 2105/230/232
f 1026/231/233 1115/232/234 902/233/235
f 1073/234/236 1078/235/237 1094/236/238
f 181/237/239 183/238/240 187/239/241
f 1065/240/242 1051/241/243 1003/89/91
f 1831/242/244 1842/243/245 1792/244/246
f 6/245/247 2289/246/248 2304/247/249
f 399/248/250 402/249/251 396/250/252
f 1072/251/253 1089/252/254 1016/253/255
f 2135/254/256 2151/128/257 2101/255/258
f 1446/256/259 1457/257/260 1429/258/261
f 212/259/262 211/260/263 213/261/264
f 216/110/112 214/262/265 215/263/266
f 2434/264/267 2433/108/110 2422/265/268
f 885/266/269 846/68/270 845/267/271
f 1785/268/272 1810/269/96 1741/270/273
f 1507/271/274 1504/272/275 1500/273/276
f 1336/274/277 1335/275/278 1319/276/279
f 2042/277/280 2067/278/281 11/279/282
f 648/280/283 792/281/284 722/282/285
f 42/283/286 27/11/11 36/18/287
f 983/284/288 1020/285/289 1005/286/290
f 1353/287/291 1361/288/292 1340/289/293
f 968/290/294 912/291/295 914/292/296
f 1136/293/297 1147/294/298 1197/295/299
f 1551/296/300 1555/297/301 1541/298/302
f 1097/299/303 1107/300/304 1126/301/305
f 2054/302/306 2084/303/307 2063/304/308
f 243/305/309 225/306/310 222/307/311
f 240/308/312 232/309/313 235/310/314
f 1100/311/315 1080/312/316 1057/313/317
f 89/314/318 182/315/319 128/316/320
f 248/317/321 240/308/312 235/310/314
f 251/50/52 244/318/322 252/48/323
f 252/48/324 244/318/324 253/319/324
f 2216/320/325 2217/321/326 2230/322/327
f 255/323/328 248/317/328 235/310/328
f 257/324/329 258/325/330 270/326/331
f 258/325/332 259/327/333 270/326/334
f 1125/328/335 1095/329/336 1110/330/337
f 260/331/338 293/41/43 272/332/339
f 2188/333/340 2155/334/341 2129/335/342
f 1157/336/343 1126/301/305 1165/337/344
f 265/338/345 266/339/346 279/132/134
f 1405/340/347 1399/341/348 1370/342/349
f 297/343/350 276/344/350 286/345/350
f 276/344/351 277/346/351 286/345/351
f 1580/347/352 1585/348/353 1572/349/354
f 300/350/355 267/351/355 301/352/355
f 267/351/356 289/353/356 301/352/356
f 635/354/357 679/355/358 651/356/359
f 2501/357/360 2498/358/361 2500/359/362
f 872/360/363 889/175/177 855/361/364
f 290/362/365 291/363/365 304/364/365
f 304/364/366 291/363/366 305/365/366
f 298/366/367 339/367/368 343/368/369
f 281/369/370 300/350/370 313/370/370
f 305/365/371 292/371/371 314/372/371
f 292/371/372 306/373/372 314/372/372
f 310/374/373 311/375/374 319/376/375
f 321/377/376 312/378/376 322/379/376
f 281/369/377 313/370/377 325/380/377
f 1707/381/378 1664/382/379 1670/383/380
f 1852/384/381 1838/385/382 1814/386/383
f 326/387/384 315/388/384 317/389/384
f 2106/390/385 2082/391/386 2084/303/387
f 311/375/374 274/64/66 296/392/388
f 321/377/389 322/379/390 332/393/391
f 326/387/392 317/389/392 336/394/392
f 181/237/239 177/223/225 183/238/240
f 323/395/393 333/396/394 341/397/395
f 1018/398/396 959/399/397 997/400/398
f 1184/401/399 1275/402/400 1274/114/116
f 342/403/401 335/404/402 346/405/403
f 2511/406/404 2509/407/405 2510/408/406
f 1271/409/407 1256/410/408 1265/411/409
f 211/260/263 200/412/410 194/413/411
f 2291/414/412 2271/415/413 2276/166/168
f 1981/416/414 2054/302/306 2064/417/415
f 779/418/416 780/419/417 1702/420/418
f 800/421/419 922/422/420 911/423/421
f 351/424/422 355/425/423 360/426/424
f 366/427/425 363/428/426 327/429/427
f 457/430/428 461/431/429 448/432/430
f 1156/433/431 1157/336/343 1187/434/432
f 713/435/433 727/436/434 712/437/435
f 2482/438/436 2483/439/437 2478/440/438
f 2259/441/439 2263/442/440 2268/443/441
f 370/444/442 369/445/443 371/446/444
f 370/444/445 732/447/446 369/445/447
f 242/448/448 364/449/449 373/450/450
f 1383/451/451 1429/258/261 1416/452/452
f 2028/453/453 2137/159/161 2027/454/454
f 1547/455/455 1538/456/456 1534/457/457
f 1066/458/458 1063/459/459 1073/234/236
f 1687/460/460 1691/461/461 1681/462/462
f 2463/463/463 2499/464/464 2494/465/465
f 386/466/466 384/467/467 389/468/468
f 384/467/469 387/469/469 389/468/469
f 385/470/470 386/466/466 388/471/471
f 487/472/472 496/473/473 486/474/474
f 239/475/475 234/476/476 240/308/477
f 395/477/478 390/478/479 396/250/252
f 131/479/480 129/480/481 124/481/482
f 396/250/252 397/482/483 400/483/484
f 90/484/485 85/485/486 83/486/487
f 2369/168/170 2377/170/172 2347/487/488
f 418/488/489 409/489/490 404/490/491
f 415/491/492 417/492/493 414/493/494
f 417/492/493 412/494/495 422/495/496
f 1045/496/497 919/497/498 900/498/499
f 418/488/500 404/490/501 423/57/59
f 1865/499/502 1782/500/503 1783/501/504
f 1132/502/505 1104/503/506 1092/504/507
f 199/505/508 198/506/509 197/507/510
f 429/508/511 430/509/511 431/510/511
f 435/511/512 405/512/513 433/513/514
f 473/514/515 479/515/516 485/516/517
f 979/517/518 980/90/92 1032/518/519
f 1537/519/520 1412/520/521 1530/521/522
f 320/181/183 298/366/367 299/131/133
f 1319/276/523 1294/522/524 1320/523/525
f 520/524/526 613/525/527 588/526/528
f 444/527/529 383/104/106 382/106/108
f 1359/528/530 1329/529/531 1392/530/532
f 381/105/533 445/531/534 447/532/534
f 441/533/535 442/534/536 440/58/60
f 2381/535/537 2400/536/538 2389/537/539
f 923/538/540 959/399/397 958/539/541
f 367/540/542 366/427/425 377/541/543
f 380/542/544 362/543/545 368/544/546
f 34/545/547 46/38/40 24/37/39
f 754/546/548 723/547/549 709/548/550
f 584/549/551 633/550/552 605/551/553
f 1615/552/554 1629/553/555 1608/554/556
f 2030/555/557 2081/556/558 2011/557/559
f 633/550/552 604/558/560 563/559/561
f 804/560/562 816/561/563 832/562/564
f 1682/563/565 1650/564/566 1685/565/567
f 602/566/568 688/567/569 707/568/570
f 463/569/571 478/570/572 461/431/429
f 468/571/573 455/572/574 486/474/474
f 486/474/474 455/572/575 487/472/472
f 483/573/576 474/574/577 489/575/578
f 489/576/579 474/577/579 490/578/579
f 1978/579/580 2024/580/581 1971/581/582
f 1431/582/583 1444/583/584 1443/584/585
f 481/585/586 486/474/474 496/473/473
f 317/389/587 337/586/588 336/394/589
f 504/587/590 495/588/590 467/589/590
f 481/585/586 496/473/473 505/590/591
f 372/591/592 365/592/593 572/28/31
f 1028/593/594 1081/594/595 1093/595/596
f 505/590/591 515/596/597 514/597/598
f 1116/598/599 1055/599/600 1238/600/601
f 824/601/602 815/602/603 811/603/604
f 17/604/605 16/605/605 528/606/605
f 466/607/606 459/608/607 544/609/608
f 529/610/609 530/611/609 545/612/609
f 2168/613/610 2144/614/611 2157/615/612
f 29/23/26 44/616/30 43/24/27
f 525/617/613 540/618/613 539/619/613
f 1472/620/614 1488/621/615 1487/622/616
f 2106/390/385 2065/623/617 2124/624/618
f 536/625/619 524/626/619 558/627/619
f 524/626/620 548/628/620 558/627/620
f 558/627/621 548/628/622 559/118/623
f 548/628/622 537/629/624 559/118/623
f 537/629/625 549/116/625 559/118/625
f 1870/630/626 1840/631/627 1855/632/628
f 565/633/629 553/634/630 554/635/631
f 550/636/632 543/637/633 571/638/634
f 2110/639/635 2111/640/636 2127/641/637
f 945/642/638 960/643/639 935/644/640
f 471/645/641 501/646/642 484/647/643
f 560/117/644 561/648/645 578/649/644
f 578/649/646 561/648/647 579/650/648
f 2052/651/649 2493/652/650 2482/653/436
f 1176/654/651 1198/655/652 1179/656/653
f 887/657/654 886/658/655 867/659/656
f 552/660/657 527/661/658 589/30/33
f 575/662/659 576/663/660 595/664/661
f 579/650/662 580/665/663 599/666/664
f 599/666/665 580/665/665 581/667/665
f 571/638/634 587/668/666 607/669/667
f 658/670/668 717/671/669 674/672/670
f 608/673/671 589/674/33 590/29/32
f 1426/675/672 1398/676/673 1399/341/348
f 581/667/674 562/677/675 567/678/676
f 566/679/677 598/680/678 597/681/679
f 600/682/680 663/683/681 612/684/682
f 2051/685/683 2026/686/684 2010/687/685
f 617/688/686 591/689/686 618/690/686
f 591/689/687 616/691/687 618/690/687
f 616/691/688 592/692/689 618/690/690
f 87/693/691 123/694/692 132/695/693
f 2092/696/694 2073/697/695 2093/698/696
f 625/699/697 614/700/698 609/701/699
f 610/702/700 615/703/701 630/103/701
f 615/703/702 591/689/702 630/103/702
f 591/689/703 617/688/703 630/103/704
f 2097/704/705 2098/705/706 2148/706/707
f 1737/707/708 1764/708/709 1736/709/708
f 625/699/710 609/701/699 640/710/711
f 642/711/712 627/712/712 564/713/712
f 598/680/678 631/714/713 597/681/679
f 653/715/714 652/716/715 636/717/716
f 423/57/59 405/512/513 419/718/717
f 105/719/718 102/720/719 99/721/720
f 2288/722/721 2275/723/722 2281/724/723
f 72/725/724 34/545/547 54/726/725
f 635/354/726 652/716/726 665/727/726
f 652/716/715 653/715/714 665/727/727
f 636/717/728 637/728/728 653/715/728
f 654/729/729 655/730/730 667/731/731
f 668/732/732 669/733/732 670/734/732
f 671/735/733 669/733/733 672/736/733
f 656/737/734 657/738/735 674/672/670
f 674/672/736 657/738/735 658/670/668
f 466/607/606 544/609/608 675/739/737
f 661/740/738 643/741/739 676/742/740
f 643/741/739 629/743/741 676/742/740
f 672/736/742 680/744/742 671/735/742
f 1885/745/743 1911/746/744 1845/747/745
f 466/607/606 675/739/746 660/748/747
f 661/740/738 676/742/740 683/749/748
f 1243/750/749 1219/751/750 1244/752/751
f 651/356/359 712/437/752 691/753/753
f 680/744/754 681/754/754 693/755/754
f 681/754/755 694/756/755 693/755/755
f 2209/757/756 2198/758/757 2217/321/758
f 34/759/547 18/5/142 25/760/19
f 700/761/759 683/749/759 701/102/759
f 683/749/748 676/742/740 701/102/104
f 677/762/760 684/763/761 702/764/762
f 685/765/763 678/766/764 686/767/765
f 690/768/766 691/753/767 712/437/768
f 694/756/769 695/74/769 715/76/769
f 1477/35/770 1482/769/771 1465/36/772
f 686/767/773 720/770/774 685/765/775
f 710/771/776 711/772/777 725/773/778
f 740/774/779 728/775/780 666/776/781
f 716/75/782 673/777/782 729/778/782
f 673/777/783 730/779/783 729/778/783
f 1945/780/784 1946/781/785 1957/782/786
f 1115/232/234 1114/783/787 1087/784/788
f 173/785/789 161/786/790 169/224/226
f 850/787/791 844/788/792 866/789/793
f 734/790/794 704/791/794 735/792/794
f 1432/793/795 1427/794/796 1435/795/797
f 2430/796/798 2437/797/799 2477/798/800
f 703/799/801 719/800/802 745/801/803
f 734/790/804 735/792/804 747/802/804
f 747/802/805 721/803/806 748/804/805
f 797/805/807 798/806/808 1617/807/809
f 791/808/810 748/804/811 749/809/812
f 2072/810/813 2112/811/814 2090/812/815
f 742/813/816 743/814/816 755/815/816
f 755/815/817 743/814/817 756/816/817
f 696/817/818 757/818/819 641/819/820
f 1188/820/821 1167/821/822 1159/822/823
f 759/823/824 751/824/825 753/825/825
f 751/824/826 752/826/827 753/825/828
f 678/766/829 646/827/830 663/683/831
f 1961/828/832 2039/829/833 2052/651/649
f 732/447/446 744/830/834 763/831/835
f 1377/832/836 1378/833/837 1381/834/838
f 1076/835/839 1099/836/840 1062/837/841
f 1479/838/842 825/839/843 831/840/844
f 1539/841/845 1573/842/846 1566/843/847
f 755/815/848 756/816/849 762/844/850
f 775/845/851 763/831/851 776/846/851
f 765/847/852 766/848/852 764/849/852
f 767/850/853 733/851/854 777/211/855
f 733/851/856 697/852/857 778/212/858
f 995/853/859 1017/854/860 994/855/861
f 1719/856/862 1717/857/863 1718/858/864
f 774/859/865 761/860/866 784/861/867
f 764/849/868 766/848/868 776/846/868
f 776/846/869 766/848/869 789/213/869
f 357/862/870 352/863/871 513/864/872
f 2394/865/873 2420/866/874 2457/867/875
f 1930/868/876 2504/869/877 2490/870/878
f 578/649/646 557/871/879 547/872/880
f 803/873/881 813/874/882 829/875/883
f 2244/876/884 2257/877/885 2243/878/886
f 392/879/887 389/468/468 387/469/888
f 1515/880/889 1535/881/890 1545/882/891
f 1260/883/892 1270/884/893 1269/885/894
f 1873/886/895 1874/887/896 1896/888/897
f 2256/889/898 2267/890/899 2239/891/900
f 1197/295/299 1180/892/901 1146/893/902
f 1199/894/903 1158/895/904 1101/896/905
f 840/897/906 839/898/907 804/560/562
f 2306/899/908 2292/900/909 2305/901/910
f 868/902/911 880/903/912 898/904/913
f 1876/905/914 1848/906/915 1850/907/916
f 848/908/917 842/909/917 864/216/917
f 842/909/918 849/910/918 864/216/918
f 1115/232/234 1087/784/788 1054/911/919
f 465/912/920 466/607/606 660/748/747
f 860/913/921 845/267/921 877/914/922
f 845/267/923 861/915/924 877/914/924
f 862/916/925 846/68/925 878/917/925
f 846/68/926 847/918/927 878/917/928
f 916/919/929 905/920/930 917/921/931
f 500/922/932 601/923/933 517/924/934
f 1200/925/935 1188/820/821 1189/926/936
f 447/532/937 450/927/938 381/105/938
f 1610/928/939 797/805/807 1617/807/809
f 2475/929/940 2459/930/941 2472/931/942
f 546/932/943 556/933/944 574/934/945
f 883/935/946 875/936/946 894/937/946
f 875/936/947 884/938/948 894/937/948
f 953/939/949 1007/940/950 971/941/951
f 905/920/952 908/942/952 907/217/952
f 202/943/953 207/944/954 204/945/955
f 999/946/956 1019/947/957 1058/948/958
f 393/949/959 551/950/960 502/951/961
f 1184/401/399 1131/952/962 1169/953/963
f 847/918/964 836/954/965 837/955/966
f 1175/134/136 1211/956/967 1174/957/968
f 899/958/969 900/498/499 919/497/498
f 891/959/970 874/960/971 882/961/972
f 80/962/973 84/963/974 76/964/975
f 2251/965/976 2236/966/977 2252/967/978
f 931/968/979 917/921/931 932/969/980
f 917/921/931 906/970/981 933/971/982
f 111/972/983 56/62/64 120/973/984
f 911/423/421 922/422/985 934/974/986
f 924/975/987 925/976/988 935/644/640
f 2081/556/558 2063/977/308 2082/391/386
f 943/978/989 942/979/990 920/980/991
f 921/981/992 934/974/993 944/982/994
f 944/982/995 934/974/986 922/422/985
f 843/983/996 842/909/997 833/984/998
f 982/985/999 915/218/220 950/986/1000
f 932/969/1001 939/987/1001 952/988/1001
f 918/989/1002 899/958/969 1010/990/1003
f 988/991/1004 1010/990/1003 899/958/969
f 1149/992/1005 1160/993/1006 1182/994/1007
f 1778/995/1008 1695/996/1009 1786/997/1010
f 2157/615/612 2117/998/1011 2133/97/99
f 2089/999/1012 2126/1000/1013 2127/641/1014
f 954/1001/1015 955/1002/1016 972/122/124
f 677/762/760 631/714/713 632/1003/1017
f 909/1004/1018 976/1005/1019 1037/1006/1020
f 109/1007/1021 91/1008/1022 83/486/487
f 408/1009/1023 588/526/528 434/1010/1024
f 2457/1011/875 2456/1012/1025 2427/1013/1026
f 942/979/1027 1046/1014/1028 989/1015/1029
f 1726/1016/1030 771/1017/1031 1711/1018/1032
f 1471/1019/1033 1444/583/584 1503/1020/1034
f 995/853/859 958/539/541 996/1021/1035
f 263/49/51 276/344/1036 296/392/1037
f 959/399/1038 960/643/1038 997/400/1038
f 1408/1022/1039 1306/113/115 1441/1023/1040
f 2032/1024/1041 2393/1025/1042 2385/1026/1043
f 1004/1027/1044 970/1028/1045 1005/286/290
f 1167/821/822 1178/1029/1046 913/1030/1047
f 1011/1031/1048 990/1032/1048 1012/1033/1048
f 992/1034/1049 991/1035/1050 1012/1033/1051
f 424/1036/1052 420/1037/1053 402/249/1054
f 993/1038/1055 994/855/1056 1017/854/860
f 456/1039/1057 437/1040/1058 462/1041/1059
f 2443/1042/1060 2454/1043/1061 2438/109/1062
f 657/738/735 639/1044/1063 625/699/710
f 1020/285/289 982/985/999 1004/1027/1044
f 1004/1027/1044 1005/286/290 1020/285/289
f 1156/433/431 1163/135/1064 1155/1045/1065
f 985/1046/1066 1006/1047/1067 971/941/1068
f 1021/1048/1069 985/1046/1066 1008/1049/1070
f 1011/1031/1071 1012/1033/1071 1026/231/1071
f 1013/1050/1072 1014/1051/1072 1028/593/1072
f 960/643/1073 998/1052/1074 997/400/398
f 867/659/656 896/1053/1075 866/789/1076
f 1923/1054/1077 1807/1055/1078 769/1056/1079
f 1047/1057/1080 1026/231/233 1038/1058/1081
f 1016/253/255 1017/854/860 1039/1059/1082
f 965/1060/1083 978/1061/1084 964/1062/1085
f 1042/1063/1086 1041/124/126 1043/1064/1087
f 1041/124/1088 1022/1065/1088 1043/1064/1088
f 2309/1066/1089 2294/1067/1090 2295/1068/1091
f 1390/1069/1092 1384/1070/1093 1365/1071/1094
f 511/1072/1095 563/559/561 542/1073/1096
f 1034/1074/1097 1035/1075/1098 1040/1076/1099
f 1198/655/652 1196/1077/1100 1197/295/299
f 963/1078/1101 998/1052/1074 962/1079/1102
f 989/1015/1029 1046/1014/1028 1054/911/919
f 1144/1080/1103 1122/1081/1104 1094/236/238
f 1495/1082/1105 1490/1083/1106 1499/1084/1107
f 1620/1085/1108 1624/1086/1109 1627/1087/1110
f 1186/1088/1111 1164/136/1112 1156/433/1113
f 350/1089/1114 256/1090/1115 231/1091/1116
f 1059/1092/1117 1067/1093/1118 1073/234/236
f 1098/1094/1119 1112/1095/1120 1139/1096/1121
f 1468/1097/1122 1448/1098/1123 1459/1099/1124
f 2192/1100/1125 2225/1101/1126 2202/1102/1127
f 1082/1103/1128 1077/1104/1129 1094/236/238
f 2056/1105/1130 2107/1106/1131 2055/1107/1132
f 1070/1108/1133 1053/1109/1134 1086/1110/1135
f 1081/594/595 1089/252/254 1088/1111/1136
f 775/845/1137 339/367/368 732/447/1138
f 1091/1112/1139 1092/504/507 1104/503/506
f 2079/1113/1140 2118/1114/1140 2078/1115/1140
f 1081/594/1141 1088/1111/1142 1093/595/1143
f 2406/1116/1144 2385/1026/1043 2456/1012/1025
f 233/1117/1145 251/50/52 285/1118/1146
f 739/1119/1147 726/1120/1148 690/768/766
f 858/1121/1149 872/1122/363 873/1123/1150
f 621/1124/1151 582/1125/1152 664/1126/1153
f 655/730/1154 668/732/1155 667/731/1155
f 1092/504/507 1171/1127/1156 1153/1128/1157
f 476/1129/1158 460/1130/1159 471/645/641
f 57/1131/1160 53/55/57 20/9/9
f 1313/1132/1161 1306/113/115 1310/115/117
f 1117/1133/1162 1106/1134/1163 1118/1135/1164
f 55/61/63 48/1136/1165 52/1137/1166
f 1112/1095/1120 1050/1138/1167 1083/1139/1168
f 1114/783/787 1134/1140/1169 1137/1141/1170
f 2453/1142/1171 2454/1043/1061 2462/1143/1172
f 1136/293/297 1107/300/304 1148/1144/1173
f 1140/1145/1174 1150/1146/1174 1149/992/1174
f 1142/1147/1175 1125/328/335 1152/1148/1176
f 1047/1057/1080 1117/1133/1177 1209/1149/1178
f 2364/1150/1179 2374/1151/1180 2352/1152/1181
f 987/1153/1182 1023/1154/1183 986/1155/1184
f 1148/1144/1173 1149/992/1005 1190/1156/1185
f 1721/1157/1186 626/1158/1187 659/1159/1188
f 1649/1160/1189 1640/1161/1190 1630/1162/1191
f 353/1163/1192 328/1164/1193 319/376/375
f 1170/1165/1194 1153/1128/1157 1171/1127/1156
f 1183/1166/1195 1152/1148/1176 1205/1167/1196
f 2130/1168/1197 2007/1169/1198 2032/1024/1041
f 2195/1170/1199 2237/1171/1200 2208/1172/1201
f 938/1173/1202 949/1174/1203 967/91/93
f 965/1060/1083 948/1175/1204 1001/1176/1205
f 1196/1077/1100 1195/1177/1206 1197/295/299
f 1654/1178/1207 1644/1179/1208 1637/1180/1209
f 1864/1181/1210 1865/499/502 2088/1182/1211
f 805/1183/1212 844/788/792 818/1184/1213
f 1957/782/786 1679/1185/1214 1600/1186/1215
f 1936/1187/1216 2040/1188/1217 2031/1189/1218
f 1186/1088/1111 1194/1190/1219 1213/1191/1220
f 829/875/883 873/1192/1150 855/361/364
f 1170/1165/1194 1219/751/750 1227/1193/1221
f 1035/1075/1098 983/284/288 984/1194/1222
f 1175/134/1223 1212/1195/1224 1221/1196/1225
f 1249/1197/1226 1204/1198/1227 1272/1199/1228
f 1220/1200/1229 1221/1196/1225 1212/1195/1224
f 1161/1201/1230 1142/1147/1175 1183/1166/1195
f 1241/1202/1231 1233/1203/1231 1235/1204/1232
f 1233/1203/1233 1234/1205/1234 1235/1204/1235
f 1796/1206/1236 696/817/818 479/515/516
f 825/839/843 837/955/966 824/601/602
f 1239/1207/1237 1231/1208/1237 1245/1209/1237
f 1248/1210/1238 1233/1203/1238 1249/1197/1238
f 1233/1203/1239 1241/1202/1239 1249/1197/1239
f 2079/1113/1240 2037/1211/1241 2080/1212/1242
f 1243/750/749 1244/752/751 1257/1213/1243
f 1258/1214/1244 1257/1213/1244 1244/752/1244
f 1262/1215/1245 1261/1216/1246 1263/1217/1245
f 1612/1218/1247 1647/1219/1248 801/1220/1249
f 1230/1221/1250 1254/1222/1251 1268/1223/1252
f 1251/1224/1253 1266/1225/1254 1275/402/400
f 2061/1226/1255 2062/1227/1255 2101/255/1255
f 1559/1228/1256 1518/1229/1257 1524/206/208
f 2296/1230/1258 2295/1068/1091 2268/443/1259
f 1303/1231/1260 1321/1232/1261 1325/1233/1262
f 2233/1234/1263 2234/1235/1264 2250/1236/1265
f 1209/1149/1178 1210/1237/1266 1254/1222/1251
f 1224/1238/1267 1214/1239/1268 1223/1240/1269
f 1282/1241/1270 1280/1242/1271 1288/1243/1272
f 1280/1242/1271 1283/1244/1273 1288/1243/1272
f 1291/1245/1274 1290/1246/1275 1299/1247/1276
f 933/971/982 955/1002/1016 954/1001/1015
f 1286/1248/1277 1279/1249/1278 1292/1250/1279
f 635/354/357 634/1251/1280 622/1252/1281
f 1141/1253/1282 1129/1254/1283 1119/155/157
f 1289/1255/1284 1291/1245/1274 1297/1256/1285
f 1476/1257/1286 1464/1258/1287 1455/1259/1288
f 799/1260/1289 924/975/987 935/644/640
f 770/1261/1290 706/1262/1291 1711/1018/1032
f 1307/1263/1292 1301/1264/1292 1302/1265/1292
f 1296/1266/1293 1297/1256/1285 1298/1267/1294
f 1316/1268/1295 1299/1247/1276 1268/1223/1252
f 1310/115/117 1307/1263/1296 1302/1265/1297
f 1758/1269/1298 1771/1270/1298 1719/856/1299
f 574/934/945 575/662/659 595/664/661
f 1317/1271/1300 1264/1272/1301 1318/1273/1302
f 923/538/540 957/1274/1303 922/422/1304
f 1323/1275/1305 1313/1132/1161 1324/1276/1306
f 2075/1277/1307 2074/1278/1308 2046/1279/1309
f 1335/275/1310 1309/1280/1311 1319/276/523
f 1342/1281/1312 1336/274/277 1337/1282/1313
f 1343/1283/1314 1328/1284/1314 1344/1285/1314
f 162/193/195 169/224/226 157/191/193
f 254/133/135 245/1286/1315 246/1287/1316
f 1831/242/244 1873/886/1317 1882/1288/1318
f 1352/1289/1319 1332/1290/1320 1347/1291/1321
f 1340/289/1322 1341/1292/1323 1353/287/291
f 1353/287/291 1341/1292/1323 1354/1293/1324
f 1988/1294/1325 2037/1211/1326 2036/1295/1327
f 1362/1296/1328 1361/288/1329 1354/1293/1330
f 1361/288/292 1353/287/291 1354/1293/1324
f 1357/1297/1331 1364/1298/1332 1363/1299/1333
f 1266/1225/1254 1236/1300/1334 1169/953/1335
f 1368/1301/1336 1355/1302/1337 1356/1303/1338
f 2096/1304/1339 2095/1305/1340 2076/1306/1341
f 1375/1307/1342 1404/1308/1343 1417/1309/1344
f 1368/1301/1345 1356/1303/1346 1373/1310/1347
f 1363/1299/1333 1364/1298/1332 1374/1311/1348
f 1309/1280/1311 1294/522/524 1319/276/523
f 140/1312/1349 135/1313/1350 141/1314/1351
f 1372/1315/1352 1367/1316/1353 1379/1317/1354
f 1403/1318/1355 1448/1098/1123 1447/1319/1356
f 1735/1320/1357 731/1321/1358 1792/244/1359
f 1457/257/260 1477/35/1360 1466/1322/1361
f 1388/1323/1362 1384/1070/1362 1389/1324/1362
f 1603/1325/1363 1601/1326/1364 1556/1327/1365
f 898/904/913 869/186/188 899/958/969
f 969/1328/1366 930/1329/1367 951/1330/1368
f 1401/1331/1369 1386/66/1369 1395/1332/1369
f 1386/66/1370 1381/834/1370 1395/1332/1370
f 1446/256/1371 1438/1333/1371 1458/1334/1372
f 1397/1335/1373 1390/1069/1373 1403/1318/1373
f 1811/1336/1374 1820/1337/1375 1770/1338/1376
f 332/393/1377 697/852/857 733/851/856
f 1762/1339/1378 1761/1340/1379 1751/1341/1380
f 1576/1342/1381 1578/1343/1382 1570/1344/1383
f 2481/1345/1384 2477/1346/1385 2485/1347/1386
f 48/1136/1165 44/27/1387 39/1348/1388
f 897/1349/1389 896/1053/1075 886/658/655
f 1402/1350/1390 1387/1351/1391 1416/452/452
f 1404/1308/1392 1409/1352/1392 1418/1353/1392
f 439/1354/1393 451/1355/1394 427/1356/1395
f 237/1357/1396 249/1358/1397 268/1359/1398
f 929/1360/1399 916/919/929 930/1329/1367
f 475/1361/1400 517/924/934 509/1362/1401
f 2443/1042/1060 2448/1363/1402 2447/164/166
f 1882/1288/1318 1896/888/897 1907/1364/1403
f 937/1365/1404 1101/896/905 1128/1366/1405
f 1688/1367/1406 1728/1368/1407 1710/1369/1408
f 1217/1370/1409 1191/1371/1410 1205/1167/1196
f 1172/1372/1411 1208/1373/1412 1228/1374/1413
f 120/973/984 208/1375/1414 609/701/699
f 2490/870/878 2507/1376/1415 2489/1377/1416
f 1689/1378/1417 1675/1379/1418 1680/1380/1419
f 1451/1381/1420 1471/1019/1421 1470/1382/1422
f 1056/1383/1423 1059/1092/1117 1019/947/957
f 1691/1384/461 1839/1385/1424 1867/1386/1425
f 2086/1387/1426 2125/20/23 2108/1388/1427
f 1714/1389/1428 739/1119/1147 774/859/865
f 986/1155/1184 974/1390/1429 987/1153/1182
f 1439/1391/1430 1440/1392/1430 1448/1098/1430
f 2304/247/249 2305/901/1431 2317/1393/1432
f 1459/1099/1433 1449/1394/1433 1460/1395/1433
f 1449/1394/1434 1441/1023/1435 1460/1395/1436
f 1454/1396/1437 1455/1259/1437 1464/1258/1437
f 1926/152/154 2117/998/1011 1713/1397/1438
f 1468/1097/1439 1459/1099/1440 1460/1395/1441
f 1409/1352/1442 1366/1398/1443 1430/1399/1444
f 1237/1400/1445 1207/1401/1446 1228/1374/1413
f 1530/521/522 1534/457/457 1538/456/456
f 1462/1402/1447 1485/1403/1448 1481/1404/1449
f 1641/189/191 1660/1405/1450 1653/1406/1451
f 1455/1259/1288 1456/34/35 1465/36/772
f 264/1407/1452 253/319/1453 266/339/346
f 419/718/717 435/511/512 443/1408/1454
f 1484/1409/1455 1437/1410/1456 1480/1411/1457
f 1476/1257/1286 1465/36/772 1482/769/771
f 482/1412/1458 393/949/959 411/1413/1459
f 763/831/1460 758/1414/1461 764/849/1462
f 1484/1409/1463 1480/1411/1463 1486/1415/1463
f 2006/1416/1464 1553/1417/1465 1554/1418/1466
f 1348/1419/1467 1349/1420/1468 1375/1307/1342
f 890/1421/1469 872/1122/363 881/1422/1470
f 217/1423/1471 185/1424/1472 189/1425/1473
f 1489/1426/1474 1498/1427/1475 1496/1428/1476
f 1495/1082/1105 1493/1429/1477 1490/1083/1106
f 814/1430/1478 821/1431/1479 833/984/998
f 2485/1347/1386 2492/1432/1480 2486/1433/1481
f 232/309/313 240/308/312 234/476/1482
f 948/1175/1204 947/1434/1483 936/1435/1484
f 2296/1230/1485 2327/1436/1485 2309/1066/1485
f 1502/1437/1486 1501/1438/1487 1511/1439/1487
f 1508/1440/1488 1502/1437/1489 1511/1439/1490
f 1512/1441/1491 1506/1442/1492 1513/1443/1493
f 287/1444/1494 280/1445/1495 288/1446/1496
f 1511/1439/1490 1489/1426/1474 1413/1447/1497
f 1993/1448/1498 1962/1449/1499 1976/1450/1500
f 1215/1451/1501 1222/1452/1502 1198/655/652
f 1517/1453/1503 1514/1454/1503 1521/1455/1503
f 1151/1456/1504 1150/1146/1505 1140/1145/1506
f 1549/1457/1507 1531/1458/1508 1590/1459/1509
f 739/1119/1147 783/1460/1510 750/1461/1511
f 759/823/1512 718/1462/1513 751/824/1514
f 926/1463/1515 936/1435/1484 964/1062/1085
f 1025/1464/1516 1024/1465/1517 974/1466/1429
f 359/1467/1518 375/1468/1519 379/1469/1520
f 238/1470/1521 253/319/1453 244/318/322
f 70/71/73 58/56/58 77/1471/1522
f 1179/656/653 1189/926/936 1188/820/821
f 2139/1472/1523 2140/1473/1524 2219/1474/1525
f 1627/1087/1110 1624/1086/1109 1635/1475/1526
f 1891/1476/1527 1868/1477/1528 1854/1478/1529
f 781/1479/1530 737/1480/1531 1713/1397/1438
f 1014/1051/1532 1015/1481/1533 1028/593/594
f 1191/1371/1410 1182/994/1007 1160/993/1006
f 809/1482/1534 804/560/562 801/1220/1249
f 1555/1483/301 1557/1484/1535 1554/1418/1466
f 448/432/430 437/1040/1058 443/1408/1454
f 1290/1246/1536 1289/1255/1537 1285/1485/1538
f 1326/1486/1539 1333/1487/1540 1332/1290/1320
f 2110/639/1541 2069/1488/1542 1862/1489/1543
f 1795/1490/1544 1774/1491/1545 1796/1206/1236
f 1410/1492/1546 1420/84/1547 1426/675/672
f 2230/322/1548 2258/1493/1549 2244/876/1550
f 430/509/1551 428/1494/1552 414/493/494
f 2502/1495/1553 2508/1496/1554 2504/869/877
f 1577/1497/1555 1565/1498/1556 1562/1499/1557
f 1286/1248/1277 1304/1500/1558 1300/1501/1559
f 2454/1043/1061 2463/463/463 2462/1143/1172
f 2066/1502/1560 2057/1503/1561 2067/278/281
f 1581/1504/1562 1574/1505/1563 1584/1506/1564
f 794/1507/1565 1740/1508/1566 1784/1509/1567
f 2168/613/1568 2214/1510/1569 2235/1511/1570
f 1341/1292/1323 1305/1512/1571 1334/1513/1572
f 2015/1514/1573 1877/1515/1574 2044/1516/1575
f 958/539/541 994/855/1056 977/1517/1576
f 933/971/982 932/969/980 917/921/931
f 259/327/333 258/325/1577 250/1518/1578
f 475/1361/1400 526/1519/1579 499/1520/1580
f 2069/1488/1542 2087/1521/1581 2086/1387/1426
f 1296/1266/1293 1312/1522/1582 1322/1523/1583
f 1584/1524/1564 1588/1525/1584 1626/1526/1585
f 107/1527/1586 115/1528/1587 105/719/718
f 1764/708/1588 1954/1529/1589 1952/1530/1590
f 645/1531/1591 619/101/103 594/1532/1592
f 1602/1533/1593 1598/1534/1593 1600/1186/1593
f 2453/1142/1594 2468/1535/1595 2461/1536/1596
f 1599/1537/1597 1601/1326/1364 1607/145/147
f 1665/1538/1598 1727/1539/1599 1658/1540/1600
f 1603/1325/1363 1604/1541/1601 1606/1542/1602
f 92/1543/1603 91/1008/1022 94/157/159
f 1610/928/939 1609/1544/1604 1611/1545/1605
f 1612/1218/1247 1609/1544/1604 1613/1546/1606
f 1614/1547/1607 1609/1544/1604 1610/928/939
f 1816/1548/1608 1828/1549/1609 1853/1550/1610
f 1619/1551/1611 1622/1552/1612 1614/1547/1607
f 1620/1085/1108 1616/1553/1613 1622/1552/1612
f 1622/1554/1612 1623/1555/1614 1624/1086/1109
f 287/1444/1494 247/1556/1615 255/323/1616
f 1203/1557/1617 1181/1558/1618 1148/1144/1173
f 1633/1559/1619 1634/1560/1620 1636/1561/190
f 1642/1562/1621 1643/1563/1622 1652/1564/1623
f 1652/1564/1623 1643/1563/1622 1653/1406/1451
f 1643/1563/1624 1644/1179/1624 1653/1406/1624
f 1644/1179/1208 1645/1565/1625 1653/1406/1626
f 545/612/1627 642/711/1628 370/444/1629
f 1640/1161/1190 1649/1566/1189 1656/1567/1630
f 1657/1568/1631 1631/1569/1632 1650/564/566
f 1641/189/1633 1634/1570/1634 1637/1571/1635
f 1651/1572/1636 1642/1562/1621 1660/1405/1450
f 1642/1562/1621 1652/1564/1623 1660/1405/1450
f 1645/1565/1637 1654/1178/1638 796/1573/1637
f 796/1573/1639 1654/1178/1207 1646/1574/1640
f 1647/1219/1248 1635/1575/1526 1655/1576/1641
f 1940/1577/1642 2206/1578/1643 2265/1579/1644
f 1656/1567/1645 1649/1566/1645 1648/1580/1646
f 1659/1581/1647 1651/1572/1636 1660/1405/1450
f 2156/1582/1648 2018/1583/1649 2019/1584/1650
f 1635/1475/1526 1661/1585/1651 1667/1586/1652
f 1649/1566/1653 1662/1587/1654 1648/1580/1655
f 2190/1588/1656 2161/1589/1656 2191/1590/1657
f 1674/1591/1658 1662/1587/1654 1668/1592/1659
f 195/1593/1660 181/237/239 187/239/241
f 356/1594/1661 303/1595/1662 342/403/401
f 1672/1596/1663 1676/1597/1664 1680/1380/1419
f 1342/1281/1665 1358/1598/1666 1365/1071/1094
f 2267/890/899 2258/1493/1667 3/19/22
f 1012/1033/1668 1038/1058/1081 1026/231/1669
f 1029/1599/1670 996/1021/1035 1018/398/396
f 1796/1206/1236 1774/1491/1545 1750/1600/1671
f 795/1601/1672 794/1602/1565 1688/1603/1673
f 1550/1604/1674 1565/1498/1556 1561/1605/1675
f 921/981/992 903/1606/1676 911/423/421
f 2166/1607/1677 2175/1608/1678 2189/1609/1679
f 782/1610/1680 772/1611/1680 1697/1612/1680
f 1697/1612/1681 772/1611/1681 1698/1613/1681
f 756/816/1682 1701/1614/1683 762/844/850
f 712/437/752 665/727/727 692/1615/1684
f 789/213/1685 778/212/858 776/846/1686
f 1709/1616/1687 1708/1617/1688 1710/1369/1689
f 2354/1618/1690 2280/1619/1691 2345/1620/1692
f 344/1621/1693 331/180/1694 321/377/389
f 1699/1622/1695 1700/1623/1695 1716/1624/1695
f 552/1625/657 608/1626/671 551/1627/960
f 1701/1614/1696 785/1628/1696 1718/858/1696
f 1931/1629/1697 2172/1630/1698 1919/1631/1699
f 1703/1632/1700 1704/1633/1700 1723/1634/1700
f 1704/1633/1701 791/808/810 1723/1634/1702
f 767/850/1703 758/1414/1704 642/711/1705
f 2451/1635/1706 2456/1012/1707 2466/1636/1708
f 1729/1637/1709 1714/1389/1710 1730/1638/1711
f 1730/1638/1712 1714/1389/1712 1731/1639/1712
f 1714/1389/1713 1715/1640/1713 1731/1639/1713
f 842/909/997 850/787/1714 849/910/1715
f 1703/1632/1716 1723/1634/1716 1736/709/1716
f 1724/1641/1717 705/1642/1718 1753/1643/1719
f 682/1644/1720 641/819/820 757/818/819
f 2148/706/707 2264/1645/1721 2096/1304/1722
f 1830/1646/1723 1811/1336/1374 1746/1647/1724
f 1739/1648/1725 1693/1649/1726 1694/1650/1727
f 1708/1617/1688 1709/1616/1687 1727/1651/1599
f 1709/1616/1728 1710/1369/1728 1727/1652/1728
f 1710/1369/1729 1728/1368/1730 1727/1652/1731
f 1746/1647/1732 1729/1637/1732 1747/1653/1732
f 1729/1637/1733 1730/1638/1733 1747/1653/1733
f 1733/1654/1734 1734/1655/1734 1748/1656/1734
f 1748/1656/1735 1734/1655/1736 1749/1657/1737
f 1722/1658/1738 1702/420/418 1751/1341/1380
f 1751/1341/1380 1702/420/418 1752/1659/1739
f 2393/1025/1042 2427/1660/1026 2385/1026/1043
f 1749/1657/1740 1735/1320/1740 1758/1269/1740
f 1324/1276/1306 1310/115/117 1302/1265/1297
f 413/1661/1741 502/951/961 520/524/526
f 816/561/563 833/984/998 832/562/564
f 2213/1662/1742 2251/965/1743 2252/967/1744
f 1758/1269/1745 1759/1663/1746 1771/1270/1747
f 1759/1663/1748 1760/1664/1749 1772/1665/1750
f 293/41/43 294/1666/1751 308/39/41
f 752/826/827 718/1462/1513 644/1667/1752
f 1771/1270/1753 1759/1663/1754 1791/1668/1755
f 1791/1668/1756 1759/1663/1756 1772/1665/1756
f 2228/51/1757 2239/891/900 2226/1669/1758
f 1793/1670/1759 1721/1157/1760 1774/1491/1761
f 100/99/101 103/1671/1762 101/100/102
f 1763/1672/1763 1776/1673/1763 1798/1674/1763
f 432/1675/1764 419/718/717 437/1040/1058
f 526/1519/1765 517/924/934 540/618/1766
f 1848/906/915 1902/1676/1767 1813/1677/1768
f 388/471/471 389/468/468 397/482/483
f 830/1678/1769 836/954/965 835/70/72
f 1793/1670/1759 1794/1679/1770 1795/1490/1771
f 1756/1680/1772 1789/1681/1772 1743/1682/1772
f 1809/1683/1773 1778/995/1773 1766/1684/1773
f 1283/1244/1273 1273/1685/1774 1284/1686/1775
f 1183/1166/1195 1168/1687/1776 1161/1201/1230
f 1995/1688/1777 1980/1689/1778 1964/1690/1779
f 142/1691/1780 143/1692/1781 144/1693/1782
f 327/429/427 295/1694/1783 243/1695/309
f 1327/1696/1784 1288/1243/1272 1283/1244/1273
f 1808/1697/1785 1778/995/1008 1809/1683/1786
f 1835/1698/1787 1932/1699/1788 1775/1700/1789
f 2122/1701/1790 1918/1702/1791 1930/868/876
f 1304/1500/1558 1293/1703/1792 1341/1292/1323
f 1824/1704/1793 1812/1705/1793 1825/1706/1793
f 1808/1697/1785 1809/1683/1786 1826/1707/1794
f 137/1708/1795 138/1709/1796 136/1710/1797
f 1822/1711/1798 1823/1712/1798 1835/1698/1798
f 1835/1698/1799 1823/1712/1799 1836/1713/1799
f 1069/1714/1800 1052/1715/1801 1042/1063/1086
f 1826/1707/1802 1827/1716/1803 1837/1717/1804
f 1838/385/382 1851/1718/1805 1814/386/383
f 1272/1199/1228 1280/1242/1271 1271/409/407
f 634/1251/1280 650/1719/1806 15/1720/1807
f 1922/1721/1808 1921/1722/1809 1913/1723/1810
f 968/290/294 928/1724/1811 912/291/295
f 953/939/949 954/1001/1015 985/1046/1066
f 1832/1725/1812 1821/1726/1813 1845/747/745
f 268/1359/1398 334/1727/1814 301/352/1815
f 1849/1728/1816 1826/1707/1817 1850/907/1818
f 1810/94/96 1855/632/1819 1817/1729/1820
f 1819/1730/1821 1841/1731/1821 1859/1732/1821
f 1829/1733/1822 1830/1646/1823 1859/1732/1824
f 1848/906/1825 1849/1728/1825 1850/907/1825
f 1851/1718/1805 1838/385/382 1864/1181/1210
f 1920/1734/1826 1886/1735/1827 1932/1699/1828
f 410/1736/1829 404/490/491 409/489/490
f 1839/1385/1424 1854/1478/1529 1868/1477/1528
f 1870/630/1830 1855/632/1831 1856/93/1832
f 271/1737/1833 292/371/1834 291/363/1835
f 1669/1738/1836 2007/1739/1198 1626/1526/1585
f 556/933/944 576/663/660 575/662/659
f 1415/1740/1837 1453/1741/1838 1378/833/837
f 1876/905/1839 1850/907/1840 1863/1742/1841
f 954/1001/1015 1008/1049/1070 985/1046/1066
f 1869/1743/1842 1854/1478/1529 1879/1744/1843
f 2048/1745/1844 2035/1746/1845 1939/1747/1846
f 1880/1748/1847 1840/631/627 1881/1749/1848
f 1621/1750/1849 1619/1551/1611 797/805/807
f 1885/745/743 1833/1751/1850 1875/1752/1851
f 1834/1753/1852 1861/1754/1852 1886/1735/1852
f 1889/1755/1853 1866/1756/1854 1890/1757/1855
f 1866/1756/1856 1878/1758/1856 1890/1757/1856
f 1878/1758/1857 1867/1386/1858 1891/1476/1527
f 1892/1759/1859 1879/1744/1843 1893/1760/1860
f 1879/1744/1861 1880/1748/1861 1894/1761/1861
f 522/1762/1862 532/1763/1863 515/596/1864
f 949/1174/1203 1127/1764/1865 1123/1765/1866
f 1862/1489/1867 1876/905/1867 1863/1742/1867
f 1892/1759/1859 1893/1760/1860 1898/1766/1868
f 1625/1767/1869 1648/1580/1655 1674/1591/1658
f 1900/1768/1870 1895/1769/1870 1882/1288/1870
f 438/1770/1871 426/1771/1872 432/1675/1764
f 1862/1489/1873 1863/1742/1873 1903/1772/1873
f 1492/1773/1874 1494/1774/1875 1491/1775/1876
f 565/633/629 554/635/631 533/1776/1877
f 1892/1759/1878 1898/1766/1878 1905/1777/1878
f 1929/1778/1879 1900/1768/1880 1882/1288/1881
f 1909/1779/1882 1897/1780/1883 1910/1781/1884
f 1913/1723/1885 1912/1782/1886 1901/1783/1886
f 309/1784/1887 2470/1785/1888 1993/1448/1498
f 614/700/698 639/1044/1063 613/525/527
f 535/1786/1889 546/932/943 534/1787/1890
f 269/1788/1891 270/326/1892 283/1789/1893
f 1912/1782/1894 1913/1723/1810 1921/1722/1809
f 2330/1790/1895 2341/1791/1896 2410/1792/1897
f 228/1793/1898 256/1090/1115 486/474/474
f 1915/1794/1899 1905/1777/1899 1925/1795/1899
f 1905/1777/1900 1906/1796/1901 1925/1795/1902
f 64/1797/1903 58/56/58 57/1131/1160
f 2372/1798/1904 2351/1799/1905 2382/1800/1906
f 1928/1801/1907 1927/1802/1907 1929/1778/1907
f 1927/1802/1908 1916/1803/1909 1929/1778/1879
f 1908/1804/1910 1929/1778/1911 1907/1364/1403
f 200/412/410 201/1805/1912 199/505/508
f 1631/1569/1632 1668/1806/1659 1621/1750/1849
f 205/1807/1913 189/1425/1473 192/1808/1914
f 603/1809/1915 542/1073/1096 604/558/560
f 789/213/1916 766/848/1917 767/850/853
f 1942/1810/1918 1935/225/1918 1936/1187/1918
f 566/679/677 596/1811/1919 557/871/879
f 157/191/193 147/178/180 141/1314/1351
f 994/855/1056 956/1812/1920 922/422/1304
f 729/778/1921 762/844/850 1717/857/863
f 1942/1810/1922 1936/1187/1922 1949/1813/1922
f 2197/1814/1923 2198/758/757 2203/1815/1924
f 1954/1816/1925 1943/1817/1926 1944/1818/1925
f 1955/1819/1927 1924/1820/1927 1956/1821/1927
f 1924/1820/1928 1938/1822/1928 1956/1821/1929
f 2353/1823/1930 2409/1824/1931 2395/1825/1932
f 969/1328/1366 970/1028/1045 1004/1027/1044
f 436/1826/1933 427/1827/1395 431/510/1934
f 1942/1810/1935 1949/1813/1936 1963/1828/1937
f 2011/1829/559 1932/1699/1828 1963/1828/1937
f 1966/1830/1938 1951/1831/1938 1967/1832/1939
f 1967/1833/1940 1951/1834/1940 1968/1835/1940
f 1968/1836/1941 1952/1530/1941 1953/1837/1941
f 1944/1818/1942 1999/1838/1943 1967/1833/1944
f 2102/1839/1945 2062/1227/1946 1928/1801/1947
f 888/176/178 871/1840/1948 870/185/187
f 1971/581/1949 2009/1841/1950 1925/1795/1902
f 2164/160/162 1974/1842/1951 1884/1843/1952
f 832/562/564 841/1844/1953 848/908/1954
f 1324/1276/1306 1338/1845/1955 1323/1275/1305
f 1977/1846/1956 2002/1847/1957 12/1848/1958
f 1971/581/582 1958/1849/1959 1978/579/580
f 1827/1716/1960 1826/1707/1960 1809/1683/1960
f 225/306/310 224/1850/1961 220/111/113
f 1923/1054/1077 1943/1817/1962 1824/1704/1963
f 1982/1851/1964 1965/1852/1964 1997/1853/1964
f 1965/1854/1965 1966/1855/1966 1997/1856/1967
f 1544/1857/1968 1534/457/457 1487/622/616
f 1991/1858/1969 1962/1449/1969 1992/1859/1969
f 1531/1458/1508 1539/841/845 1527/1860/1970
f 892/1861/1971 910/1862/1972 942/979/1027
f 1948/1863/1973 1975/1864/1974 1931/1629/1697
f 1229/1865/1975 1154/1866/1976 1173/1867/1977
f 807/1868/1978 814/1869/1478 802/1870/1979
f 1757/1871/1980 1746/1647/1981 1804/1872/1982
f 269/1788/1891 303/1595/1662 302/1873/1983
f 1352/1289/1319 1298/1267/1294 1291/1245/1274
f 2392/1874/1984 2130/1168/1197 2363/1875/1985
f 1071/1876/1986 1010/1877/1003 1045/1878/497
f 1343/1283/1987 1338/1845/1955 1328/1284/1988
f 2143/1879/1989 2008/1880/1990 2233/1234/1991
f 2023/1881/1992 2022/1882/1993 2024/580/1993
f 2022/1882/1994 2009/1841/1994 2024/580/1994
f 1989/1883/1995 1990/1884/1996 2027/454/1997
f 2027/454/1998 1990/1884/1999 2028/453/2000
f 984/1194/2001 1006/1047/2002 1021/1048/2003
f 2012/1885/2004 2013/1886/2004 2029/1887/2004
f 2013/1886/2005 2014/1888/2005 2030/1889/2005
f 929/1360/1399 982/985/999 950/986/1000
f 852/1890/2006 867/659/2007 851/1891/2008
f 611/1892/2009 663/683/831 632/1003/1017
f 2009/1841/2010 2022/1882/2010 2034/1893/2010
f 2022/1882/2011 2023/1881/2011 2034/1893/2011
f 2259/441/2012 2218/1894/2013 2246/1895/2014
f 1135/1896/2015 1126/301/305 1145/1897/2016
f 1917/1898/2017 1910/1781/1884 1897/1780/1883
f 2043/1899/2018 2015/1514/2019 2044/1516/2020
f 1714/1389/1710 1745/1900/2021 783/1460/2022
f 2241/1901/2023 2204/1902/2024 2216/320/2025
f 2038/1903/2026 2026/686/2026 2051/685/2026
f 2471/1904/2027 2479/1905/2028 2474/1906/2029
f 1174/957/968 1093/595/596 1111/1907/2030
f 2043/1899/2031 2044/1516/2031 2045/1908/2031
f 1472/620/614 1434/1909/2032 1435/1910/797
f 1029/1599/1670 1031/1911/2033 1039/1059/1082
f 2036/1295/2034 2037/1211/2035 2048/1745/2034
f 2037/1211/2036 2049/1912/2037 2048/1745/1844
f 1563/1913/2038 1564/1914/2039 1575/1915/2040
f 1360/80/82 1351/1916/2041 1345/1917/2042
f 2060/1918/2043 2050/1919/2044 2061/1226/2045
f 2061/1226/2046 2050/1919/2046 2062/1227/2046
f 2050/1919/2047 2051/685/2047 2062/1227/2047
f 1113/1920/2048 1133/1921/2049 897/1349/1389
f 1860/1922/2050 14/3/2051 1821/1726/1813
f 2442/1923/2052 2452/1924/2053 2446/1925/2054
f 2043/1899/2055 2045/1908/2055 2071/1926/2055
f 586/1927/2056 571/638/634 607/669/667
f 2004/1928/2057 1606/1542/1602 1593/1929/2058
f 593/1930/2059 592/692/689 555/1931/2060
f 2035/1746/1845 5/1932/2061 724/1933/2062
f 536/625/2063 547/872/880 535/1786/1889
f 1407/67/69 1428/1934/2064 1414/1935/2065
f 1372/1315/1352 1382/1936/2066 1347/1291/1321
f 793/1937/2067 792/281/284 770/1261/1290
f 781/1479/1530 709/548/550 708/1938/2068
f 670/734/2069 693/755/2070 666/776/781
f 2089/999/1012 2072/810/813 2090/812/815
f 1861/1754/2071 1834/1753/2072 1846/1939/2072
f 1286/1248/2073 1278/1940/2074 1279/1249/2075
f 28/12/2076 37/22/25 26/10/2077
f 2023/1881/2078 2115/1941/2079 2047/1942/2080
f 1051/1943/243 1060/1944/2081 1056/1383/1423
f 2257/877/885 2258/1493/1667 2267/890/899
f 1068/143/145 1050/1138/1167 1049/1945/2082
f 815/602/603 810/1946/2083 808/1947/2084
f 2070/1948/2085 2088/1182/2085 2111/640/2085
f 467/589/2086 529/610/2087 17/604/2088
f 2114/1949/2089 2094/1950/2089 2115/1941/2089
f 2118/1114/2090 2079/1113/2090 2119/1951/2090
f 2079/1113/2091 2099/1952/2092 2119/1951/2091
f 1361/288/2093 1362/1296/2094 1396/1953/2095
f 1181/1558/1618 1180/892/901 1147/294/298
f 1267/1954/2096 1276/1955/2097 1253/1956/2098
f 30/1957/28 19/7/7 18/5/142
f 237/1357/1396 261/1958/2099 260/331/2100
f 2114/1949/2101 2115/1941/2101 2132/1959/2101
f 2213/1662/1742 2357/1960/2102 2345/1620/2103
f 2119/1951/2104 2099/1952/2104 2118/1114/2104
f 1149/992/1005 1139/1096/1121 1129/1254/1283
f 2109/1961/2105 2110/639/1541 2139/1472/2106
f 2139/1472/2107 2126/1000/2107 2140/1473/2107
f 2128/1962/2108 2112/811/814 2141/1963/2109
f 1914/1964/2110 769/1965/2111 1754/1966/2112
f 1230/1221/1250 1285/1485/2113 1267/1954/2096
f 2121/1967/2114 2136/1968/2115 2163/1969/2116
f 2136/1968/2115 2103/1970/2117 2152/1971/2118
f 2468/1535/1595 2460/1972/2119 2461/1536/1596
f 2071/1926/2120 2070/1948/2121 2043/1899/2122
f 35/17/20 51/54/56 25/16/19
f 2113/1973/2123 2157/615/2124 2144/614/2125
f 1893/1760/1860 1894/1761/2126 1898/1766/1868
f 1663/1974/2127 1602/1533/2128 1600/1186/1215
f 491/1975/2129 498/1976/2130 470/1977/2131
f 1740/1508/1566 1690/1978/2132 1691/1384/461
f 673/777/2133 742/813/2134 730/779/2135
f 11/279/282 2000/1979/2136 2001/1980/2137
f 892/1861/1971 857/1981/2138 859/69/71
f 820/1982/2139 858/1121/1149 812/1983/2140
f 1195/1177/1206 1187/434/432 1165/337/344
f 1363/1299/1333 1317/1271/1300 1318/1273/1302
f 1177/1984/2141 1166/1985/2142 1158/895/904
f 1314/47/49 1339/81/2143 1311/1986/2144
f 1948/1863/1973 675/739/746 1962/1449/1499
f 31/1987/2145 38/26/2146 30/25/28
f 2162/1988/2147 2135/254/2148 2163/1969/2116
f 2273/1989/2149 2303/1990/2150 2302/1991/2151
f 410/1736/1829 433/513/514 405/512/513
f 892/1861/1971 883/935/2152 893/1992/2153
f 341/397/2154 351/424/422 348/1993/2155
f 2304/247/2156 2317/1393/2156 2315/1994/2157
f 2180/1995/2158 2181/1996/2159 2194/1997/2160
f 1065/240/242 1085/1998/2161 1079/1999/2162
f 2247/2000/2163 2338/2001/2164 2372/1798/1904
f 202/943/953 203/2002/2165 200/412/410
f 1780/2003/2166 1814/386/383 1779/2004/2167
f 1022/2005/2168 973/123/2169 1009/2006/2170
f 900/498/499 869/186/188 871/1840/1948
f 834/2007/2171 868/902/911 852/1890/2006
f 2467/2008/2172 2469/2009/2173 2466/1636/1708
f 2206/1578/1643 2200/2010/2174 2207/2011/2175
f 2142/2012/2176 2212/2013/2177 2249/2014/2178
f 1891/1476/1527 2033/2015/2179 2114/1949/2180
f 518/2016/2181 511/1072/1095 519/2017/2182
f 2232/2018/2183 2221/2019/2183 2211/2020/2183
f 2221/2019/2184 2222/2021/2184 2211/2020/2184
f 2224/2022/2185 2215/2023/2186 2238/2024/2187
f 2240/2025/2188 2227/2026/2188 2241/1901/2188
f 2227/2026/2189 2228/51/2189 2241/1901/2189
f 2229/2027/2190 2216/320/2191 2244/876/1550
f 2244/876/1550 2216/320/2191 2230/322/1548
f 2218/1894/2192 2219/1474/2192 2246/1895/2192
f 2210/2028/2193 2220/2029/2194 2247/2000/2163
f 827/2030/2195 851/1891/2008 844/788/792
f 1344/1285/2196 1349/1420/1468 1343/1283/1987
f 2227/2026/2197 2240/2025/2198 2256/889/2199
f 2240/2025/2200 2241/1901/2200 2256/889/2200
f 2241/1901/2201 2242/2031/2201 2256/889/2201
f 2242/2031/2202 2243/878/886 2256/889/898
f 406/2032/2203 390/478/479 433/513/514
f 2260/2033/2204 2252/967/2204 2261/2034/2204
f 2467/2008/2172 2456/1012/1707 2457/1011/2205
f 95/98/100 103/1671/1762 97/87/89
f 493/2035/2206 492/2036/2207 501/646/642
f 2287/2037/2208 2300/2038/2209 2261/2034/2210
f 8/165/167 7/167/169 2253/2039/2211
f 7/167/169 6/245/247 2270/2040/2212
f 2272/2041/2213 2265/1579/2214 2266/2042/2215
f 825/839/843 838/2043/2216 837/955/966
f 2118/1114/2217 2134/2044/2218 2177/2045/2219
f 371/446/2220 349/2046/2221 330/2047/2222
f 2274/2048/2223 2270/2040/2212 2275/723/2224
f 295/1694/1783 122/2049/2225 154/2050/2226
f 355/425/423 356/1594/1661 1774/1491/1761
f 2289/246/248 2282/2051/2227 2290/2052/2228
f 2290/2052/2228 2282/2051/2227 2291/414/2229
f 2282/2051/2230 2283/2053/2230 2291/414/2231
f 24/37/39 32/14/15 33/2054/17
f 829/2055/2232 856/2056/2233 873/1123/1150
f 2109/1961/2105 2269/2057/2234 2294/1067/1090
f 2298/2058/2235 2297/2059/2236 2299/2060/2237
f 2279/2061/2238 2285/2062/2239 2286/2063/2240
f 2494/465/465 2498/358/361 2491/2064/2241
f 2301/2065/2242 2287/2037/2208 2302/1991/2151
f 1906/1796/1901 1894/1761/2126 1787/2066/2243
f 2305/901/2244 2289/246/2245 2306/899/2245
f 2289/246/2246 2290/2052/2246 2306/899/2246
f 2290/2052/2247 2291/414/2248 2306/899/2249
f 1681/462/462 1635/1475/1526 1625/1767/1869
f 462/1041/1059 493/2035/2250 477/2067/2251
f 488/2068/2252 497/2069/2253 487/2070/472
f 882/961/972 858/1121/1149 857/1981/2138
f 2300/2038/2254 2301/2065/2255 2312/2071/2256
f 2316/2072/2257 2315/1994/2257 2317/1393/2257
f 1123/1765/1866 1177/1984/2141 1179/2073/653
f 2284/21/24 2320/2074/2258 2308/2075/2259
f 2321/2076/2260 2294/1067/1090 2322/2077/2261
f 2308/2075/2262 2320/2074/2262 2326/2078/2262
f 2337/2079/2263 2323/2080/2264 2328/2081/2265
f 223/2082/2266 230/2083/2267 227/2084/2268
f 2271/415/413 2282/2051/2227 6/245/247
f 2333/2085/2269 2327/1436/2269 2334/2086/2269
f 2327/1436/2270 2310/2087/2271 2334/2086/2272
f 1972/2088/2273 1859/1732/2274 1979/2089/2275
f 1075/142/144 1084/2090/2276 1083/1139/1168
f 1261/1216/2277 1278/1940/2074 1260/883/892
f 1519/2091/2278 1526/207/2279 1518/1229/1257
f 2387/2092/2280 2368/2093/2281 2376/2094/2282
f 2333/2085/2283 2334/2086/2284 2343/2095/2285
f 2334/2086/2286 2335/2096/2286 2343/2095/2286
f 2335/2096/2287 2336/2097/2288 2344/2098/2289
f 2336/2097/2288 2337/2079/2263 2344/2098/2289
f 1726/1016/1030 1787/2066/2243 1800/2099/2290
f 928/1724/1811 1159/822/823 1167/821/822
f 1766/1684/2291 1741/270/273 1677/2100/2292
f 1525/2101/2293 1551/296/300 1546/2102/2294
f 1037/1006/1020 1057/313/317 1044/2103/2295
f 2349/2104/2296 2342/2105/2296 2360/2106/2297
f 2342/2105/2298 2350/2107/2299 2360/2106/2300
f 596/1811/1919 577/2108/2301 557/871/879
f 2365/2109/2302 2345/1620/2303 2366/2110/2302
f 2345/1620/2304 2346/2111/2304 2366/2110/2304
f 2346/2111/2305 2355/2112/2306 2366/2110/2306
f 2355/2112/2307 2346/2111/2308 2367/2113/2309
f 2367/2113/2310 2346/2111/2310 2356/2114/2310
f 195/1593/1660 194/413/411 196/2115/2311
f 2339/2116/2312 2340/2117/2313 2370/2118/2314
f 1398/676/673 1366/1398/1443 1370/342/349
f 522/1762/2315 497/2069/2253 533/1776/1877
f 1060/1944/2081 1078/235/237 1067/1093/1118
f 800/421/419 924/975/987 799/1260/1289
f 2315/1994/2316 2288/722/721 2281/724/723
f 1883/2119/2317 1909/1779/1882 358/2120/2318
f 2356/2114/2319 2357/1960/2102 2387/2092/2320
f 1689/1378/1417 1672/1596/1663 1661/2121/1651
f 2436/2122/2321 2406/1116/1144 2439/2123/2322
f 2389/537/2323 2380/2124/2323 2381/535/2323
f 1744/2125/2324 773/2126/2325 1790/2127/2326
f 810/1946/2083 822/2128/2327 814/1430/1478
f 685/765/763 791/808/810 719/800/802
f 2402/2129/2328 2390/2130/2328 2391/2131/2328
f 2404/2132/2329 2390/2130/2330 2382/1800/1906
f 1711/1018/1032 1712/2133/2331 1768/2134/2332
f 606/2135/2333 585/2136/2334 571/638/634
f 2452/1924/2335 2428/2137/2336 2421/2138/2337
f 421/2139/2338 411/1413/1459 403/2140/2339
f 2412/2141/2340 2399/2142/2340 2401/2143/2340
f 2399/2142/2341 2400/536/2341 2401/2143/2341
f 2414/2144/2342 2404/2132/2342 2415/2145/2342
f 2404/2132/2343 2405/2146/2343 2416/2147/2344
f 2336/2097/2288 2310/2087/2271 2231/2148/2345
f 2436/2122/2321 2401/2143/2346 2344/2098/2289
f 2408/2149/2347 2409/1824/2347 2417/2150/2347
f 933/971/982 940/2151/2348 939/987/2349
f 1234/1205/2350 1202/2152/2351 1203/1557/1617
f 2419/2153/2352 2411/107/2353 2413/2154/2354
f 2411/107/2355 2412/2141/2355 2413/2154/2355
f 1164/136/1112 1232/2155/2356 1212/1195/1224
f 449/2156/2357 433/513/514 395/477/478
f 2097/704/705 9/2157/2358 2098/705/2359
f 503/2158/2360 512/2159/2361 551/1627/960
f 952/988/2362 971/941/951 983/284/2363
f 742/813/2364 741/2160/2365 730/779/2366
f 2398/2161/2367 2418/2162/2368 2431/2163/2369
f 2093/698/696 2003/2164/2370 2221/2019/2371
f 854/174/176 819/2165/2372 805/1183/1212
f 1151/1456/1504 1168/1687/1776 1160/993/1006
f 599/666/2373 611/1892/2009 578/649/646
f 1540/2166/2374 1542/2167/2375 1532/2168/2376
f 2429/2169/2377 2424/2170/2377 2430/796/2377
f 2388/169/2378 2368/2093/2379 2329/2171/2380
f 2122/1701/1790 2426/2172/2381 2104/2173/2382
f 1295/2174/2383 1258/1214/2384 1244/752/751
f 434/1010/1024 445/531/2385 383/104/106
f 653/715/714 637/728/2386 638/2175/2387
f 1854/1478/2388 1880/1748/2389 1879/1744/2390
f 1137/1141/1170 1143/2176/2391 1114/783/787
f 1839/1385/1424 1855/632/628 1840/631/627
f 2440/2177/2392 2441/2178/2392 2442/1923/2392
f 543/637/2393 587/668/666 571/638/634
f 1857/2179/2394 1769/2180/2395 1755/2181/2396
f 2444/2182/2397 2439/2123/2398 2448/1363/2397
f 2466/1636/1708 2464/2183/2399 2465/2184/2400
f 2085/2185/2401 2068/2186/2402 2042/277/280
f 2448/1363/2403 2449/162/2403 2447/164/2403
f 1692/2187/2404 1673/2188/2405 1706/2189/2406
f 2455/163/165 2450/2190/2407 2451/1635/1706
f 463/569/2408 511/1072/2409 478/570/2410
f 2223/2191/2411 2254/2192/2411 2262/2193/2411
f 1056/1383/1423 1002/2194/2412 966/2195/2413
f 2458/2196/2414 2452/1924/2414 2459/930/2414
f 409/489/2415 385/470/470 406/2032/2416
f 2447/164/166 2455/163/165 2465/2184/2400
f 2457/867/2417 2458/2196/2417 2467/2197/2417
f 358/2120/2318 307/40/42 326/387/2418
f 2047/1942/2419 2033/2015/2179 2009/1841/2420
f 704/791/2421 720/770/2422 686/767/2423
f 2352/1152/1181 2353/1823/1930 2364/1150/1179
f 2474/1906/2029 2470/1785/2424 2468/1535/1595
f 21/8/8 29/23/26 28/12/2076
f 998/1052/1074 1018/398/396 997/400/398
f 538/2198/2425 540/618/1766 620/2199/2426
f 2475/2200/940 2473/2201/2427 2476/2202/2428
f 2473/2201/2429 2477/1346/2429 2476/2202/2429
f 2477/1346/2430 1/2203/2430 2478/440/2430
f 458/2204/2431 468/571/573 472/2205/2432
f 2478/2206/2433 2480/2207/2434 2482/653/436
f 12/1848/1958 1693/1649/1726 1924/1820/2435
f 1543/2208/2436 1548/2209/2437 1552/2210/2438
f 490/578/2439 469/2211/2440 562/677/675
f 1827/1716/2441 1766/1684/2291 1801/2212/2442
f 933/971/982 906/970/981 907/217/219
f 2497/2213/2443 2496/2214/2443 2493/2215/2443
f 2496/2214/2444 2492/1432/1480 2493/2215/650
f 2496/2214/2444 2497/2213/2445 2495/2216/2446
f 2503/2217/2447 2502/1495/1553 2504/869/877
f 2505/2218/2448 2499/464/464 2506/2219/2449
f 1822/1711/2450 1752/1659/1739 596/1811/1919
f 2331/2220/2451 2318/2221/2452 2332/2222/2453
f 2332/2222/2453 2319/2223/2454 3/19/22
f 3/19/22 2173/2224/2455 2085/2185/2401
f 2085/2185/2401 2108/1388/1427 2125/20/23
f 2125/20/23 2294/1067/1090 2293/2225/2456
f 2293/2225/2456 2320/2074/2258 2284/21/24
f 2284/21/24 2308/2075/2259 2361/2226/2457
f 2361/2226/2457 2331/2220/2451 2332/2222/2453
f 3/19/22 2085/2185/2401 2125/20/23
f 2361/2226/2457 2332/2222/2453 3/19/22
f 2125/20/23 2293/2225/2456 2284/21/24
f 2284/21/24 2361/2226/2457 3/19/22
f 572/28/31 573/2227/2458 590/29/32
f 1456/34/35 1466/1322/2459 1477/35/36
f 308/39/41 316/2228/2460 307/40/42
f 1314/47/49 1311/1986/2144 1252/45/47
f 1252/45/47 1237/1400/2461 1315/46/48
f 252/48/50 253/319/1453 263/49/51
f 2196/53/55 2203/1815/2462 2228/51/53
f 2228/51/53 2226/1669/2463 2186/52/54
f 394/59/61 387/469/888 384/467/2464
f 384/467/2464 418/488/500 423/57/59
f 423/57/59 438/1770/1871 440/58/60
f 440/58/60 442/534/536 394/59/61
f 394/59/61 384/467/2464 423/57/59
f 251/50/52 263/49/51 275/63/65
f 1407/67/69 1414/1935/2065 1413/1447/1497
f 1413/1447/1497 1406/2229/2465 1400/65/67
f 1400/65/67 1377/832/2466 1381/834/2467
f 1386/66/68 1401/1331/2468 1407/67/69
f 1400/65/67 1381/834/2467 1386/66/68
f 1407/67/69 1413/1447/1497 1400/65/67
f 835/70/72 847/918/2469 846/68/70
f 846/68/70 875/936/2470 859/69/71
f 859/69/71 830/1678/1769 835/70/72
f 2021/79/81 1970/2230/2471 2373/2231/2472
f 2373/2231/2472 2394/865/873 2386/77/79
f 2386/77/79 2393/1025/1042 2032/1024/1041
f 2020/78/80 2007/1169/1198 2021/79/81
f 2386/77/79 2032/1024/1041 2020/78/80
f 2021/79/81 2373/2231/2472 2386/77/79
f 1360/80/82 1345/1917/2042 1339/81/83
f 88/86/88 86/2232/2473 97/87/89
f 967/91/93 968/290/294 1003/89/91
f 1003/89/91 1032/518/519 980/90/92
f 2133/97/99 2146/2233/2474 2313/95/97
f 2313/95/97 2273/1989/2149 2145/96/98
f 618/690/690 593/1930/2059 594/1532/2475
f 619/101/103 644/1667/1752 718/1462/1513
f 618/690/690 594/1532/2475 619/101/103
f 630/103/105 617/688/2476 618/690/690
f 676/742/740 629/743/741 630/103/105
f 619/101/103 718/1462/1513 701/102/104
f 701/102/104 676/742/740 630/103/105
f 630/103/105 618/690/690 619/101/103
f 383/104/106 445/531/2385 381/105/107
f 2293/2225/2477 2294/1067/2478 2321/2076/2260
f 2321/2076/2260 2322/2077/2261 2309/1066/2479
f 2309/1066/2479 2327/1436/2480 2333/2085/2481
f 2333/2085/2481 2381/535/2482 2380/2124/2483
f 2380/2124/2483 2389/537/2484 2400/536/2485
f 2399/2142/2486 2412/2141/2487 2411/107/109
f 2380/2124/2483 2400/536/2485 2399/2142/2486
f 2321/2076/2260 2309/1066/2479 2333/2085/2481
f 2321/2076/2260 2333/2085/2481 2380/2124/2483
f 2435/2234/2488 2293/2225/2477 2321/2076/2260
f 2460/1972/2489 2432/2235/2490 2435/2234/2488
f 2453/1142/2491 2461/1536/2492 2460/1972/2489
f 2444/2182/2493 2443/1042/2494 2438/109/111
f 2438/109/111 2453/1142/2491 2460/1972/2489
f 2460/1972/2489 2435/2234/2488 2321/2076/2260
f 2321/2076/2260 2380/2124/2483 2399/2142/2486
f 2411/107/109 2419/2153/2495 2422/265/268
f 2321/2076/2260 2399/2142/2486 2411/107/109
f 2438/109/111 2460/1972/2489 2321/2076/2260
f 2433/108/110 2444/2182/2493 2438/109/111
f 2411/107/109 2422/265/268 2433/108/110
f 2438/109/111 2321/2076/2260 2411/107/109
f 221/112/114 219/2236/2496 216/110/112
f 216/110/112 215/263/266 220/111/113
f 549/116/118 561/648/2497 560/117/119
f 981/2237/2498 1034/1074/1097 1040/1076/1099
f 1040/1076/1099 1035/1075/1098 1021/1048/1069
f 1061/2238/2499 1065/2239/242 981/2237/2498
f 1102/2240/2500 1108/153/155 1085/1998/2501
f 1061/2238/2499 981/2237/2498 1040/1076/1099
f 1085/1998/2501 1061/2238/2499 1040/1076/1099
f 1085/1998/2501 1040/1076/1099 1021/1048/1069
f 1109/2241/2502 1120/154/156 1102/2240/2500
f 1085/1998/2501 1021/1048/1069 1008/1049/1070
f 1109/2241/2502 1102/2240/2500 1085/1998/2501
f 1062/837/841 1099/836/840 1109/2241/2502
f 1069/1714/1800 1076/835/839 1062/837/841
f 1041/124/126 1042/1063/1086 1052/1715/1801
f 1052/1715/1801 1069/1714/1800 1062/837/841
f 1062/837/841 1109/2241/2502 1085/1998/2501
f 1085/1998/2501 1008/1049/1070 972/122/124
f 972/122/124 955/1002/1016 941/2242/2503
f 941/2242/2503 975/2243/2504 973/123/125
f 973/123/125 1022/2005/2505 1041/124/126
f 1041/124/126 1052/1715/1801 1062/837/841
f 1062/837/841 1085/1998/2501 972/122/124
f 972/122/124 941/2242/2503 973/123/125
f 1041/124/126 1062/837/841 972/122/124
f 2100/2244/2506 2026/686/2507 2038/1903/2508
f 2038/1903/2508 2051/685/2509 2050/1919/2510
f 2060/1918/2043 2061/1226/2045 2101/255/2511
f 2038/1903/2508 2050/1919/2510 2060/1918/2043
f 2120/2245/2512 2100/2244/2506 2038/1903/2508
f 2180/1995/2513 2177/2045/2514 2178/130/132
f 2178/130/132 2120/2245/2512 2038/1903/2508
f 2060/1918/2043 2101/255/2511 2151/128/130
f 2178/130/132 2038/1903/2508 2060/1918/2043
f 2179/2246/2515 2180/1995/2513 2178/130/132
f 2182/129/131 2181/1996/2516 2179/2246/2515
f 2161/1589/2517 2190/1588/2518 2182/129/131
f 2151/128/130 2162/1988/2519 2161/1589/2517
f 2178/130/132 2060/1918/2043 2151/128/130
f 2182/129/131 2179/2246/2515 2178/130/132
f 2151/128/130 2161/1589/2517 2182/129/131
f 254/133/135 246/1287/1316 299/131/133
f 299/131/133 298/366/367 279/132/134
f 279/132/134 266/339/346 254/133/135
f 1175/134/136 1174/957/968 1163/135/137
f 24/140/39 33/15/17 23/6/18
f 1064/141/143 1065/240/242 1075/142/144
f 1075/142/144 1074/2247/2520 1068/143/145
f 1068/143/145 1060/1944/2081 1064/141/143
f 1926/152/154 1899/2248/2521 2147/150/152
f 2147/150/152 2158/2249/2522 2169/151/153
f 1108/153/155 1102/2240/2500 1120/154/156
f 2449/162/164 2450/2190/2407 2455/163/165
f 8/165/167 2277/2250/2523 2276/166/168
f 2276/166/168 2271/415/413 7/167/169
f 2369/168/170 2370/2118/2524 2388/169/171
f 2187/171/173 2174/2251/2525 2154/172/174
f 854/174/176 855/361/364 889/175/177
f 245/1286/1315 238/1470/1521 239/475/475
f 239/475/475 247/1556/2526 331/180/182
f 331/180/182 344/1621/2527 467/589/2528
f 467/589/2528 495/588/2529 371/446/2530
f 331/180/182 467/589/2528 371/446/2530
f 246/1287/1316 245/1286/1315 239/475/475
f 246/1287/1316 239/475/475 331/180/182
f 331/180/182 371/446/2530 320/181/183
f 299/131/133 246/1287/1316 331/180/182
f 834/2007/2171 819/2165/2372 870/185/187
f 870/185/187 871/1840/1948 869/186/188
f 869/186/188 880/903/912 853/187/189
f 853/187/189 834/2007/2171 870/185/187
f 1636/188/190 1634/1570/1620 1641/189/191
f 179/147/149 156/184/186 178/198/200
f 178/198/200 191/2252/2531 190/199/201
f 190/199/201 184/148/150 179/147/149
f 777/211/213 733/851/2532 778/212/214
f 1225/2253/2533 1202/2152/2351 1233/1203/2534
f 1233/1203/2534 1248/1210/2535 1271/409/2536
f 1233/1203/2534 1271/409/2536 1265/411/409
f 1178/2254/1046 1225/2253/2533 1233/1203/2534
f 1034/1074/1097 981/2237/2498 914/292/2537
f 1178/2254/1046 1233/1203/2534 1265/411/409
f 1020/285/289 1034/1074/1097 914/292/2537
f 914/292/2537 1178/2254/1046 1265/411/409
f 1256/410/408 1280/1242/1271 1282/1241/1270
f 914/292/2537 1265/411/409 1256/410/408
f 982/985/999 1020/285/289 914/292/2537
f 907/217/219 908/942/2538 915/218/220
f 915/218/220 982/985/999 914/292/2537
f 1256/410/408 1282/1241/1270 1294/522/524
f 1256/410/408 1294/522/524 1287/2255/2539
f 914/292/2537 1256/410/408 1287/2255/2539
f 1342/1281/2540 1384/1070/2541 1388/1323/2542
f 1388/1323/2542 1389/1324/2543 1390/1069/2544
f 1388/1323/2542 1390/1069/2544 1397/1335/2545
f 1335/275/2546 1342/1281/2540 1388/1323/2542
f 1388/1323/2542 1397/1335/2545 1447/1319/1356
f 1468/1097/1122 1460/1395/2547 1469/2256/2548
f 1468/1097/1122 1469/2256/2548 1522/2257/2549
f 1514/1454/2550 1517/1453/2551 1509/2258/2552
f 1468/1097/1122 1522/2257/2549 1514/1454/2550
f 1447/1319/1356 1468/1097/1122 1514/1454/2550
f 1447/1319/1356 1514/1454/2550 1509/2258/2552
f 1388/1323/2542 1447/1319/1356 1509/2258/2552
f 1516/2259/2553 1559/1228/1256 1563/1913/2038
f 1388/1323/2542 1509/2258/2552 1516/2259/2553
f 1335/275/2546 1388/1323/2542 1516/2259/2553
f 1516/2259/2553 1563/1913/2038 1529/2260/2554
f 1529/2260/2554 1364/1298/2555 1357/1297/1331
f 1357/1297/1331 1363/1299/1333 1318/1273/1302
f 1318/1273/1302 840/897/906 848/908/1954
f 864/216/218 849/910/2556 850/787/791
f 1318/1273/1302 848/908/1954 864/216/218
f 1516/2259/2553 1529/2260/2554 1357/1297/1331
f 1357/1297/1331 1318/1273/1302 864/216/218
f 864/216/218 850/787/791 865/2261/2557
f 865/2261/2557 879/2262/2558 896/1053/2559
f 974/1466/2560 1009/2006/2561 973/123/125
f 975/2243/2504 941/2242/2503 907/217/219
f 974/1466/2560 973/123/125 975/2243/2504
f 864/216/218 865/2261/2557 896/1053/2559
f 1516/2259/2553 1357/1297/1331 864/216/218
f 1309/1280/2562 1335/275/2546 1516/2259/2553
f 1287/2255/2539 1309/1280/2562 1516/2259/2553
f 1025/2263/1516 974/1466/2560 975/2243/2504
f 896/1053/2559 1025/2263/1516 975/2243/2504
f 1287/2255/2539 1516/2259/2553 864/216/218
f 914/292/2537 1287/2255/2539 864/216/218
f 896/1053/2559 975/2243/2504 907/217/219
f 915/218/220 914/292/2537 864/216/218
f 864/216/218 896/1053/2559 907/217/219
f 1935/225/227 1942/1810/1935 1934/226/228
f 2138/228/230 2165/2264/2563 2153/229/231
f 883/935/2564 894/937/2565 1026/231/233
f 1026/231/233 1055/599/600 1105/2265/2566
f 1105/2265/2566 1116/598/2567 1115/232/234
f 1115/232/234 1054/911/919 1046/1014/1028
f 1046/1014/1028 943/978/2568 920/980/2569
f 920/980/2569 942/979/2570 910/1862/2571
f 902/233/235 893/1992/2153 883/935/2564
f 920/980/2569 910/1862/2571 902/233/235
f 1115/232/234 1046/1014/1028 920/980/2569
f 1026/231/233 1105/2265/2566 1115/232/234
f 902/233/235 883/935/2564 1026/231/233
f 1115/232/234 920/980/2569 902/233/235
f 1094/236/238 1077/1104/1129 1066/458/458
f 1073/234/236 1067/1093/1118 1078/235/237
f 1094/236/238 1066/458/458 1073/234/236
f 1078/235/237 1090/2266/2572 1094/236/238
f 1033/2267/2573 981/2237/2498 1065/240/242
f 1065/240/242 1064/141/143 1051/241/243
f 1051/241/243 1032/518/519 1003/89/91
f 1003/89/91 1033/2267/2573 1065/240/242
f 2304/247/249 2275/723/2224 6/245/247
f 6/245/247 2282/2051/2227 2289/246/248
f 399/248/250 407/2268/2574 402/249/251
f 402/249/251 395/477/478 396/250/252
f 396/250/252 400/483/484 399/248/250
f 1082/1103/1128 1122/1081/1104 1096/2269/2575
f 1096/2269/2575 1111/1907/2576 1088/1111/1136
f 1089/252/254 1081/594/595 1015/1481/1533
f 1096/2269/2575 1088/1111/1136 1089/252/254
f 1082/1103/1128 1096/2269/2575 1089/252/254
f 1089/252/254 1015/1481/1533 956/1812/1920
f 993/1038/1055 1017/854/860 1016/253/255
f 1089/252/254 956/1812/1920 993/1038/1055
f 1072/251/253 1082/1103/1128 1089/252/254
f 1016/253/255 1058/948/958 1072/251/253
f 1089/252/254 993/1038/1055 1016/253/255
f 1429/258/261 1438/1333/2577 1446/256/259
f 1446/256/259 1467/2270/2578 1457/257/260
f 1457/257/260 1445/2271/2579 1429/258/261
f 212/259/262 209/2272/2580 211/260/263
f 876/2273/2581 895/2274/2582 885/266/269
f 885/266/269 884/938/2583 875/936/2584
f 846/68/270 862/916/2585 861/915/2586
f 845/267/271 860/913/2587 876/2273/2581
f 846/68/270 861/915/2586 845/267/271
f 885/266/269 875/936/2584 846/68/270
f 845/267/271 876/2273/2581 885/266/269
f 1785/268/272 1818/2275/94 1810/269/96
f 1507/271/274 1515/2276/889 1504/272/275
f 1336/274/277 1342/1281/1312 1335/275/278
f 11/279/282 2001/1980/2137 2042/277/280
f 2042/277/280 2058/2277/2588 2067/278/281
f 2067/278/281 2057/1503/1561 11/279/282
f 722/282/285 687/2278/2589 620/2199/2426
f 648/280/283 664/1126/1153 770/1261/1290
f 722/282/285 620/2199/2426 648/280/283
f 792/281/284 1725/2279/2590 722/282/285
f 648/280/283 770/1261/1290 792/281/284
f 42/283/286 41/2280/2591 27/11/11
f 983/284/288 1034/1074/1097 1020/285/289
f 1005/286/290 970/1028/1045 983/284/288
f 981/2237/2498 1033/2267/2573 1003/89/91
f 981/2237/2498 1003/89/91 968/290/294
f 912/291/295 913/1030/1047 914/292/296
f 914/292/296 981/2237/2498 968/290/294
f 1197/295/299 1195/1177/1206 1165/337/344
f 1165/337/344 1107/300/304 1136/293/297
f 1136/293/297 1148/1144/1173 1181/1558/1618
f 1147/294/298 1180/892/901 1197/295/299
f 1136/293/297 1181/1558/1618 1147/294/298
f 1197/295/299 1165/337/344 1136/293/297
f 1551/296/300 1584/1506/1564 1574/1505/1563
f 1574/1505/1563 1557/2281/1535 1555/297/301
f 1555/297/301 1545/882/891 1541/298/302
f 1541/298/302 1546/2102/2294 1551/296/300
f 1551/296/300 1574/1505/1563 1555/297/301
f 1097/299/303 1139/1096/1121 1124/2282/2592
f 1124/2282/2592 1148/1144/1173 1107/300/304
f 1107/300/304 1165/337/344 1126/301/305
f 1126/301/305 1098/1094/1119 1097/299/303
f 1097/299/303 1124/2282/2592 1107/300/304
f 2054/302/306 1982/1851/2593 1998/2283/2594
f 2084/303/307 2083/2284/2595 2063/304/308
f 2063/304/308 2064/417/415 2054/302/306
f 2054/302/306 1998/2283/2594 2084/303/307
f 222/307/311 262/2285/2596 243/305/309
f 243/305/309 226/2286/2597 225/306/310
f 1100/311/315 1103/2287/2598 1080/312/316
f 74/2288/2599 61/2289/2600 66/2290/2601
f 74/2288/2599 66/2290/2601 89/314/318
f 78/2291/2602 65/2292/2603 74/2288/2599
f 128/316/320 73/2293/2604 78/2291/2602
f 698/2294/2605 119/2295/2606 128/316/320
f 531/2296/2607 628/2297/2608 698/2294/2605
f 480/2298/2609 521/2299/2610 531/2296/2607
f 481/585/586 505/590/591 480/2298/2609
f 210/2300/2611 228/1793/1898 229/2301/2612
f 229/2301/2612 481/585/586 480/2298/2609
f 531/2296/2607 698/2294/2605 128/316/320
f 229/2301/2612 480/2298/2609 531/2296/2607
f 188/2302/2613 210/2300/2611 229/2301/2612
f 133/2303/2614 132/695/693 182/315/319
f 182/315/319 188/2302/2613 229/2301/2612
f 229/2301/2612 531/2296/2607 128/316/320
f 128/316/320 78/2291/2602 74/2288/2599
f 89/314/318 133/2303/2614 182/315/319
f 128/316/320 74/2288/2599 89/314/318
f 182/315/319 229/2301/2612 128/316/320
f 2216/320/325 2209/757/2615 2217/321/326
f 1125/328/335 1142/1147/1175 1095/329/336
f 250/1518/1578 237/1357/1396 260/331/338
f 260/331/338 294/1666/1751 293/41/43
f 293/41/43 284/2304/2616 272/332/339
f 272/332/339 250/1518/1578 260/331/338
f 1157/336/343 1145/1897/2016 1126/301/305
f 1405/340/347 1410/1492/1546 1399/341/348
f 635/354/357 665/727/727 679/355/358
f 872/360/363 901/2305/2617 889/175/177
f 343/368/369 279/132/134 298/366/367
f 298/366/367 330/2047/2222 339/367/368
f 2084/303/387 1998/2283/2618 1999/1838/1943
f 1999/1838/1943 2065/623/2619 2106/390/385
f 2106/390/385 2124/624/618 2082/391/386
f 2082/391/386 2083/2306/2595 2084/303/387
f 2084/303/387 1999/1838/1943 2106/390/385
f 310/374/373 328/1164/2620 274/64/66
f 274/64/66 275/63/65 296/392/388
f 296/392/388 297/343/2621 329/2307/2622
f 329/2307/2622 319/376/2623 311/375/374
f 311/375/374 310/374/373 274/64/66
f 296/392/388 329/2307/2622 311/375/374
f 181/237/239 186/2308/2624 177/223/225
f 177/223/225 174/215/217 183/238/240
f 1018/398/396 996/1021/1035 959/399/397
f 1242/2309/2625 1218/2310/2626 1070/1108/1133
f 1086/1110/1135 1053/1109/1134 1044/2103/2295
f 1242/2309/2625 1070/1108/1133 1086/1110/1135
f 1274/114/116 1250/2311/2627 1226/2312/2628
f 1226/2312/2628 1242/2309/2625 1086/1110/1135
f 1086/1110/1135 1044/2103/2295 1080/312/316
f 1103/2287/2598 1100/311/315 1121/2313/2629
f 1086/1110/1135 1080/312/316 1103/2287/2598
f 1274/114/116 1226/2312/2628 1086/1110/1135
f 1307/1263/1296 1310/115/117 1274/114/116
f 1266/1225/1254 1301/1264/2630 1307/1263/1296
f 1275/402/400 1266/1225/1254 1307/1263/1296
f 1274/114/116 1086/1110/1135 1103/2287/2598
f 1103/2287/2598 1121/2313/2629 1184/401/399
f 1184/401/399 1236/1300/2631 1251/1224/1253
f 1275/402/400 1307/1263/1296 1274/114/116
f 1184/401/399 1251/1224/1253 1275/402/400
f 1274/114/116 1103/2287/2598 1184/401/399
f 2511/406/404 2508/1496/1554 2509/407/405
f 1271/409/407 1280/1242/1271 1256/410/408
f 378/2314/2632 466/607/606 376/2315/2633
f 376/2315/2633 465/912/920 366/427/425
f 366/427/425 327/429/427 243/1695/309
f 366/427/425 243/1695/309 262/2285/2596
f 378/2314/2632 376/2315/2633 366/427/425
f 166/204/206 164/197/199 175/2316/2634
f 378/2314/2632 366/427/425 262/2285/2596
f 222/307/311 225/306/310 220/111/113
f 378/2314/2632 262/2285/2596 222/307/311
f 166/204/206 175/2316/2634 378/2314/2632
f 167/2317/2635 155/203/205 166/204/206
f 174/215/217 158/194/196 167/2317/2635
f 193/2318/2636 187/239/241 183/238/240
f 183/238/240 174/215/217 167/2317/2635
f 167/2317/2635 166/204/206 378/2314/2632
f 378/2314/2632 222/307/311 220/111/113
f 220/111/113 215/263/266 213/261/264
f 211/260/263 209/2272/2580 207/944/954
f 220/111/113 213/261/264 211/260/263
f 167/2317/2635 378/2314/2632 220/111/113
f 193/2318/2636 183/238/240 167/2317/2635
f 197/507/510 196/2115/2311 194/413/411
f 194/413/411 193/2318/2636 167/2317/2635
f 167/2317/2635 220/111/113 211/260/263
f 211/260/263 207/944/954 202/943/953
f 200/412/410 199/505/508 197/507/510
f 211/260/263 202/943/953 200/412/410
f 194/413/411 167/2317/2635 211/260/263
f 200/412/410 197/507/510 194/413/411
f 2291/414/412 2283/2053/2637 2271/415/413
f 2064/417/415 2040/1188/1217 1981/416/414
f 1981/416/414 1982/1851/2638 2054/302/306
f 1702/420/418 1722/1658/1738 779/418/416
f 779/418/416 768/2319/2639 780/419/417
f 911/423/421 904/2320/2640 800/421/419
f 800/421/419 923/538/540 922/422/420
f 366/427/425 367/540/542 363/428/426
f 448/432/430 449/2156/2641 457/430/428
f 457/430/428 463/569/2642 461/431/429
f 461/431/429 452/2321/2643 448/432/430
f 1156/433/431 1144/1080/1103 1135/1896/2015
f 1156/433/431 1135/1896/2015 1145/1897/2016
f 1187/434/432 1186/1088/2644 1156/433/431
f 1157/336/343 1165/337/344 1187/434/432
f 1156/433/431 1145/1897/2016 1157/336/343
f 2259/441/439 2231/2148/2345 2263/442/440
f 370/444/445 744/830/834 732/447/446
f 1383/451/451 1438/1333/2577 1429/258/261
f 1429/258/261 1423/2322/2645 1416/452/452
f 1416/452/452 1387/1351/1391 1383/451/451
f 1547/455/455 1548/2209/2437 1538/456/456
f 1066/458/458 1077/1104/1129 1072/251/253
f 1072/251/253 1058/948/958 1063/459/459
f 1063/459/459 1059/1092/1117 1073/234/236
f 1066/458/458 1072/251/253 1063/459/459
f 1681/462/462 1639/2323/2646 1673/2188/2405
f 1687/460/460 1684/2324/2647 1691/461/461
f 1681/462/462 1673/2188/2405 1687/460/460
f 1691/461/461 1683/2325/2648 1681/462/462
f 2471/1904/2027 2474/1906/2029 2468/1535/1595
f 2468/1535/1595 2462/1143/1172 2463/463/463
f 2463/463/463 2464/2183/2399 2469/2009/2173
f 2469/2009/2173 2475/2200/940 2476/2202/2428
f 2476/2202/2428 2481/1345/1384 2486/1433/1481
f 2486/1433/1481 2492/1432/1480 2496/2214/2444
f 2496/2214/2444 2495/2216/2446 2506/2219/2649
f 2499/464/464 2505/2218/2448 2510/408/406
f 2496/2214/2444 2506/2219/2649 2499/464/464
f 2476/2202/2428 2486/1433/1481 2496/2214/2444
f 2463/463/463 2469/2009/2173 2476/2202/2428
f 2471/1904/2027 2468/1535/1595 2463/463/463
f 2494/465/465 2479/1905/2028 2471/1904/2027
f 2502/1495/1553 2500/359/362 2494/465/465
f 2510/408/406 2509/407/405 2502/1495/1553
f 2476/2202/2428 2496/2214/2444 2499/464/464
f 2499/464/464 2510/408/406 2502/1495/1553
f 2494/465/465 2471/1904/2027 2463/463/463
f 2499/464/464 2502/1495/1553 2494/465/465
f 2463/463/463 2476/2202/2428 2499/464/464
f 487/472/472 505/590/591 496/473/473
f 240/308/477 247/1556/2526 239/475/475
f 239/475/475 233/1117/1145 234/476/476
f 415/491/492 412/494/495 417/492/493
f 417/492/493 416/2326/2650 414/493/494
f 414/493/494 401/2327/2651 415/491/492
f 900/498/499 888/176/178 1045/496/497
f 1045/496/497 988/991/1004 919/497/498
f 1865/499/502 1852/384/2652 1782/500/503
f 199/505/508 201/1805/1912 198/506/509
f 473/514/515 464/2328/2653 479/515/516
f 1032/518/519 966/2195/2413 979/517/518
f 979/517/518 938/1173/1202 980/90/92
f 1548/2209/2437 2006/1416/1464 1986/2329/2654
f 1986/2329/2654 2019/2330/1650 2005/2331/2655
f 2005/2331/2655 2018/1583/1649 1985/2332/2656
f 1985/2332/2656 1593/1929/2058 1594/2333/2657
f 1594/2333/2657 1560/2334/2658 1567/2335/2659
f 1412/520/521 1359/528/530 1380/2336/2660
f 1392/530/532 1371/2337/2661 1393/2338/2662
f 1412/520/521 1380/2336/2660 1392/530/532
f 1985/2332/2656 1594/2333/2657 1567/2335/2659
f 1986/2329/2654 2005/2331/2655 1985/2332/2656
f 1552/2210/2438 1548/2209/2437 1986/2329/2654
f 1530/521/522 1538/456/456 1543/2208/2436
f 1552/2210/2438 1986/2329/2654 1985/2332/2656
f 1552/2210/2438 1985/2332/2656 1567/2335/2659
f 1392/530/532 1393/2338/2662 1434/1909/2032
f 1434/1909/2032 1493/1429/1477 1495/1082/1105
f 1495/1082/1105 1499/1084/1107 1530/521/522
f 1543/2208/2436 1552/2210/2438 1567/2335/2659
f 1434/1909/2032 1495/1082/1105 1530/521/522
f 1543/2208/2436 1567/2335/2659 1537/519/520
f 1392/530/532 1434/1909/2032 1530/521/522
f 1530/521/522 1543/2208/2436 1537/519/520
f 1412/520/521 1392/530/532 1530/521/522
f 320/181/183 330/2047/2222 298/366/367
f 1327/1696/1784 1337/1282/1313 1336/274/277
f 1327/1696/1784 1336/274/277 1319/276/523
f 1282/1241/1270 1288/1243/1272 1320/523/525
f 1320/523/525 1327/1696/1784 1319/276/523
f 1294/522/524 1282/1241/1270 1320/523/525
f 1359/528/530 1325/1233/1262 1329/529/531
f 1329/529/531 1371/2337/2661 1392/530/532
f 1392/530/532 1380/2336/2660 1359/528/530
f 441/533/535 456/1039/1057 442/534/536
f 2381/535/537 2401/2143/2346 2400/536/538
f 977/1517/1576 957/1274/1303 923/538/540
f 923/538/540 800/421/419 799/1260/1289
f 799/1260/1289 960/643/639 959/399/397
f 959/399/397 996/1021/1035 958/539/541
f 958/539/541 977/1517/1576 923/538/540
f 923/538/540 799/1260/1289 959/399/397
f 34/545/547 50/2339/2663 46/38/40
f 709/548/550 1712/2133/2331 1696/2340/2664
f 754/546/548 706/1262/1291 723/547/549
f 709/548/550 1696/2340/2664 754/546/548
f 723/547/549 707/568/570 709/548/550
f 2011/557/559 1996/2341/2665 2029/1887/2666
f 2029/1887/2666 2013/1886/2667 2030/555/557
f 2030/555/557 2053/2342/2668 2081/556/558
f 2011/557/559 2029/1887/2666 2030/555/557
f 633/550/552 584/549/551 737/2343/1531
f 708/1938/2068 709/548/550 689/2344/2669
f 633/550/552 737/2343/1531 708/1938/2068
f 563/559/561 583/2345/2670 605/551/553
f 633/550/552 708/1938/2068 689/2344/2669
f 689/2344/2669 688/567/569 604/558/560
f 604/558/560 542/1073/1096 563/559/561
f 563/559/561 605/551/553 633/550/552
f 633/550/552 689/2344/2669 604/558/560
f 1682/563/565 1657/1568/1631 1650/564/566
f 1685/565/567 1668/1592/2671 1682/563/565
f 602/566/568 570/2346/2672 603/1809/1915
f 603/1809/1915 604/558/560 688/567/569
f 688/567/569 689/2344/2669 709/548/550
f 707/568/570 723/547/549 582/1125/1152
f 688/567/569 709/548/550 707/568/570
f 602/566/568 603/1809/1915 688/567/569
f 707/568/570 582/1125/1152 602/566/568
f 1978/579/580 2023/1881/2078 2024/580/581
f 1431/582/583 1425/2347/2673 1444/583/584
f 1093/595/596 1185/2348/2674 1193/2349/2675
f 1193/2349/2675 1013/1050/2676 1028/593/594
f 1028/593/594 1015/1481/1533 1081/594/595
f 1093/595/596 1193/2349/2675 1028/593/594
f 1229/1865/2677 1173/1867/2678 1116/598/599
f 1116/598/599 1105/2265/2679 1055/599/600
f 1055/599/600 1267/1954/2096 1253/1956/2098
f 1238/600/601 1229/1865/2677 1116/598/599
f 1055/599/600 1253/1956/2098 1238/600/601
f 811/603/604 823/2350/2680 824/601/602
f 824/601/602 822/2128/2327 815/602/603
f 29/23/26 30/1957/28 44/616/30
f 1472/620/614 1473/2351/2681 1488/621/615
f 1870/630/626 1881/1749/1848 1840/631/627
f 2127/641/637 2126/1000/2682 2139/1472/2683
f 2110/639/635 2070/1948/2684 2111/640/636
f 2127/641/637 2139/1472/2683 2110/639/635
f 945/642/638 961/2352/2685 960/643/639
f 960/643/639 799/1260/1289 935/644/640
f 935/644/640 962/1079/1102 945/642/638
f 484/647/643 517/924/934 471/645/641
f 471/645/641 460/1130/1159 501/646/642
f 318/2353/2686 170/2354/2687 172/210/212
f 160/209/211 168/208/210 122/2049/2225
f 318/2353/2686 172/210/212 160/209/211
f 2482/653/436 2480/2207/2434 318/2353/2686
f 2485/1347/1386 2483/439/437 2482/653/436
f 2493/652/650 2492/1432/1480 2485/1347/1386
f 2495/2216/2446 2497/2213/2445 2493/652/650
f 2510/408/2688 2505/2218/2689 2506/2219/2649
f 2506/2219/2649 2495/2216/2446 2493/652/650
f 2493/652/650 2485/1347/1386 2482/653/436
f 160/209/211 122/2049/2225 347/2355/2690
f 347/2355/2690 362/543/545 380/542/544
f 380/542/544 368/544/546 373/450/450
f 373/450/450 364/449/449 374/2356/2691
f 374/2356/2691 1961/828/832 2052/651/649
f 380/542/544 373/450/450 374/2356/2691
f 318/2353/2686 160/209/211 347/2355/2690
f 380/542/544 374/2356/2691 2052/651/649
f 318/2353/2686 347/2355/2690 380/542/544
f 2511/406/404 2510/408/2688 2506/2219/2649
f 2489/2357/1416 2507/1376/1415 2511/406/404
f 2487/2358/2692 2490/870/878 2489/2357/1416
f 2426/2172/2381 2484/2359/2693 2487/2358/2692
f 1918/1702/1791 2122/1701/1790 2104/2173/2382
f 2426/2172/2381 2487/2358/2692 2489/2357/1416
f 1918/1702/1791 2104/2173/2382 2426/2172/2381
f 2039/829/833 1918/1702/1791 2426/2172/2381
f 2489/2357/1416 2511/406/404 2506/2219/2649
f 2039/829/833 2426/2172/2381 2489/2357/1416
f 318/2353/2686 380/542/544 2052/651/649
f 2052/651/649 2039/829/833 2489/2357/1416
f 2489/2357/1416 2506/2219/2649 2493/652/650
f 2482/653/436 318/2353/2686 2052/651/649
f 2052/651/649 2489/2357/1416 2493/652/650
f 1179/656/653 1177/1984/2141 1176/654/651
f 1176/654/651 1215/1451/1501 1198/655/652
f 1198/655/652 1146/893/902 1179/656/653
f 867/659/656 868/902/911 887/657/654
f 887/657/654 897/1349/1389 886/658/655
f 1399/341/348 1410/1492/1546 1426/675/672
f 1426/675/672 1419/2360/2694 1398/676/673
f 581/667/674 580/665/663 579/650/662
f 561/648/2695 549/116/2696 506/2361/2697
f 581/667/674 579/650/662 561/648/2695
f 704/791/2421 686/767/2423 600/682/2698
f 581/667/674 561/648/2695 506/2361/2697
f 647/2362/2699 704/791/2421 600/682/2698
f 581/667/674 506/2361/2697 507/2363/2700
f 647/2362/2699 600/682/2698 581/667/674
f 567/678/676 569/2364/2701 647/2362/2699
f 508/2365/2702 568/2366/2703 567/678/676
f 581/667/674 507/2363/2700 562/677/675
f 562/677/675 508/2365/2702 567/678/676
f 567/678/676 647/2362/2699 581/667/674
f 686/767/2704 678/766/2705 663/683/681
f 612/684/682 599/666/2706 581/667/2707
f 600/682/680 686/767/2704 663/683/681
f 612/684/682 581/667/2707 600/682/680
f 66/2290/2601 37/2367/25 43/2368/27
f 87/693/691 79/2369/2708 123/694/692
f 66/2290/2601 43/2368/27 87/693/691
f 132/695/693 133/2303/2614 89/314/318
f 185/1424/1472 182/315/319 132/695/693
f 89/314/318 66/2290/2601 87/693/691
f 123/694/692 185/1424/1472 132/695/693
f 132/695/693 89/314/318 87/693/691
f 2092/696/694 2059/2370/2709 2073/697/695
f 598/680/678 611/1892/2009 631/714/713
f 419/718/717 426/1771/1872 423/57/59
f 423/57/59 404/490/501 405/512/513
f 2288/722/721 4/2371/2710 2275/723/722
f 72/725/724 50/2339/2663 34/545/547
f 54/726/725 51/54/56 72/725/724
f 788/2372/2711 1833/1751/1850 1885/745/743
f 1885/745/743 2105/230/232 2153/229/231
f 2153/229/231 2165/2264/2712 2192/1100/1125
f 2153/229/231 2192/1100/1125 2202/1102/1127
f 1797/2373/2713 788/2372/2711 1885/745/743
f 1845/747/745 1821/1726/1813 1806/2374/2714
f 1806/2374/2714 1797/2373/2713 1885/745/743
f 1885/745/743 2153/229/231 2202/1102/1127
f 2225/1101/1126 2255/2375/2715 2318/2221/2452
f 2202/1102/1127 2225/1101/1126 2318/2221/2452
f 2318/2221/2452 2331/2220/2451 2361/2226/2457
f 2238/2024/2716 2215/2376/2717 1911/746/744
f 2318/2221/2452 2361/2226/2457 2238/2024/2716
f 2202/1102/1127 2318/2221/2452 2238/2024/2716
f 1911/746/744 1860/1922/2050 1832/1725/1812
f 2202/1102/1127 2238/2024/2716 1911/746/744
f 1845/747/745 1806/2374/2714 1885/745/743
f 1911/746/744 1832/1725/1812 1845/747/745
f 1885/745/743 2202/1102/1127 1911/746/744
f 1243/750/749 1227/1193/1221 1219/751/750
f 651/356/359 679/355/358 712/437/752
f 2209/757/756 2204/1902/2024 2198/758/757
f 34/759/547 24/140/39 18/5/142
f 18/5/142 19/7/7 20/9/9
f 25/760/19 51/54/56 54/726/725
f 18/5/142 20/9/9 25/760/19
f 25/760/19 54/726/725 34/759/547
f 1477/35/770 1478/2377/2718 1482/769/771
f 1115/232/234 1134/1140/1169 1114/783/787
f 173/785/789 154/2050/2226 161/786/790
f 879/2262/2719 865/2261/2557 850/787/791
f 850/787/791 843/983/996 844/788/792
f 844/788/792 851/1891/2008 866/789/793
f 866/789/793 879/2262/2719 850/787/791
f 2473/2378/2427 2472/931/942 2442/1923/2720
f 2442/1923/2720 2441/2178/2721 2429/2169/2722
f 2430/796/798 2388/169/2723 2371/2379/2724
f 2442/1923/2720 2429/2169/2722 2430/796/798
f 2477/798/800 2473/2378/2427 2442/1923/2720
f 2/2380/2725 1/2381/2726 2477/798/800
f 2430/796/798 2371/2379/2724 2437/797/799
f 2437/797/799 2/2380/2725 2477/798/800
f 2477/798/800 2442/1923/2720 2430/796/798
f 797/805/807 1619/1551/1611 798/806/808
f 791/808/810 747/802/2727 748/804/811
f 2072/810/813 2091/2382/2728 2112/811/814
f 696/817/818 787/2383/2729 757/818/819
f 1188/820/821 1216/2384/2730 1167/821/822
f 1377/832/836 1346/2385/2731 1378/833/837
f 1597/2386/2732 1592/2387/2732 1675/2388/2732
f 1675/2388/1418 794/1602/1565 795/1601/1672
f 795/1601/1672 1688/1603/1673 1710/1369/1689
f 1710/1369/1689 1708/1617/1688 1665/1538/1598
f 1665/1538/1598 1596/2389/2733 1590/1459/1509
f 1577/1497/1555 1562/1499/1557 1550/1604/2734
f 1665/1538/1598 1590/1459/1509 1577/1497/1555
f 795/1601/1672 1710/1369/1689 1665/1538/1598
f 1597/2386/2735 1675/2388/1418 795/1601/1672
f 1583/2390/2736 1595/2391/2737 1479/838/842
f 1597/2386/2735 795/1601/1672 1665/1538/1598
f 1667/2392/1652 1583/2390/2736 1479/838/842
f 1479/838/842 1597/2386/2735 1665/1538/1598
f 1479/838/842 1665/1538/1598 1577/1497/1555
f 1655/1576/1641 1635/1575/1526 1667/2392/1652
f 1638/2393/2738 1655/1576/1641 1667/2392/1652
f 1479/838/842 1577/1497/1555 1550/1604/2734
f 1638/2393/2738 1667/2392/1652 1479/838/842
f 810/2394/2083 807/1868/1978 802/1870/1979
f 831/840/844 808/1947/2084 806/2395/2739
f 806/2395/2739 810/2394/2083 802/1870/1979
f 802/1870/1979 1638/2393/2738 1479/838/842
f 1479/838/842 1550/1604/2734 1368/1301/1345
f 1373/1310/1347 1356/1303/1346 825/839/843
f 1479/838/842 1368/1301/1345 1373/1310/1347
f 806/2395/2739 802/1870/1979 1479/838/842
f 823/2350/2680 811/2396/604 831/840/844
f 831/840/844 806/2395/2739 1479/838/842
f 1479/838/842 1373/1310/1347 825/839/843
f 825/839/843 823/2350/2680 831/840/844
f 1566/843/847 1571/2397/2740 1528/2398/2741
f 1528/2398/2741 1527/1860/1970 1539/841/845
f 1539/841/845 1549/1457/1507 1573/842/846
f 1573/842/846 1578/1343/1382 1582/2399/2742
f 1566/843/847 1528/2398/2741 1539/841/845
f 1573/842/846 1582/2399/2742 1566/843/847
f 995/853/859 1029/1599/1670 1017/854/860
f 1718/858/864 1733/1654/2743 1748/1656/2744
f 1748/1656/2744 1749/1657/2745 1758/1269/2746
f 1719/856/862 1732/2400/2747 1717/857/863
f 1748/1656/2744 1758/1269/2746 1719/856/862
f 1717/857/863 1701/1614/1683 1718/858/864
f 1718/858/864 1748/1656/2744 1719/856/862
f 357/862/870 346/405/403 352/863/871
f 2457/867/875 2427/1660/1026 2393/1025/1042
f 2393/1025/1042 2386/77/79 2394/865/873
f 2394/865/873 2373/2231/2472 2407/2401/2748
f 2420/866/874 2428/2137/2336 2458/2196/2749
f 2394/865/873 2407/2401/2748 2420/866/874
f 2457/867/875 2393/1025/1042 2394/865/873
f 2420/866/874 2458/2196/2749 2457/867/875
f 1918/1702/1791 2039/829/833 1961/828/832
f 1961/828/832 374/2356/2691 377/541/543
f 377/541/543 366/427/425 465/912/920
f 465/912/920 660/748/747 1948/1863/1973
f 465/912/920 1948/1863/1973 1931/1629/1697
f 1961/828/832 377/541/543 465/912/920
f 1918/1702/1791 1961/828/832 465/912/920
f 465/912/920 1931/1629/1697 1919/1631/1699
f 1919/1631/1699 2172/1630/1698 2208/1172/1201
f 2208/1172/1201 2237/1171/1200 2398/2161/2367
f 2431/2163/2369 2503/2217/2447 2504/869/877
f 2208/1172/1201 2398/2161/2367 2431/2163/2369
f 465/912/920 1919/1631/1699 2208/1172/1201
f 1930/868/876 1918/1702/1791 465/912/920
f 2484/2359/2693 2122/1701/1790 1930/868/876
f 2490/870/878 2487/2358/2692 2484/2359/2693
f 2511/406/404 2507/1376/1415 2490/870/878
f 2504/869/877 2508/1496/1554 2511/406/404
f 2208/1172/1201 2431/2163/2369 2504/869/877
f 1930/868/876 465/912/920 2208/1172/1201
f 2490/870/878 2484/2359/2693 1930/868/876
f 2504/869/877 2511/406/404 2490/870/878
f 1930/868/876 2208/1172/1201 2504/869/877
f 547/872/880 558/627/2750 559/118/120
f 559/118/120 560/117/119 578/649/646
f 578/649/646 598/680/678 566/679/677
f 557/871/879 577/2108/2301 556/933/944
f 578/649/646 566/679/677 557/871/879
f 547/872/880 559/118/120 578/649/646
f 557/871/879 556/933/944 547/872/880
f 803/873/881 821/1431/1479 813/874/882
f 813/874/882 812/2402/2140 829/875/883
f 829/875/883 828/2403/2751 803/873/881
f 2242/2031/2752 2229/2027/2753 2244/876/884
f 2244/876/884 2258/1493/2754 2257/877/885
f 2257/877/885 2256/889/898 2243/878/886
f 2243/878/886 2242/2031/2752 2244/876/884
f 392/879/887 391/2404/2755 389/468/468
f 1545/882/891 1504/272/275 1515/880/889
f 1515/880/889 1523/2405/2756 1535/881/890
f 1535/881/890 1541/298/302 1545/882/891
f 1873/886/895 1843/2406/2757 1874/887/896
f 2239/891/900 2227/2026/2758 2256/889/898
f 2256/889/898 2257/877/885 2267/890/899
f 1146/893/902 1198/655/652 1197/295/299
f 1180/892/901 1189/926/936 1146/893/902
f 1101/896/905 927/2407/2759 1199/894/903
f 1199/894/903 1223/1240/1269 1215/1451/1501
f 1158/895/904 1128/1366/1405 1101/896/905
f 1199/894/903 1215/1451/1501 1158/895/904
f 1318/1273/1302 1264/1272/1301 863/2408/2760
f 839/898/907 826/2409/2761 804/560/562
f 1318/1273/1302 863/2408/2760 839/898/907
f 804/560/562 832/562/564 840/897/906
f 840/897/906 1318/1273/1302 839/898/907
f 2306/899/908 2291/414/2762 2292/900/909
f 898/904/913 887/657/654 868/902/911
f 868/902/911 853/187/189 880/903/912
f 1876/905/914 1862/1489/1543 1848/906/915
f 465/912/920 376/2315/2633 466/607/606
f 917/921/931 931/968/979 916/919/929
f 916/919/929 908/942/2763 905/920/930
f 905/920/930 906/970/981 917/921/931
f 500/922/932 621/1124/1151 601/923/933
f 601/923/933 664/1126/1153 648/280/283
f 648/280/283 540/618/1766 517/924/934
f 517/924/934 484/647/643 500/922/932
f 601/923/933 648/280/283 517/924/934
f 1180/892/901 1201/2410/2764 1200/925/935
f 1200/925/935 1216/2384/2730 1188/820/821
f 1189/926/936 1180/892/901 1200/925/935
f 1617/807/809 1614/1547/1607 1610/928/939
f 1610/928/939 1611/1545/1605 797/805/807
f 2475/929/940 2467/2197/2765 2458/2196/2766
f 2459/930/941 2442/1923/2720 2472/931/942
f 2475/929/940 2458/2196/2766 2459/930/941
f 2472/931/942 2473/2378/2427 2475/929/940
f 574/934/945 594/1532/2475 593/1930/2059
f 593/1930/2059 555/1931/2060 546/932/943
f 546/932/943 547/872/880 556/933/944
f 556/933/944 575/662/659 574/934/945
f 574/934/945 593/1930/2059 546/932/943
f 1058/948/958 963/1078/1101 999/946/956
f 999/946/956 978/1061/1084 1019/947/957
f 1019/947/957 1063/459/459 1058/948/958
f 400/483/484 397/482/483 391/2404/2755
f 391/2404/2755 392/879/887 393/949/959
f 393/949/959 487/2070/472 455/2411/575
f 458/2412/2431 503/2413/2360 551/950/960
f 393/949/959 455/2411/575 458/2412/2431
f 400/483/484 391/2404/2755 393/949/959
f 502/951/961 408/1009/1023 400/483/484
f 608/1626/671 613/525/527 502/951/961
f 393/949/959 458/2412/2431 551/950/960
f 551/950/960 608/1626/671 502/951/961
f 502/951/961 400/483/484 393/949/959
f 1169/953/963 1236/1300/2631 1184/401/399
f 1184/401/399 1121/2313/2629 1131/952/962
f 837/955/966 838/2043/2216 847/918/964
f 847/918/964 835/70/72 836/954/965
f 1175/134/136 1221/1196/1225 1211/956/967
f 882/961/972 892/1861/1971 891/959/970
f 891/959/970 890/1421/1469 874/960/971
f 2251/965/976 2214/1510/2767 2236/966/977
f 2123/2414/2768 2011/557/559 2081/556/558
f 2081/556/558 2053/2342/2668 2031/2415/2769
f 2063/977/308 2083/2306/2595 2082/391/386
f 2081/556/558 2031/2415/2769 2063/977/308
f 2082/391/386 2123/2414/2768 2081/556/558
f 833/984/998 818/1184/1213 843/983/996
f 843/983/996 850/787/1714 842/909/997
f 842/909/997 841/1844/2770 833/984/998
f 899/958/969 919/497/498 988/991/1004
f 988/991/1004 1045/496/497 1010/990/1003
f 1182/994/1007 1190/1156/1185 1149/992/1005
f 1149/992/1005 1150/1146/1505 1160/993/1006
f 1785/268/272 1741/270/273 1778/995/1008
f 1778/995/1008 1813/1677/1768 1695/996/1009
f 1695/996/1009 1800/2099/2290 1786/997/1010
f 1786/997/1010 1785/268/272 1778/995/1008
f 2133/97/99 2145/96/98 2157/615/612
f 2157/615/612 2116/2416/2771 2117/998/1011
f 2127/641/1014 2111/640/2772 2089/999/1012
f 2089/999/1012 2140/1473/1524 2126/1000/1013
f 632/1003/1017 646/827/830 677/762/760
f 677/762/760 662/2417/2773 631/714/713
f 909/1004/1018 897/1349/1389 976/1005/1019
f 57/1131/1160 41/2280/2591 42/283/2774
f 151/2418/2775 178/198/200 156/184/186
f 57/1131/1160 42/283/2774 151/2418/2775
f 64/1797/1903 57/1131/1160 151/2418/2775
f 151/2418/2775 156/184/186 146/183/185
f 146/183/185 121/2419/2776 109/1007/1021
f 109/1007/1021 117/2420/2777 110/2421/2778
f 110/2421/2779 106/2422/2780 104/2423/2779
f 100/99/101 96/156/158 93/158/160
f 110/2421/2778 104/2423/2781 100/99/101
f 151/2418/2775 146/183/185 109/1007/1021
f 109/1007/1021 110/2421/2778 100/99/101
f 93/158/160 94/157/159 91/1008/1022
f 109/1007/1021 100/99/101 93/158/160
f 64/1797/1903 151/2418/2775 109/1007/1021
f 77/1471/1522 64/1797/1903 109/1007/1021
f 109/1007/1021 93/158/160 91/1008/1022
f 91/1008/1022 90/484/485 83/486/487
f 83/486/487 77/1471/1522 109/1007/1021
f 434/1010/1024 424/1036/1052 402/249/2782
f 407/2268/2783 399/248/250 400/483/484
f 434/1010/1024 402/249/2782 407/2268/2783
f 543/637/2393 494/2424/2784 434/1010/1024
f 588/526/528 624/2425/2785 587/668/666
f 587/668/666 543/637/2393 434/1010/1024
f 434/1010/1024 407/2268/2783 400/483/484
f 408/1009/1023 413/1661/1741 588/526/528
f 434/1010/1024 400/483/484 408/1009/1023
f 588/526/528 587/668/666 434/1010/1024
f 989/1015/1029 891/959/970 942/979/1027
f 942/979/1027 943/978/2786 1046/1014/1028
f 1711/1018/1032 1742/2426/2787 1787/2066/2243
f 1726/1016/1030 1777/2427/2788 771/1017/1031
f 1711/1018/1032 1787/2066/2243 1726/1016/1030
f 1519/2091/2278 1510/2428/2789 1470/1382/2790
f 1471/1019/1033 1461/2429/2791 1443/584/585
f 1519/2091/2278 1470/1382/2790 1471/1019/1033
f 1533/205/207 1526/207/209 1519/2091/2278
f 1503/1020/1034 1536/2430/2792 1533/205/207
f 1420/84/1547 1433/83/85 1503/1020/1034
f 1419/2360/2694 1426/675/672 1420/84/1547
f 1444/583/584 1425/2347/2793 1419/2360/2694
f 1471/1019/1033 1443/584/585 1444/583/584
f 1533/205/207 1519/2091/2278 1471/1019/1033
f 1419/2360/2694 1420/84/1547 1503/1020/1034
f 1503/1020/1034 1533/205/207 1471/1019/1033
f 1444/583/584 1419/2360/2694 1503/1020/1034
f 296/392/1037 275/63/2794 263/49/51
f 263/49/51 253/319/1453 278/2431/2795
f 278/2431/2795 277/346/2796 276/344/1036
f 276/344/1036 297/343/2797 296/392/1037
f 263/49/51 278/2431/2795 276/344/1036
f 1440/1392/2798 1439/1391/2799 1403/1318/2800
f 1403/1318/2800 1390/1069/2801 1424/2432/2802
f 1440/1392/2798 1403/1318/2800 1424/2432/2802
f 1459/1099/2803 1448/1098/2804 1440/1392/2798
f 1441/1023/1040 1449/1394/2805 1459/1099/2803
f 1417/1309/1344 1418/1353/2806 1441/1023/1040
f 1338/1845/1955 1348/1419/1467 1417/1309/1344
f 1306/113/115 1323/1275/1305 1338/1845/1955
f 1250/2311/2627 1274/114/116 1306/113/115
f 1242/2309/2625 1226/2312/2628 1250/2311/2627
f 1162/2433/2807 1218/2310/2626 1242/2309/2625
f 1024/1465/1517 1036/2434/2808 1162/2433/2807
f 1095/329/336 1023/1154/1183 1024/1465/1517
f 1152/1148/1176 1125/328/335 1110/330/337
f 1110/330/337 1095/329/336 1024/1465/1517
f 1110/330/337 1024/1465/1517 1162/2433/2807
f 1192/2435/2809 1152/1148/1176 1110/330/337
f 1273/1685/1774 1217/1370/1409 1205/1167/1196
f 1192/2435/2809 1110/330/337 1162/2433/2807
f 1284/1686/1775 1273/1685/1774 1205/1167/1196
f 1205/1167/1196 1192/2435/2809 1162/2433/2807
f 1242/2309/2625 1250/2311/2627 1306/113/115
f 1205/1167/1196 1162/2433/2807 1242/2309/2625
f 1327/1696/1784 1284/1686/1775 1205/1167/1196
f 1358/1598/1666 1337/1282/1313 1327/1696/1784
f 1440/1392/2798 1424/2432/2802 1408/1022/1039
f 1408/1022/1039 1358/1598/1666 1327/1696/1784
f 1327/1696/1784 1205/1167/1196 1242/2309/2625
f 1306/113/115 1338/1845/1955 1417/1309/1344
f 1327/1696/1784 1242/2309/2625 1306/113/115
f 1459/1099/2803 1440/1392/2798 1408/1022/1039
f 1408/1022/1039 1327/1696/1784 1306/113/115
f 1306/113/115 1417/1309/1344 1441/1023/1040
f 1441/1023/1040 1459/1099/2803 1408/1022/1039
f 1216/2384/2730 1200/925/935 1225/2253/2533
f 1178/1029/1046 914/292/296 913/1030/1047
f 913/1030/1047 912/291/295 928/1724/1811
f 1167/821/822 1216/2384/2730 1225/2253/2533
f 913/1030/1047 928/1724/1811 1167/821/822
f 1167/821/822 1225/2253/2533 1178/1029/1046
f 1012/1033/1051 990/1032/2810 992/1034/1049
f 1014/1051/2811 1013/1050/2812 991/1035/1050
f 991/1035/1050 1027/2436/2813 1012/1033/1051
f 992/1034/1049 1014/1051/2811 991/1035/1050
f 462/1041/1059 477/2067/2814 460/1130/1159
f 476/1129/1158 471/645/641 456/1039/1057
f 462/1041/1059 460/1130/1159 476/1129/1158
f 461/431/429 478/570/572 462/1041/1059
f 437/1040/1058 452/2321/2643 461/431/429
f 456/1039/1057 441/533/535 437/1040/1058
f 462/1041/1059 476/1129/1158 456/1039/1057
f 437/1040/1058 461/431/429 462/1041/1059
f 2443/1042/1060 2447/164/166 2454/1043/1061
f 2454/1043/1061 2453/1142/2815 2438/109/1062
f 625/699/710 640/710/711 657/738/735
f 657/738/735 656/737/734 639/1044/1063
f 1155/1045/1065 1144/1080/1103 1156/433/431
f 1156/433/431 1164/136/2816 1163/135/1064
f 971/941/1068 1007/940/2817 985/1046/1066
f 985/1046/1066 1021/1048/1069 1006/1047/1067
f 960/643/1073 961/2352/2818 998/1052/1074
f 866/789/1076 851/1891/2819 867/659/656
f 867/659/656 886/658/655 896/1053/1075
f 896/1053/1075 879/2262/2820 866/789/1076
f 274/64/66 328/1164/2620 338/2437/2821
f 338/2437/2821 353/1163/1192 359/1467/1518
f 359/1467/1518 1797/2373/2822 1806/2374/2823
f 1806/2374/2823 14/3/2824 1844/2/2825
f 1844/2/2825 13/1/2826 1860/1922/2827
f 1860/1922/2827 1911/746/2828 2215/2376/2186
f 2224/2438/2185 2238/2024/2829 2361/2226/2830
f 1860/1922/2827 2215/2376/2186 2224/2438/2185
f 359/1467/1518 1806/2374/2823 1844/2/2825
f 1844/2/2825 1860/1922/2827 2224/2438/2185
f 2361/2226/2830 2308/2075/2831 2326/2078/2832
f 1844/2/2825 2224/2438/2185 2361/2226/2830
f 359/1467/1518 1844/2/2825 2361/2226/2830
f 2326/2078/2832 2320/2074/2833 2293/2225/2477
f 2326/2078/2832 2293/2225/2477 2435/2234/2488
f 2432/2235/2490 2460/1972/2834 2470/1785/1888
f 2326/2078/2832 2435/2234/2488 2432/2235/2490
f 2361/2226/2830 2326/2078/2832 2432/2235/2490
f 2432/2235/2490 2470/1785/1888 273/2439/2835
f 273/2439/2835 309/1784/1887 191/2252/2531
f 178/198/200 151/2418/2775 42/283/2774
f 273/2439/2835 191/2252/2531 178/198/200
f 2361/2226/2830 2432/2235/2490 273/2439/2835
f 359/1467/1518 2361/2226/2830 273/2439/2835
f 178/198/200 42/283/2774 36/18/2836
f 36/18/2836 26/2440/2077 37/2367/25
f 37/2367/25 66/2290/2601 61/2289/2600
f 61/2289/2600 74/2288/2599 65/2292/2603
f 65/2292/2603 78/2291/2602 73/2293/2604
f 73/2293/2604 128/316/320 119/2295/2606
f 37/2367/25 61/2289/2600 65/2292/2603
f 178/198/200 36/18/2836 37/2367/25
f 359/1467/1518 273/2439/2835 178/198/200
f 285/1118/1146 274/64/66 338/2437/2821
f 338/2437/2821 359/1467/1518 178/198/200
f 37/2367/25 65/2292/2603 73/2293/2604
f 37/2367/25 73/2293/2604 119/2295/2606
f 285/1118/1146 338/2437/2821 178/198/200
f 232/309/313 285/1118/1146 178/198/200
f 178/198/200 37/2367/25 119/2295/2606
f 178/198/200 119/2295/2606 698/2294/2605
f 235/310/314 232/309/313 178/198/200
f 312/378/2837 288/1446/2838 280/1445/2839
f 280/1445/2839 235/310/314 178/198/200
f 312/378/2837 280/1445/2839 178/198/200
f 345/2441/2840 332/393/2841 322/379/2842
f 322/379/2842 312/378/2837 178/198/200
f 345/2441/2840 322/379/2842 178/198/200
f 345/2441/2840 178/198/200 698/2294/2605
f 697/852/857 345/2441/2840 698/2294/2605
f 778/212/858 697/852/857 698/2294/2605
f 776/846/1686 778/212/858 698/2294/2605
f 279/132/134 343/368/369 775/845/1137
f 775/845/1137 776/846/1686 698/2294/2605
f 265/338/345 279/132/134 775/845/1137
f 278/2431/2795 264/1407/1452 265/338/345
f 286/345/2843 277/346/2796 278/2431/2795
f 329/2307/2844 297/343/2845 286/345/2843
f 375/1468/1519 354/2442/2846 329/2307/2844
f 788/2443/2711 379/1469/1520 375/1468/1519
f 788/2443/2711 375/1468/1519 329/2307/2844
f 286/345/2843 278/2431/2795 265/338/345
f 788/2443/2711 329/2307/2844 286/345/2843
f 1833/2444/1850 788/2443/2711 286/345/2843
f 286/345/2843 265/338/345 775/845/1137
f 1833/2444/1850 286/345/2843 775/845/1137
f 2105/230/232 1885/2445/743 1875/2446/1851
f 1875/2446/1851 1833/2444/1850 775/845/1137
f 1875/2446/1851 775/845/1137 698/2294/2605
f 2138/2447/2847 2105/230/232 1875/2446/1851
f 2192/1100/1125 2165/2448/2712 2138/2447/2847
f 2255/2375/2715 2225/1101/1126 2192/1100/1125
f 2332/2222/2453 2318/2221/2452 2255/2375/2715
f 2267/890/899 2319/2223/2454 2332/2222/2453
f 2239/891/900 2267/890/899 2332/2222/2453
f 2332/2222/2453 2255/2375/2715 2192/1100/1125
f 2332/2222/2453 2192/1100/1125 2138/2447/2847
f 2226/1669/1758 2239/891/900 2332/2222/2453
f 2197/1814/2848 2196/53/2849 2186/52/2850
f 2226/1669/1758 2332/2222/2453 2138/2447/2847
f 2193/2449/2851 2197/1814/2848 2186/52/2850
f 2186/52/2850 2226/1669/1758 2138/2447/2847
f 480/2298/2609 505/590/591 514/597/598
f 514/597/598 515/596/1864 532/1763/1863
f 532/1763/1863 554/635/631 553/634/630
f 565/633/629 533/1776/1877 523/2450/2852
f 514/597/598 532/1763/1863 553/634/630
f 565/633/629 523/2450/2852 516/2451/2853
f 516/2451/2853 483/2452/576 489/576/578
f 489/576/578 490/578/2439 507/2363/2700
f 506/2361/2697 549/116/2696 537/629/624
f 489/576/578 507/2363/2700 506/2361/2697
f 516/2451/2853 489/576/578 506/2361/2697
f 537/629/624 548/628/622 524/626/2854
f 524/626/2854 536/625/2063 535/1786/1889
f 534/1787/2855 546/932/2856 555/1931/2857
f 524/626/2854 535/1786/1889 534/1787/2855
f 506/2361/2697 537/629/624 524/626/2854
f 565/633/629 516/2451/2853 506/2361/2697
f 553/634/630 565/633/629 506/2361/2697
f 506/2361/2697 524/626/2854 534/1787/2855
f 506/2361/2697 534/1787/2855 555/1931/2857
f 553/634/630 506/2361/2697 555/1931/2857
f 592/692/2858 616/691/2859 591/689/2860
f 553/634/630 555/1931/2857 592/692/2858
f 521/2299/2610 480/2298/2609 514/597/598
f 2186/52/2850 2138/2447/2847 1875/2446/1851
f 2193/2449/2851 2186/52/2850 1875/2446/1851
f 531/2296/2607 521/2299/2610 514/597/598
f 553/634/630 592/692/2858 591/689/2860
f 531/2296/2607 514/597/598 553/634/630
f 628/2297/2608 531/2296/2607 553/634/630
f 553/634/630 591/689/2860 615/703/2861
f 610/702/2862 630/103/105 629/743/741
f 553/634/630 615/703/2861 610/702/2862
f 628/2297/2608 553/634/630 610/702/2862
f 610/702/2862 629/743/741 643/741/739
f 661/740/738 683/749/2863 700/761/2864
f 610/702/2862 643/741/739 661/740/738
f 2198/758/2865 2193/2449/2851 1875/2446/1851
f 628/2297/2608 610/702/2862 661/740/738
f 700/761/2864 701/102/2866 718/1462/1513
f 628/2297/2608 661/740/738 700/761/2864
f 2245/2453/2867 2258/1493/1667 2230/322/327
f 2173/2224/2455 3/19/22 2245/2453/2867
f 2067/278/281 2058/2277/2588 2068/2186/2402
f 2107/1106/1131 2067/278/281 2068/2186/2402
f 2068/2186/2402 2173/2224/2455 2245/2453/2867
f 2245/2453/2867 2230/322/327 2217/321/326
f 2068/2186/2402 2245/2453/2867 2217/321/326
f 2107/1106/1131 2068/2186/2402 2217/321/326
f 2107/1106/1131 2217/321/326 2198/758/2865
f 2055/1107/1132 2107/1106/1131 2198/758/2865
f 628/2297/2608 700/761/2864 718/1462/1513
f 628/2297/2608 718/1462/1513 699/2454/2868
f 2057/1503/1561 2056/1105/2869 2041/2455/2870
f 2000/1979/2136 11/279/282 2057/1503/1561
f 1984/2456/2871 2042/277/280 2001/1980/2137
f 2000/1979/2136 2057/1503/1561 2041/2455/2870
f 1914/1964/2110 1984/2456/2871 2001/1980/2137
f 2000/1979/2136 2041/2455/2870 2055/1107/1132
f 1914/1964/2110 2001/1980/2137 2000/1979/2136
f 1799/2457/2872 1914/1964/2110 2000/1979/2136
f 2000/1979/2136 2055/1107/1132 2198/758/2865
f 698/2294/2605 628/2297/2608 699/2454/2868
f 698/2294/2605 699/2454/2868 759/823/2873
f 1799/2457/2872 2000/1979/2136 2198/758/2865
f 769/1056/1079 1799/2457/2872 2198/758/2865
f 1875/2446/1851 698/2294/2605 759/823/2873
f 753/825/2874 780/419/417 768/2319/2639
f 779/418/416 1722/1658/1738 1761/1340/1379
f 759/823/2873 753/825/2874 768/2319/2639
f 759/823/2873 768/2319/2639 779/418/416
f 722/282/285 760/2458/2875 736/2459/2876
f 687/2460/2589 722/282/285 736/2459/2876
f 1875/2446/1851 759/823/2873 779/418/416
f 1875/2446/1851 779/418/416 1761/1340/1379
f 525/617/2877 539/619/2878 538/2461/2425
f 526/1519/1765 540/618/1766 525/617/2877
f 498/1976/2879 499/1520/2880 526/1519/1765
f 475/1361/1400 491/1975/2129 470/1977/2131
f 498/1976/2879 526/1519/1765 525/617/2877
f 471/645/641 475/1361/1400 470/1977/2131
f 498/1976/2879 525/617/2877 538/2461/2425
f 456/1039/2881 471/645/641 470/1977/2131
f 442/534/536 456/1039/2881 470/1977/2131
f 398/2462/2882 394/59/61 442/534/536
f 428/1494/1552 421/2463/2338 403/2464/2339
f 403/2464/2339 398/2462/2882 442/534/536
f 403/2464/2339 442/534/536 470/1977/2131
f 414/493/494 428/1494/1552 403/2464/2339
f 412/494/495 415/491/492 401/2327/2651
f 401/2327/2651 414/493/494 403/2464/2339
f 403/2464/2339 470/1977/2131 498/1976/2879
f 401/2327/2651 403/2464/2339 498/1976/2879
f 412/494/495 401/2327/2651 498/1976/2879
f 412/494/495 498/1976/2879 538/2461/2425
f 416/2326/2650 417/492/493 422/495/496
f 422/495/496 412/494/495 538/2461/2425
f 422/495/496 538/2461/2425 687/2460/2589
f 430/509/2883 416/2326/2650 422/495/496
f 425/2465/2884 430/509/2883 422/495/496
f 422/495/496 687/2460/2589 736/2459/2876
f 1875/2446/1851 1761/1340/1379 1775/1700/1789
f 1775/1700/1789 1846/1939/2885 1834/1753/2886
f 1834/1753/2886 1886/1735/2887 1920/1734/1826
f 1920/1734/1826 1932/2466/1828 1941/2467/2888
f 1875/2446/1851 1775/1700/1789 1834/1753/2886
f 422/495/496 736/2459/2876 769/1056/1079
f 425/2465/2884 422/495/496 769/1056/1079
f 1875/2446/1851 1834/1753/2886 1920/1734/1826
f 1875/2446/1851 1920/1734/1826 1941/2467/2888
f 436/1826/1933 425/2465/2884 769/1056/1079
f 451/2468/1394 439/1354/1393 436/1826/1933
f 508/2365/2702 469/2211/2440 451/2468/1394
f 569/2364/2701 567/678/676 568/2366/2703
f 568/2366/2703 508/2365/2702 451/2468/1394
f 2198/758/2865 1875/2446/1851 1941/2467/2888
f 2198/758/2865 1941/2467/2888 2011/557/559
f 568/2366/2703 451/2468/1394 436/1826/1933
f 704/791/2889 647/2362/2890 569/2364/2701
f 569/2364/2701 568/2366/2703 436/1826/1933
f 2198/758/2865 2011/557/559 2123/2414/2768
f 2123/2414/2768 2082/391/2891 2124/624/2892
f 2124/624/2892 2065/623/2619 1999/1838/1943
f 1983/2469/2893 1944/1818/2894 1923/1054/1077
f 1923/1054/1077 1825/1706/2895 1807/1055/1078
f 2198/758/2865 2123/2414/2768 2124/624/2892
f 569/2364/2701 436/1826/1933 769/1056/1079
f 705/1642/1718 704/791/2889 569/2364/2701
f 1705/2470/2896 1738/2471/2897 705/1642/1718
f 705/1642/1718 569/2364/2701 769/1056/1079
f 2198/758/2865 2124/624/2892 1999/1838/1943
f 2198/758/2865 1999/1838/1943 1983/2469/2893
f 1705/2470/2896 705/1642/1718 769/1056/1079
f 1753/1643/1719 1705/2470/2896 769/1056/1079
f 769/1056/1079 2198/758/2865 1983/2469/2893
f 769/1056/1079 1983/2469/2893 1923/1054/1077
f 1807/1055/1078 1753/1643/1719 769/1056/1079
f 1047/1057/1080 1055/599/600 1026/231/233
f 965/1060/1083 1000/2472/2898 1019/947/957
f 978/1061/1084 999/946/956 946/2473/2899
f 965/1060/1083 1019/947/957 978/1061/1084
f 964/1062/1085 947/1434/1483 965/1060/1083
f 978/1061/1084 946/2473/2899 964/1062/1085
f 2309/1066/1089 2322/2077/2261 2294/1067/1090
f 1358/1598/1666 1408/1022/1039 1424/2432/2802
f 1390/1069/1092 1389/1324/2900 1384/1070/1093
f 1358/1598/1666 1424/2432/2802 1390/1069/1092
f 1384/1070/1093 1342/1281/1665 1365/1071/1094
f 1365/1071/1094 1358/1598/1666 1390/1069/1092
f 1198/655/652 1222/1452/1502 1196/1077/1100
f 1464/1258/2901 1415/1740/1837 1422/2474/2902
f 1422/2474/2902 1379/1317/1354 1367/1316/1353
f 1367/1316/1353 1372/1315/1352 1347/1291/1321
f 1347/1291/1321 1332/1290/1320 1333/1487/1540
f 1333/1487/1540 1316/1268/1295 1210/1237/1266
f 1210/1237/1266 1118/1135/1164 1106/1134/1163
f 1106/1134/1163 1117/1133/1162 1047/1057/1080
f 1047/1057/1080 1038/1058/1081 1027/2436/2813
f 1027/2436/2813 991/1035/1050 1013/1050/2676
f 1027/2436/2813 1013/1050/2676 1193/2349/2675
f 1106/1134/1163 1047/1057/1080 1027/2436/2813
f 1347/1291/1321 1333/1487/1540 1210/1237/1266
f 1106/1134/1163 1027/2436/2813 1193/2349/2675
f 1367/1316/1353 1347/1291/1321 1210/1237/1266
f 1210/1237/1266 1106/1134/1163 1193/2349/2675
f 1220/1200/2903 1239/1207/2904 1245/1209/2905
f 1210/1237/1266 1193/2349/2675 1220/1200/2903
f 1422/2474/2902 1367/1316/1353 1210/1237/1266
f 1454/1396/2906 1464/1258/2901 1422/2474/2902
f 1456/34/35 1455/1259/1288 1454/1396/2906
f 1457/257/2907 1466/1322/2459 1456/34/35
f 1423/2322/2908 1429/258/2909 1445/2271/2910
f 1445/2271/2910 1457/257/2907 1456/34/35
f 1454/1396/2906 1422/2474/2902 1210/1237/1266
f 1445/2271/2910 1456/34/35 1454/1396/2906
f 1402/1350/1390 1416/452/2911 1423/2322/2908
f 1423/2322/2908 1445/2271/2910 1454/1396/2906
f 1454/1396/2906 1210/1237/1266 1220/1200/2903
f 1245/1209/2905 1231/1208/2912 1240/137/139
f 1454/1396/2906 1220/1200/2903 1245/1209/2905
f 1402/1350/1390 1423/2322/2908 1454/1396/2906
f 1383/451/451 1387/1351/1391 1402/1350/1390
f 1458/1334/2913 1438/1333/2914 1383/451/451
f 1467/2270/2915 1446/256/2916 1458/1334/2913
f 1478/2377/2917 1477/35/2918 1467/2270/2915
f 1475/2475/2919 1476/1257/1286 1482/769/771
f 1478/2377/2917 1467/2270/2915 1458/1334/2913
f 1463/2476/2920 1475/2475/2919 1482/769/771
f 1478/2377/2917 1458/1334/2913 1383/451/451
f 1505/2477/2921 1463/2476/2920 1482/769/771
f 1505/2477/2921 1482/769/771 1478/2377/2917
f 1513/1443/1493 1506/1442/1492 1505/2477/2921
f 1550/1604/1674 1558/2478/2922 1520/2479/2923
f 1520/2479/2923 1513/1443/1493 1505/2477/2921
f 1505/2477/2921 1478/2377/2917 1383/451/451
f 1402/1350/1390 1454/1396/2906 1245/1209/2905
f 1245/1209/2905 1240/137/139 1255/139/141
f 1255/139/141 1259/138/140 1269/885/894
f 1269/885/894 1270/884/2924 1278/1940/2074
f 1278/1940/2074 1286/1248/1277 1300/1501/1559
f 1300/1501/1559 1340/289/1322 1361/288/2093
f 1396/1953/2095 1362/1296/2094 1354/1293/1324
f 1300/1501/1559 1361/288/2093 1396/1953/2095
f 1269/885/894 1278/1940/2074 1300/1501/1559
f 1245/1209/2905 1255/139/141 1269/885/894
f 1550/1604/1674 1520/2479/2923 1505/2477/2921
f 1355/1302/2925 1368/1301/2926 1550/1604/1674
f 838/2043/2927 1356/1303/2928 1355/1302/2925
f 878/917/2929 847/918/2930 838/2043/2927
f 861/915/2931 862/916/2932 878/917/2929
f 876/2273/2933 860/913/2934 877/914/2935
f 877/914/2935 861/915/2931 878/917/2929
f 878/917/2929 838/2043/2927 1355/1302/2925
f 1355/1302/2925 1550/1604/1674 1505/2477/2921
f 1355/1302/2925 1505/2477/2921 1383/451/451
f 895/2274/2936 876/2273/2933 877/914/2935
f 884/938/2937 885/266/2938 895/2274/2936
f 1011/1031/2939 1026/231/233 894/937/2565
f 894/937/2565 884/938/2937 895/2274/2936
f 895/2274/2936 877/914/2935 878/917/2929
f 1355/1302/2925 1383/451/451 1402/1350/1390
f 1402/1350/1390 1245/1209/2905 1269/885/894
f 1269/885/894 1300/1501/1559 1396/1953/2095
f 1354/1293/1324 1341/1292/1323 1334/1513/1572
f 1402/1350/1390 1269/885/894 1396/1953/2095
f 1396/1953/2095 1354/1293/1324 1334/1513/1572
f 1334/1513/1572 1305/1512/1571 1293/1703/1792
f 1281/2480/2940 1262/1215/2941 1263/1217/2942
f 1263/1217/2942 1246/2481/2943 1247/2482/2944
f 1247/2482/2944 1213/1191/2945 1194/1190/2946
f 1194/1190/2946 1186/1088/2644 1187/434/432
f 1194/1190/2946 1187/434/432 1214/1239/1268
f 1247/2482/2944 1194/1190/2946 1214/1239/1268
f 1247/2482/2944 1214/1239/1268 1224/1238/1267
f 1263/1217/2942 1247/2482/2944 1224/1238/1267
f 1263/1217/2942 1224/1238/1267 926/1463/2947
f 1281/2480/2940 1263/1217/2942 926/1463/2947
f 946/2473/2948 999/946/956 963/1078/1101
f 1293/1703/1792 1281/2480/2940 926/1463/2947
f 1355/1302/2925 1402/1350/1390 1396/1953/2095
f 894/937/2565 895/2274/2936 878/917/2929
f 990/1032/2810 1011/1031/2939 894/937/2565
f 956/1812/1920 1015/1481/1533 992/1034/1049
f 992/1034/1049 990/1032/2810 894/937/2565
f 1355/1302/2925 1396/1953/2095 1334/1513/1572
f 1355/1302/2925 1334/1513/1572 1293/1703/1792
f 956/1812/1920 992/1034/1049 894/937/2565
f 944/982/994 956/1812/1920 894/937/2565
f 878/917/2929 1355/1302/2925 1293/1703/1792
f 878/917/2929 1293/1703/1792 926/1463/2947
f 921/981/992 944/982/994 894/937/2565
f 903/1606/1676 921/981/992 894/937/2565
f 878/917/2929 926/1463/2947 946/2473/2948
f 963/1078/1101 1058/948/958 1016/253/255
f 878/917/2929 946/2473/2948 963/1078/1101
f 903/1606/1676 894/937/2565 878/917/2929
f 962/1079/1102 935/644/2949 925/976/2950
f 925/976/2950 903/1606/1676 878/917/2929
f 963/1078/1101 1016/253/255 1039/1059/1082
f 963/1078/1101 1039/1059/1082 1031/1911/2033
f 925/976/2950 878/917/2929 963/1078/1101
f 961/2352/2818 945/642/638 962/1079/1102
f 962/1079/1102 925/976/2950 963/1078/1101
f 963/1078/1101 1031/1911/2033 998/1052/1074
f 998/1052/1074 961/2352/2818 962/1079/1102
f 1090/2266/2572 1135/1896/2015 1144/1080/1103
f 1144/1080/1103 1155/1045/1065 1111/1907/2951
f 1111/1907/2951 1096/2269/2575 1122/1081/1104
f 1122/1081/1104 1082/1103/1128 1094/236/238
f 1094/236/238 1090/2266/2572 1144/1080/1103
f 1144/1080/1103 1111/1907/2951 1122/1081/1104
f 1620/1085/1108 1622/1552/1612 1624/1086/1109
f 1186/1088/1111 1213/1191/1220 1164/136/1112
f 1139/1096/1121 1097/299/303 1098/1094/1119
f 1098/1094/1119 1126/301/305 1112/1095/1120
f 1112/1095/1120 1129/1254/1283 1139/1096/1121
f 1468/1097/1122 1447/1319/1356 1448/1098/1123
f 1082/1103/1128 1072/251/253 1077/1104/1129
f 2055/1107/1132 2041/2455/2870 2056/1105/1130
f 2056/1105/1130 2066/1502/2952 2107/1106/1131
f 775/845/1137 343/368/369 339/367/368
f 339/367/368 349/2046/2221 369/445/2953
f 732/447/1138 763/831/2954 775/845/1137
f 339/367/368 369/445/2953 732/447/1138
f 1091/1112/1139 1048/2483/2955 1092/504/507
f 2456/1012/1025 2450/2190/2956 2406/1116/1144
f 2406/1116/1144 2363/1875/1985 2385/1026/1043
f 2385/1026/1043 2427/1660/1026 2456/1012/1025
f 232/309/313 234/476/476 233/1117/1145
f 233/1117/1145 239/475/475 238/1470/1521
f 233/1117/1145 238/1470/1521 244/318/322
f 285/1118/1146 232/309/313 233/1117/1145
f 251/50/52 274/64/66 285/1118/1146
f 233/1117/1145 244/318/322 251/50/52
f 739/1119/1147 750/1461/1511 726/1120/1148
f 873/1123/1150 856/2056/2233 858/1121/1149
f 858/1121/1149 881/1422/1470 872/1122/363
f 621/1124/1151 500/922/932 510/2484/2957
f 510/2484/2957 492/2036/2207 541/2485/2958
f 541/2485/2958 519/2017/2182 603/1809/1915
f 570/2346/2672 602/566/568 582/1125/1152
f 541/2485/2958 603/1809/1915 570/2346/2672
f 510/2484/2957 541/2485/2958 570/2346/2672
f 582/1125/1152 723/547/549 664/1126/1153
f 510/2484/2957 570/2346/2672 582/1125/1152
f 664/1126/1153 601/923/933 621/1124/1151
f 621/1124/1151 510/2484/2957 582/1125/1152
f 1153/1128/1157 1132/502/505 1092/504/507
f 1092/504/507 1133/1921/2049 1171/1127/1156
f 27/11/11 41/2280/2591 57/1131/1160
f 57/1131/1160 58/56/58 53/55/57
f 53/55/57 35/17/20 20/9/9
f 20/9/9 27/11/11 57/1131/1160
f 1313/1132/1161 1323/1275/1305 1306/113/115
f 52/1137/1166 56/62/64 55/61/63
f 55/61/63 47/2486/2959 48/1136/1165
f 1112/1095/1120 1135/1896/2015 1090/2266/2572
f 1090/2266/2572 1049/1945/2082 1050/1138/1167
f 1074/2247/2520 1075/142/144 1083/1139/1168
f 1112/1095/1120 1090/2266/2572 1050/1138/1167
f 1050/1138/1167 1074/2247/2520 1083/1139/1168
f 1083/1139/1168 1129/1254/1283 1112/1095/1120
f 2364/1150/1179 2395/1825/1932 2374/1151/1180
f 987/1153/1182 1024/1465/1517 1023/1154/1183
f 1148/1144/1173 1124/2282/2592 1149/992/1005
f 319/376/375 329/2307/2844 354/2442/2846
f 354/2442/2846 375/1468/1519 353/1163/1192
f 353/1163/1192 338/2437/2960 328/1164/1193
f 328/1164/1193 310/374/373 319/376/375
f 319/376/375 354/2442/2846 353/1163/1192
f 1205/1167/1196 1191/1371/1410 1183/1166/1195
f 1183/1166/1195 1142/1147/1175 1152/1148/1176
f 1152/1148/1176 1192/2435/2809 1205/1167/1196
f 2385/1026/1043 2363/1875/1985 2130/1168/1197
f 2130/1168/1197 2006/2487/1464 2007/1169/1198
f 2007/1169/1198 2020/78/80 2032/1024/1041
f 2032/1024/1041 2385/1026/1043 2130/1168/1197
f 938/1173/1202 948/1175/1204 937/2488/1404
f 949/1174/1203 928/1724/1811 967/91/93
f 938/1173/1202 937/2488/1404 949/1174/1203
f 967/91/93 980/90/92 938/1173/1202
f 1002/2194/2412 1000/2472/2898 965/1060/1083
f 948/1175/1204 938/1173/1202 979/517/518
f 1001/1176/1205 1002/2194/2412 965/1060/1083
f 948/1175/1204 979/517/518 1001/1176/1205
f 1583/2390/2736 1667/2392/1652 1671/2489/2961
f 1583/2390/2736 1671/2489/2961 1646/1574/1640
f 1633/1559/1619 1595/2490/2737 1583/2390/2736
f 1637/1180/1209 1634/1560/1620 1633/1559/1619
f 1660/1405/1450 1666/2491/2962 1637/1180/1209
f 1642/1562/1621 1651/1572/1636 1659/1581/1647
f 1659/1581/1647 1660/1405/1450 1637/1180/1209
f 1637/1180/1209 1633/1559/1619 1583/2390/2736
f 1583/2390/2736 1646/1574/1640 1654/1178/1207
f 1654/1178/1207 1645/1565/1625 1644/1179/1208
f 1644/1179/1208 1643/1563/1622 1642/1562/1621
f 1642/1562/1621 1659/1581/1647 1637/1180/1209
f 1637/1180/1209 1583/2390/2736 1654/1178/1207
f 1644/1179/1208 1642/1562/1621 1637/1180/1209
f 2045/1908/2963 2044/1516/1575 1877/1515/1574
f 1877/1515/1574 1903/1772/2964 1863/1742/2965
f 1863/1742/2965 1850/907/2966 1826/1707/2967
f 1826/1707/2967 1837/1717/2968 1851/1718/1805
f 1864/1181/1210 1838/385/382 1852/384/2969
f 1826/1707/2967 1851/1718/1805 1864/1181/1210
f 1877/1515/1574 1863/1742/2965 1826/1707/2967
f 2088/1182/1211 2071/1926/2970 2045/1908/2963
f 1877/1515/1574 1826/1707/2967 1864/1181/1210
f 2088/1182/1211 2045/1908/2963 1877/1515/1574
f 2089/999/1012 2111/640/2772 2088/1182/1211
f 1865/499/502 2091/2382/2728 2072/810/813
f 2072/810/813 2089/999/1012 2088/1182/1211
f 2088/1182/1211 1877/1515/1574 1864/1181/1210
f 1864/1181/1210 1852/384/2969 1865/499/502
f 1865/499/502 2072/810/813 2088/1182/1211
f 818/1184/1213 817/2492/2971 803/873/881
f 803/873/881 828/2403/2751 855/361/364
f 855/361/364 854/174/176 805/1183/1212
f 805/1183/1212 819/2165/2372 834/2007/2171
f 834/2007/2171 827/2030/2195 844/788/792
f 844/788/792 843/983/996 818/1184/1213
f 803/873/881 855/361/364 805/1183/1212
f 805/1183/1212 834/2007/2171 844/788/792
f 818/1184/1213 803/873/881 805/1183/1212
f 1576/1342/1381 1579/2493/2972 1670/383/380
f 1664/382/379 1707/381/378 1945/2494/784
f 1576/1342/1381 1670/383/380 1664/382/379
f 1598/1534/2973 1587/2495/2974 1591/2496/2975
f 1591/2496/2975 1576/1342/1381 1664/382/379
f 1664/382/379 1945/2494/784 1957/782/786
f 1957/782/786 1946/781/785 2008/1880/2976
f 2008/1880/2976 1987/2497/2977 1679/1185/1214
f 1679/1185/1214 1663/1974/2127 1600/1186/1215
f 1600/1186/1215 1598/1534/2973 1591/2496/2975
f 1591/2496/2975 1664/382/379 1957/782/786
f 1957/782/786 2008/1880/2976 1679/1185/1214
f 1600/1186/1215 1591/2496/2975 1957/782/786
f 2014/1888/2978 2013/1886/2979 2012/1885/2980
f 2012/1885/2980 2029/1887/2981 1996/2498/2982
f 1996/2498/2982 1994/2499/2983 1995/1688/2984
f 1995/1688/2984 1964/1690/1779 1950/2500/2985
f 1950/2500/2985 1949/1813/2986 1936/1187/1216
f 1936/1187/1216 1935/225/2987 1933/227/2988
f 1922/1721/2989 1913/1723/2990 1901/1783/2991
f 1936/1187/1216 1933/227/2988 1922/1721/2989
f 1995/1688/2984 1950/2500/2985 1936/1187/1216
f 2012/1885/2980 1996/2498/2982 1995/1688/2984
f 2053/2342/2992 2030/2501/2993 2014/1888/2978
f 2012/1885/2980 1995/1688/2984 1936/1187/1216
f 2031/1189/1218 2053/2342/2992 2014/1888/2978
f 2014/1888/2978 2012/1885/2980 1936/1187/1216
f 1936/1187/1216 1922/1721/2989 1901/1783/2991
f 2040/1188/1217 2064/417/415 2063/304/308
f 1936/1187/1216 1901/1783/2991 2040/1188/1217
f 2031/1189/1218 2014/1888/2978 1936/1187/1216
f 2040/1188/1217 2063/304/308 2031/1189/1218
f 855/361/364 828/2403/2751 829/875/883
f 873/1192/1150 872/360/363 855/361/364
f 1227/1193/1221 1206/2502/2994 1170/1165/1194
f 1170/1165/1194 1171/1127/1156 1219/751/750
f 1035/1075/1098 1034/1074/1097 983/284/288
f 1272/1199/1228 1271/409/407 1248/1210/2995
f 1249/1197/1226 1241/1202/2996 1235/1204/1235
f 1272/1199/1228 1248/1210/2995 1249/1197/1226
f 1217/1370/1409 1273/1685/1774 1272/1199/1228
f 1204/1198/1227 1191/1371/1410 1217/1370/1409
f 1234/1205/1234 1182/994/1007 1204/1198/1227
f 1235/1204/1235 1234/1205/1234 1204/1198/1227
f 1204/1198/1227 1217/1370/1409 1272/1199/1228
f 1249/1197/1226 1235/1204/1235 1204/1198/1227
f 1212/1195/1224 1231/1208/2912 1239/1207/2997
f 1220/1200/1229 1193/2349/2675 1185/2348/2674
f 1220/1200/1229 1185/2348/2674 1211/956/967
f 1212/1195/1224 1239/1207/2997 1220/1200/1229
f 1220/1200/1229 1211/956/967 1221/1196/1225
f 1161/1201/1230 1141/1253/1282 1142/1147/1175
f 479/515/516 464/2328/2653 356/1594/1661
f 356/1594/1661 357/862/870 513/864/872
f 682/1644/1720 757/818/819 787/2383/2729
f 696/817/818 641/819/820 485/516/517
f 1750/1600/1671 682/1644/1720 787/2383/2729
f 696/817/818 485/516/517 479/515/516
f 1750/1600/1671 787/2383/2729 696/817/818
f 356/1594/1661 513/864/872 1796/1206/1236
f 479/515/516 356/1594/1661 1796/1206/1236
f 1796/1206/1236 1750/1600/1671 696/817/818
f 824/601/602 823/2350/2680 825/839/843
f 837/955/966 836/954/965 824/601/602
f 2120/2245/2998 2178/130/2999 2177/2045/2219
f 2177/2045/2219 2134/2044/2218 2099/1952/3000
f 2079/1113/1240 2078/1115/3001 2049/1912/3002
f 2177/2045/2219 2099/1952/3000 2079/1113/1240
f 2080/1212/1242 2100/2244/3003 2120/2245/2998
f 2120/2245/2998 2177/2045/2219 2079/1113/1240
f 2079/1113/1240 2049/1912/3002 2037/1211/1241
f 2037/1211/1241 2025/2503/3004 2080/1212/1242
f 2080/1212/1242 2120/2245/2998 2079/1113/1240
f 801/1220/1249 1568/2504/3005 797/805/807
f 1611/1545/1605 1609/1544/1604 1612/1218/1247
f 801/1220/1249 797/805/807 1611/1545/1605
f 1638/2393/2738 802/1870/1979 801/1220/1249
f 1647/1219/1248 1655/1576/1641 1638/2393/2738
f 1616/1553/1613 1620/1085/1108 1647/1219/1248
f 1612/1218/1247 1613/1546/1606 1616/1553/1613
f 801/1220/1249 1611/1545/1605 1612/1218/1247
f 1647/1219/1248 1638/2393/2738 801/1220/1249
f 1612/1218/1247 1616/1553/1613 1647/1219/1248
f 2390/2130/2330 2402/2129/3006 2328/2081/2265
f 2328/2081/2265 2323/2080/2264 2205/173/175
f 2154/172/174 2174/2251/2525 2141/1963/2109
f 2328/2081/2265 2205/173/175 2154/172/174
f 2362/2505/3007 2390/2130/2330 2328/2081/2265
f 2188/2506/340 2210/2028/2193 2362/2505/3007
f 2092/2507/3008 2129/335/342 2155/334/341
f 2155/334/341 2188/2506/340 2362/2505/3007
f 2362/2505/3007 2328/2081/2265 2154/172/174
f 2362/2505/3007 2154/172/174 2141/1963/2109
f 2092/2507/3008 2155/334/341 2362/2505/3007
f 2016/2508/3009 2059/2370/3010 2092/2507/3008
f 2002/1847/1957 2003/2164/3011 2016/2508/3009
f 1937/2509/3012 12/1848/1958 1969/2510/3013
f 2002/1847/1957 2016/2508/3009 2092/2507/3008
f 2092/2507/3008 2362/2505/3007 2141/1963/2109
f 2092/2507/3008 2141/1963/2109 2112/811/814
f 2002/1847/1957 2092/2507/3008 2112/811/814
f 2091/2382/2728 1865/499/502 1783/501/504
f 2002/1847/1957 2112/811/814 2091/2382/2728
f 1969/2510/3013 2002/1847/1957 2091/2382/2728
f 1783/501/504 1782/500/503 1706/2189/2406
f 1969/2510/3013 2091/2382/2728 1783/501/504
f 1904/2511/3014 1887/2512/3015 1937/2509/3012
f 1937/2509/3012 1969/2510/3013 1783/501/504
f 1706/2189/2406 1674/1591/1658 1668/1592/1659
f 1937/2509/3012 1783/501/504 1706/2189/2406
f 1628/146/148 1693/1649/1726 1904/2511/3014
f 1904/2511/3014 1937/2509/3012 1706/2189/2406
f 1706/2189/2406 1668/1592/1659 1685/2513/567
f 1650/564/566 1631/1569/1632 1605/2514/3016
f 1706/2189/2406 1685/2513/567 1650/564/566
f 1686/144/146 1628/146/148 1904/2511/3014
f 1599/1537/1597 1607/145/147 1686/144/146
f 1542/2167/2375 1572/349/354 1585/348/353
f 1532/2168/2376 1542/2167/2375 1585/348/353
f 1533/205/207 1540/2166/2374 1532/2168/2376
f 1518/1229/1257 1526/207/209 1524/206/208
f 1524/206/208 1533/205/207 1532/2168/2376
f 1510/2428/2789 1519/2091/2278 1518/1229/1257
f 1451/1381/3017 1470/1382/3018 1510/2428/2789
f 1443/584/585 1461/2429/3019 1451/1381/3017
f 1419/2360/2694 1425/2347/2793 1431/582/583
f 1431/582/583 1443/584/585 1451/1381/3017
f 1398/676/673 1419/2360/2694 1431/582/583
f 1430/1399/1444 1369/2515/3020 1398/676/673
f 1450/2516/3021 1442/2517/3022 1430/1399/1444
f 1522/2257/2549 1469/2256/3023 1450/2516/3021
f 1521/1455/3024 1514/1454/2550 1522/2257/2549
f 1509/2258/2552 1517/1453/2551 1521/1455/3024
f 1559/1228/1256 1516/2259/2553 1509/2258/2552
f 1569/2518/3025 1564/1914/2039 1559/1228/1256
f 1650/564/566 1605/2514/3016 1569/2518/3025
f 1904/2511/3014 1706/2189/2406 1650/564/566
f 1686/144/146 1904/2511/3014 1650/564/566
f 1650/564/566 1569/2518/3025 1559/1228/1256
f 1559/1228/1256 1509/2258/2552 1521/1455/3024
f 1522/2257/2549 1450/2516/3021 1430/1399/1444
f 1559/1228/1256 1521/1455/3024 1522/2257/2549
f 1686/144/146 1650/564/566 1559/1228/1256
f 1599/1537/1597 1686/144/146 1559/1228/1256
f 1559/1228/1256 1522/2257/2549 1430/1399/1444
f 1430/1399/1444 1398/676/673 1431/582/583
f 1430/1399/1444 1431/582/583 1451/1381/3017
f 1585/348/353 1599/1537/1597 1559/1228/1256
f 1532/2168/2376 1585/348/353 1559/1228/1256
f 1559/1228/1256 1430/1399/1444 1451/1381/3017
f 1559/1228/1256 1451/1381/3017 1510/2428/2789
f 1524/206/208 1532/2168/2376 1559/1228/1256
f 1559/1228/1256 1510/2428/2789 1518/1229/1257
f 2268/443/1259 2263/442/440 2296/1230/1258
f 2296/1230/1258 2309/1066/1089 2295/1068/1091
f 2295/1068/1091 2269/2057/2234 2268/443/1259
f 1325/1233/1262 1308/2519/3026 1303/1231/1260
f 1321/1232/1261 1329/529/531 1325/1233/1262
f 2233/1234/1263 2199/2520/3027 2234/1235/1264
f 1209/1149/1178 1117/1133/1162 1118/1135/1164
f 1210/1237/1266 1316/1268/1295 1268/1223/1252
f 1210/1237/1266 1268/1223/1252 1254/1222/1251
f 1209/1149/1178 1118/1135/1164 1210/1237/1266
f 1214/1239/1268 1195/1177/1206 1196/1077/1100
f 1214/1239/1268 1196/1077/1100 1222/1452/1502
f 1223/1240/1269 1199/894/903 1224/1238/1267
f 1214/1239/1268 1222/1452/1502 1223/1240/1269
f 933/971/982 941/2242/2503 955/1002/1016
f 636/717/3028 652/716/3029 635/354/357
f 635/354/357 651/356/359 691/753/767
f 691/753/767 690/768/766 726/1120/1148
f 726/1120/1148 738/2521/3030 725/773/778
f 711/772/3031 710/771/776 649/2522/3032
f 726/1120/1148 725/773/778 711/772/3031
f 691/753/767 726/1120/1148 711/772/3031
f 711/772/3031 649/2522/3032 650/1719/1806
f 634/1251/1280 15/1720/1807 585/2136/2334
f 711/772/3031 650/1719/1806 634/1251/1280
f 635/354/357 691/753/767 711/772/3031
f 623/2523/3033 636/717/3028 635/354/357
f 622/1252/1281 606/2135/2333 623/2523/3033
f 634/1251/1280 585/2136/2334 622/1252/1281
f 635/354/357 711/772/3031 634/1251/1280
f 622/1252/1281 623/2523/3033 635/354/357
f 1109/2241/2502 1099/836/840 1076/835/839
f 1076/835/839 1069/1714/1800 1042/1063/1086
f 1043/1064/1087 1022/1065/3034 1009/2524/3035
f 1076/835/839 1042/1063/1086 1043/1064/1087
f 1109/2241/2502 1076/835/839 1043/1064/1087
f 1043/1064/1087 1009/2524/3035 986/1155/1184
f 986/1155/1184 1023/1154/1183 1095/329/336
f 1095/329/336 1142/1147/1175 1141/1253/1282
f 1141/1253/1282 1161/1201/1230 1151/1456/1504
f 1130/2525/3036 1140/1145/1506 1129/1254/1283
f 1141/1253/1282 1151/1456/1504 1130/2525/3036
f 986/1155/1184 1095/329/336 1141/1253/1282
f 1109/2241/2502 1043/1064/1087 986/1155/1184
f 1109/2241/2502 986/1155/1184 1141/1253/1282
f 1141/1253/1282 1130/2525/3036 1129/1254/1283
f 1129/1254/1283 1083/1139/1168 1084/2090/2276
f 1084/2090/2276 1085/1998/2161 1108/153/155
f 1084/2090/2276 1108/153/155 1119/155/157
f 1120/154/156 1109/2241/2502 1141/1253/1282
f 1129/1254/1283 1084/2090/2276 1119/155/157
f 1119/155/157 1120/154/156 1141/1253/1282
f 1455/1259/1288 1465/36/772 1476/1257/1286
f 1476/1257/1286 1475/2475/3037 1464/1258/1287
f 771/1017/1031 793/1937/2067 770/1261/1290
f 770/1261/1290 664/1126/1153 723/547/549
f 706/1262/1291 754/546/548 1696/2340/2664
f 770/1261/1290 723/547/549 706/1262/1291
f 1711/1018/1032 771/1017/1031 770/1261/1290
f 706/1262/1291 1696/2340/2664 1711/1018/1032
f 1316/1268/1295 1326/1486/1539 1299/1247/1276
f 162/193/195 174/215/217 169/224/226
f 254/133/135 253/319/1453 245/1286/1315
f 1895/1769/3038 1842/243/245 1831/242/244
f 1831/242/244 1843/2406/3039 1873/886/1317
f 1873/886/1317 1896/888/897 1882/1288/1318
f 1882/1288/1318 1895/1769/3038 1831/242/244
f 1169/953/1335 1301/1264/2630 1266/1225/1254
f 1266/1225/1254 1251/1224/1253 1236/1300/1334
f 9/2157/2358 2077/2526/3040 2096/1304/1339
f 2095/1305/1340 10/2527/3041 2076/1306/1341
f 2076/1306/1341 9/2157/2358 2096/1304/1339
f 1417/1309/1344 1348/1419/1467 1375/1307/1342
f 1375/1307/1342 1385/2528/3042 1391/2529/3043
f 1404/1308/1343 1418/1353/3044 1417/1309/1344
f 1375/1307/1342 1391/2529/3043 1404/1308/1343
f 1309/1280/1311 1287/2255/2539 1294/522/524
f 1447/1319/1356 1397/1335/2545 1403/1318/1355
f 1403/1318/1355 1439/1391/3045 1448/1098/1123
f 1979/2089/2275 1859/1732/3046 1830/1646/3047
f 1747/1653/3048 1730/1638/3049 1731/1639/3050
f 1979/2089/2275 1830/1646/3047 1747/1653/3048
f 2048/1745/3051 1972/2088/2273 1979/2089/2275
f 1988/1294/3052 2036/1295/3053 2048/1745/3051
f 2025/2503/3004 2037/1211/1241 1988/1294/3052
f 2100/2244/2506 2080/1212/1242 2025/2503/3004
f 2010/687/685 2026/686/2507 2100/2244/2506
f 1900/1768/1880 1916/1803/1909 1927/1802/1908
f 1927/1802/1908 2010/687/685 2100/2244/2506
f 1927/1802/1908 2100/2244/2506 2025/2503/3004
f 1842/243/3054 1895/1769/3055 1900/1768/1880
f 1900/1768/1880 1927/1802/1908 2025/2503/3004
f 1988/1294/3052 2048/1745/3051 1979/2089/2275
f 1900/1768/1880 2025/2503/3004 1988/1294/3052
f 1792/244/1359 1842/243/3054 1900/1768/1880
f 1805/2530/3056 1831/242/3057 1792/244/1359
f 731/1321/1358 786/2531/3058 1805/2530/3056
f 674/672/670 717/2532/669 731/1321/1358
f 639/2533/1063 656/2534/734 674/672/670
f 624/2425/2785 588/526/528 613/525/527
f 639/2533/1063 674/672/670 731/1321/1358
f 624/2425/2785 613/525/527 639/2533/1063
f 607/669/667 587/668/666 624/2425/2785
f 623/2523/3033 586/1927/2056 607/669/667
f 637/728/3059 636/717/3028 623/2523/3033
f 667/731/3060 638/2175/3061 637/728/3059
f 668/732/3062 655/730/3063 654/729/3064
f 654/729/3064 667/731/3060 637/728/3059
f 637/728/3059 623/2523/3033 607/669/667
f 607/669/667 624/2425/2785 639/2533/1063
f 731/1321/1358 1805/2530/3056 1792/244/1359
f 607/669/667 639/2533/1063 731/1321/1358
f 654/729/3064 637/728/3059 607/669/667
f 672/736/3065 669/733/3066 668/732/3062
f 668/732/3062 654/729/3064 607/669/667
f 672/736/3065 668/732/3062 607/669/667
f 681/754/3067 680/744/3068 672/736/3065
f 695/74/76 694/756/3069 681/754/3067
f 673/777/2133 716/75/77 695/74/76
f 743/814/3070 742/813/2134 673/777/2133
f 1701/1614/3071 756/816/3072 743/814/3070
f 1733/1654/3073 1718/858/3074 785/1628/3075
f 785/1628/3075 1701/1614/3071 743/814/3070
f 1734/1655/1736 1733/1654/3073 785/1628/3075
f 1735/1320/1357 1749/1657/1737 1734/1655/1736
f 1759/1663/3076 1758/1269/3077 1735/1320/1357
f 1760/1664/1749 1759/1663/3076 1735/1320/1357
f 1735/1320/1357 1734/1655/1736 785/1628/3075
f 1772/1665/1750 1760/1664/1749 1735/1320/1357
f 1719/856/3078 1771/1270/3079 1791/1668/3080
f 1732/2400/2747 1719/856/3078 1791/1668/3080
f 714/2535/3081 1717/857/863 1732/2400/2747
f 728/775/3082 740/774/779 714/2535/3081
f 713/435/433 692/1615/1684 728/775/3082
f 761/860/866 727/436/434 713/435/433
f 1700/1623/3083 774/859/865 784/861/3084
f 784/861/3084 761/860/866 713/435/433
f 713/435/433 728/775/3082 714/2535/3081
f 714/2535/3081 1732/2400/2747 1791/1668/3080
f 713/435/433 714/2535/3081 1791/1668/3080
f 1700/1623/3083 784/861/3084 713/435/433
f 1731/1639/3050 1715/1640/3085 1716/1624/3086
f 1716/1624/3086 1700/1623/3083 713/435/433
f 1716/1624/3086 713/435/433 1791/1668/3080
f 1979/2089/2275 1747/1653/3048 1731/1639/3050
f 1731/1639/3050 1716/1624/3086 1791/1668/3080
f 1979/2089/2275 1731/1639/3050 1791/1668/3080
f 1900/1768/1880 1988/1294/3052 1979/2089/2275
f 681/754/3067 672/736/3065 607/669/667
f 695/74/76 681/754/3067 607/669/667
f 695/74/76 607/669/667 731/1321/1358
f 673/777/2133 695/74/76 731/1321/1358
f 1792/244/1359 1900/1768/1880 1979/2089/2275
f 1979/2089/2275 1791/1668/3080 1772/1665/1750
f 1792/244/1359 1979/2089/2275 1772/1665/1750
f 743/814/3070 673/777/2133 731/1321/1358
f 785/1628/3075 743/814/3070 731/1321/1358
f 1792/244/1359 1772/1665/1750 1735/1320/1357
f 1735/1320/1357 785/1628/3075 731/1321/1358
f 1457/257/260 1467/2270/2578 1477/35/1360
f 1536/2430/2792 1604/1541/1601 1603/1325/1363
f 1603/1325/1363 1606/1542/3087 1608/554/3088
f 1608/554/3088 1629/553/3089 1694/1650/1727
f 1694/1650/1727 1693/1649/1726 1628/146/148
f 1628/146/148 1607/145/147 1601/1326/1364
f 1601/1326/1364 1599/1537/1597 1585/348/353
f 1580/347/352 1572/349/354 1542/2167/2375
f 1601/1326/1364 1585/348/353 1580/347/352
f 1694/1650/1727 1628/146/148 1601/1326/1364
f 1603/1325/1363 1608/554/3088 1694/1650/1727
f 1533/205/207 1536/2430/2792 1603/1325/1363
f 1556/1327/1365 1540/2166/2374 1533/205/207
f 1580/347/352 1542/2167/2375 1556/1327/1365
f 1603/1325/1363 1694/1650/1727 1601/1326/1364
f 1556/1327/1365 1533/205/207 1603/1325/1363
f 1601/1326/1364 1580/347/352 1556/1327/1365
f 898/904/913 880/903/912 869/186/188
f 969/1328/1366 929/1360/1399 930/1329/1367
f 1811/1336/1374 1829/1733/3090 1859/1732/3091
f 1859/1732/3091 1841/1731/3092 1803/2536/3093
f 1820/1337/1375 1789/1681/3094 1790/2127/2326
f 1859/1732/3091 1803/2536/3093 1820/1337/1375
f 1770/1338/1376 1804/1872/3095 1811/1336/1374
f 1811/1336/1374 1859/1732/3091 1820/1337/1375
f 1820/1337/1375 1790/2127/2326 1770/1338/1376
f 332/393/1377 345/2441/2840 697/852/857
f 1751/1341/1380 1752/1659/1739 1763/1672/3096
f 1762/1339/1378 1775/1700/1789 1761/1340/1379
f 1751/1341/1380 1763/1672/3096 1762/1339/1378
f 1761/1340/1379 1722/1658/1738 1751/1341/1380
f 1576/1342/1381 1591/2496/2975 1587/2495/2974
f 1587/2495/2974 1582/2399/2742 1578/1343/1382
f 1578/1343/1382 1573/842/846 1570/1344/1383
f 1570/1344/1383 1579/2493/2972 1576/1342/1381
f 1576/1342/1381 1587/2495/2974 1578/1343/1382
f 2481/1345/1384 2476/2202/2428 2477/1346/1385
f 2477/1346/1385 2478/440/438 2483/439/437
f 2485/1347/1386 2486/1433/1481 2481/1345/1384
f 2477/1346/1385 2483/439/437 2485/1347/1386
f 39/1348/1388 49/2537/3097 52/1137/1166
f 48/1136/1165 47/2486/2959 44/27/1387
f 39/1348/1388 52/1137/1166 48/1136/1165
f 44/27/1387 38/26/2146 39/1348/1388
f 897/1349/1389 909/1004/1018 896/1053/1075
f 241/2538/3098 236/2539/3099 237/1357/1396
f 237/1357/1396 250/1518/1578 249/1358/1397
f 249/1358/1397 258/325/3100 268/1359/1398
f 268/1359/1398 241/2538/3098 237/1357/1396
f 929/1360/1399 908/942/3101 916/919/929
f 475/1361/1400 471/645/641 517/924/934
f 2443/1042/1060 2444/2182/3102 2448/1363/1402
f 937/1365/1404 936/2540/1484 1101/896/905
f 1228/1374/1413 1207/1401/1446 1172/1372/1411
f 1172/1372/1411 1137/1141/1170 1208/1373/1412
f 365/592/593 372/591/592 230/2541/2267
f 230/2541/2267 223/2542/2266 218/2543/3103
f 218/2543/3103 205/1807/1913 192/1808/1914
f 192/1808/1914 189/2544/1473 131/479/480
f 124/481/482 111/972/983 120/973/984
f 192/1808/1914 131/479/480 124/481/482
f 230/2541/2267 218/2543/3103 192/1808/1914
f 573/2227/2458 572/28/31 365/592/593
f 365/592/593 230/2541/2267 192/1808/1914
f 192/1808/1914 124/481/482 120/973/984
f 120/973/984 56/62/64 52/1137/1166
f 52/1137/1166 49/2537/3097 62/2545/3104
f 52/1137/1166 62/2545/3104 60/2546/3105
f 365/592/593 192/1808/1914 120/973/984
f 120/973/984 52/1137/1166 60/2546/3105
f 69/2547/3106 68/2548/3107 113/2549/3108
f 120/973/984 60/2546/3105 69/2547/3106
f 573/2227/2458 365/592/593 120/973/984
f 614/700/698 608/673/671 590/29/3109
f 590/29/3109 573/2227/2458 120/973/984
f 120/973/984 69/2547/3106 113/2549/3108
f 113/2549/3108 108/2550/3110 208/1375/1414
f 208/1375/1414 206/2551/3111 786/2531/3058
f 786/2531/3058 731/1321/1358 717/671/669
f 658/670/668 657/738/735 640/710/711
f 208/1375/1414 786/2531/3058 717/671/669
f 658/670/668 640/710/711 609/701/699
f 208/1375/1414 717/671/669 658/670/668
f 120/973/984 113/2549/3108 208/1375/1414
f 614/700/698 590/29/3109 120/973/984
f 208/1375/1414 658/670/668 609/701/699
f 609/701/699 614/700/698 120/973/984
f 1680/1380/1419 1676/1597/1664 1689/1378/1417
f 1689/1378/1417 1740/1508/1566 1675/1379/1418
f 1675/1379/1418 1671/2552/2961 1680/1380/1419
f 1451/1381/1420 1461/2429/3112 1471/1019/1421
f 1056/1383/1423 1067/1093/1118 1059/1092/1117
f 1059/1092/1117 1063/459/459 1019/947/957
f 1019/947/957 1000/2472/2898 1056/1383/1423
f 1888/2553/3113 1828/1549/1609 1691/1384/461
f 1691/1384/461 1741/270/273 1810/269/96
f 1691/1384/461 1810/269/96 1817/1729/1820
f 1889/1755/1853 1888/2553/3113 1691/1384/461
f 1867/1386/1425 1878/1758/3114 1866/1756/1854
f 1866/1756/1854 1889/1755/1853 1691/1384/461
f 1691/1384/461 1817/1729/1820 1839/1385/1424
f 1839/1385/1424 1868/1477/1528 1867/1386/1425
f 1867/1386/1425 1866/1756/1854 1691/1384/461
f 2086/1387/1426 2087/1521/1581 2125/20/23
f 1716/1624/3115 1715/1640/3116 1714/1389/1428
f 1714/1389/1428 783/1460/1510 739/1119/1147
f 739/1119/1147 690/768/766 712/437/3117
f 712/437/3117 727/436/434 761/860/866
f 774/859/865 1700/1623/3083 1699/1622/3118
f 712/437/3117 761/860/866 774/859/865
f 1699/1622/3118 1716/1624/3115 1714/1389/1428
f 739/1119/1147 712/437/3117 774/859/865
f 774/859/865 1699/1622/3118 1714/1389/1428
f 986/1155/1184 1009/2524/3035 974/1390/1429
f 2304/247/249 2289/246/248 2305/901/1431
f 1769/2554/2395 1872/2555/3119 1926/152/154
f 1926/152/154 2169/151/153 2146/2233/3120
f 2146/2233/3120 2133/97/99 2117/998/1011
f 2117/998/1011 1742/2426/2787 1788/2556/3121
f 1788/2556/3121 1768/2134/2332 1713/1397/1438
f 1713/1397/1438 1769/2554/2395 1926/152/154
f 1926/152/154 2146/2233/3120 2117/998/1011
f 2117/998/1011 1788/2556/3121 1713/1397/1438
f 1460/1395/3122 1441/1023/3123 1418/1353/3124
f 1409/1352/1442 1404/1308/3125 1391/2529/3043
f 1460/1395/3122 1418/1353/3124 1409/1352/1442
f 1450/2516/3126 1469/2256/3127 1460/1395/3122
f 1442/2517/3022 1450/2516/3126 1460/1395/3122
f 1442/2517/3022 1460/1395/3122 1409/1352/1442
f 1366/1398/1443 1369/2515/3020 1430/1399/1444
f 1391/2529/3043 1385/2528/3042 1366/1398/1443
f 1430/1399/1444 1442/2517/3022 1409/1352/1442
f 1409/1352/1442 1391/2529/3043 1366/1398/1443
f 1237/1400/1445 1252/45/3128 1207/1401/1446
f 1530/521/522 1499/1084/1107 1534/457/457
f 1597/2386/2735 1479/838/842 1595/2557/3129
f 1595/2557/3129 1633/2558/1619 1636/188/190
f 1595/2557/3129 1636/188/190 1632/190/192
f 1675/2388/1418 1597/2386/2735 1595/2557/3129
f 1646/1574/1640 1671/2489/2961 1675/2388/1418
f 1653/1406/1451 1645/1565/3130 796/1573/1639
f 796/1573/1639 1646/1574/1640 1675/2388/1418
f 1675/2388/1418 1595/2557/3129 1632/190/192
f 1641/189/191 1637/1571/1209 1666/2559/2962
f 1675/2388/1418 1632/190/192 1641/189/191
f 796/1573/1639 1675/2388/1418 1641/189/191
f 1641/189/191 1666/2559/2962 1660/1405/1450
f 1660/1405/1450 1652/1564/1623 1653/1406/1451
f 1653/1406/1451 796/1573/1639 1641/189/191
f 266/339/346 265/338/345 264/1407/1452
f 264/1407/1452 278/2431/2795 253/319/1453
f 253/319/1453 254/133/135 266/339/346
f 419/718/717 405/512/513 435/511/512
f 483/573/576 516/2451/2853 523/2450/2852
f 483/573/576 523/2450/2852 497/2069/2253
f 469/2560/3131 474/574/3132 483/573/576
f 427/1356/1395 451/1355/1394 469/2560/3131
f 394/59/61 398/2462/2882 411/1413/1459
f 411/1413/1459 427/1356/1395 469/2560/3131
f 483/573/576 497/2069/2253 482/1412/1458
f 411/1413/1459 469/2560/3131 483/573/576
f 387/469/888 394/59/61 411/1413/1459
f 393/949/959 392/879/887 387/469/888
f 482/1412/1458 488/2068/2252 393/949/959
f 411/1413/1459 483/573/576 482/1412/1458
f 393/949/959 387/469/888 411/1413/1459
f 764/849/1462 776/846/3133 763/831/1460
f 763/831/1460 744/830/3134 758/1414/1461
f 758/1414/1461 765/847/3135 764/849/1462
f 1581/1504/1562 1584/1506/1564 1626/2561/1585
f 1626/2561/1585 2007/1169/1198 2006/1416/1464
f 2006/1416/1464 1548/2209/2437 1547/455/455
f 1547/455/455 1544/1857/1968 1553/1417/1465
f 1545/882/891 1555/297/301 1554/1418/1466
f 1554/1418/1466 1557/1484/1535 1574/1505/1563
f 1581/1504/1562 1626/2561/1585 2006/1416/1464
f 1554/1418/1466 1574/1505/1563 1581/1504/1562
f 1553/1417/1465 1545/882/891 1554/1418/1466
f 2006/1416/1464 1547/455/455 1553/1417/1465
f 1554/1418/1466 1581/1504/1562 2006/1416/1464
f 1348/1419/1467 1338/1845/1955 1349/1420/1468
f 858/1121/1149 874/960/971 890/1421/1469
f 890/1421/1469 901/2562/2617 872/1122/363
f 881/1422/1470 858/1121/1149 890/1421/1469
f 527/661/658 552/660/657 512/2159/2361
f 527/661/658 512/2159/2361 472/2205/2432
f 572/28/31 589/30/33 527/661/658
f 227/2084/2268 230/2083/2267 372/591/592
f 372/591/592 572/28/31 527/661/658
f 527/661/658 472/2205/2432 468/571/573
f 468/571/573 486/474/474 350/1089/1114
f 468/571/573 350/1089/1114 231/1091/1116
f 372/591/592 527/661/658 468/571/573
f 227/2084/2268 372/591/592 468/571/573
f 227/2084/2268 468/571/573 231/1091/1116
f 205/2563/1913 218/2564/3103 223/2565/2266
f 223/2565/2266 227/2084/2268 231/1091/1116
f 217/1423/1471 210/2300/2611 188/2302/2613
f 223/2565/2266 231/1091/1116 217/1423/1471
f 189/1425/1473 205/2563/1913 223/2565/2266
f 129/480/481 131/479/480 189/1425/1473
f 111/972/983 124/481/482 129/480/481
f 67/60/62 56/62/64 111/972/983
f 44/27/3136 47/2486/2959 55/61/63
f 55/61/63 67/60/62 111/972/983
f 55/61/63 111/972/983 129/480/481
f 43/2368/27 44/27/3136 55/61/63
f 79/2369/2708 87/693/691 43/2368/27
f 123/694/692 79/2369/2708 43/2368/27
f 43/2368/27 55/61/63 129/480/481
f 189/1425/1473 223/2565/2266 217/1423/1471
f 43/2368/27 129/480/481 189/1425/1473
f 185/1424/1472 123/694/692 43/2368/27
f 188/2302/2613 182/315/319 185/1424/1472
f 185/1424/1472 43/2368/27 189/1425/1473
f 217/1423/1471 188/2302/2613 185/1424/1472
f 816/561/563 809/1482/1534 814/1430/1478
f 822/2128/2327 824/601/602 830/2566/1769
f 833/984/998 816/561/563 814/1430/1478
f 814/1430/1478 822/2128/2327 830/2566/1769
f 830/2566/1769 820/1982/2139 813/874/882
f 821/1431/1479 803/873/881 817/2492/2971
f 830/2566/1769 813/874/882 821/1431/1479
f 817/2492/2971 818/1184/1213 833/984/998
f 814/1430/1478 830/2566/1769 821/1431/1479
f 821/1431/1479 817/2492/2971 833/984/998
f 936/1435/1484 937/2488/1404 948/1175/1204
f 948/1175/1204 965/1060/1083 947/1434/1483
f 1481/1404/3137 1485/1403/1448 1491/1775/3138
f 1494/1774/3139 1497/2567/3140 1508/1440/1488
f 1481/1404/3137 1491/1775/3138 1494/1774/3139
f 1428/1934/2064 1462/1402/3141 1481/1404/3137
f 1413/1447/1497 1414/1935/2065 1428/1934/2064
f 1437/1410/3142 1436/2568/3143 1413/1447/1497
f 1480/1411/3144 1437/1410/3142 1413/1447/1497
f 1413/1447/1497 1428/1934/2064 1481/1404/3137
f 1494/1774/3139 1508/1440/1488 1511/1439/1490
f 1413/1447/1497 1481/1404/3137 1494/1774/3139
f 1489/1426/1474 1480/1411/3144 1413/1447/1497
f 1528/2398/2741 1498/1427/1475 1489/1426/1474
f 1511/1439/1490 1527/1860/1970 1528/2398/2741
f 1413/1447/1497 1494/1774/3139 1511/1439/1490
f 1511/1439/1490 1528/2398/2741 1489/1426/1474
f 1993/1448/1498 1992/1859/3145 1962/1449/1499
f 1215/1451/1501 1223/1240/1269 1222/1452/1502
f 1140/1145/1506 1130/2525/3036 1151/1456/1504
f 1151/1456/1504 1160/993/1006 1150/1146/1505
f 1352/1289/1319 1382/1936/2066 1346/2385/2731
f 1377/832/836 1400/65/3146 1406/2229/3147
f 1331/2569/3148 1352/1289/1319 1346/2385/2731
f 1346/2385/2731 1377/832/836 1406/2229/3147
f 1322/1523/1583 1331/2569/3148 1346/2385/2731
f 1289/1255/3149 1297/1256/1285 1296/1266/1293
f 1296/1266/1293 1322/1523/1583 1346/2385/2731
f 1296/1266/1293 1346/2385/2731 1406/2229/3147
f 1277/2570/3150 1285/1485/2113 1289/1255/3149
f 1289/1255/3149 1296/1266/1293 1406/2229/3147
f 1276/1955/2097 1277/2570/3150 1289/1255/3149
f 1238/600/3151 1253/1956/2098 1276/1955/2097
f 1116/598/3152 1173/1867/1977 1154/1866/1976
f 1154/1866/1976 1238/600/3151 1276/1955/2097
f 1276/1955/2097 1289/1255/3149 1406/2229/3147
f 1154/1866/1976 1276/1955/2097 1406/2229/3147
f 1115/232/234 1116/598/3152 1154/1866/1976
f 1208/2571/1412 1137/1141/1170 1134/1140/1169
f 1134/1140/1169 1115/232/234 1154/1866/1976
f 1134/1140/1169 1154/1866/1976 1406/2229/3147
f 1237/1400/1445 1228/2572/1413 1208/2571/1412
f 1208/2571/1412 1134/1140/1169 1406/2229/3147
f 1237/1400/1445 1208/2571/1412 1406/2229/3147
f 1339/81/83 1314/47/49 1315/46/48
f 1315/46/48 1237/1400/1445 1406/2229/3147
f 1315/46/48 1406/2229/3147 1413/1447/3153
f 1330/82/84 1339/81/83 1315/46/48
f 1376/221/3154 1360/80/3155 1330/82/84
f 1525/2101/2293 1474/2573/3156 1483/2574/3157
f 1330/82/84 1315/46/48 1413/1447/3153
f 1436/2568/3158 1437/1410/3159 1484/1409/3160
f 1376/221/3154 1330/82/84 1413/1447/3153
f 1436/2568/3158 1484/1409/3160 1486/1415/3161
f 1376/221/3154 1413/1447/3153 1436/2568/3158
f 1525/2101/2293 1483/2574/3157 1376/221/3154
f 1586/2575/3162 1589/2576/3163 1525/2101/2293
f 2407/2577/2748 2373/2231/2472 1970/2230/2471
f 2345/1620/3164 2365/2109/3165 2421/2138/2337
f 2167/2578/3166 2280/1619/1691 2354/1618/1690
f 2354/1618/1690 2345/1620/3164 2421/2138/2337
f 1525/2101/2293 1376/221/3154 1436/2568/3158
f 1486/1415/3161 1480/1411/3167 1489/1426/3168
f 1525/2101/2293 1436/2568/3158 1486/1415/3161
f 1486/1415/3161 1489/1426/3168 1496/1428/1476
f 1496/1428/1476 1498/1427/1475 1528/2398/2741
f 1571/2397/2740 1566/843/847 1582/2399/2742
f 1486/1415/3161 1496/1428/1476 1528/2398/2741
f 1525/2101/2293 1486/1415/3161 1528/2398/2741
f 1528/2398/2741 1571/2397/2740 1582/2399/2742
f 1582/2399/2742 1587/2495/2974 1598/1534/2973
f 1602/1533/2128 1663/1974/2127 1679/1185/1214
f 1582/2399/2742 1598/1534/2973 1602/1533/2128
f 1525/2101/2293 1528/2398/2741 1582/2399/2742
f 1586/2575/3162 1525/2101/2293 1582/2399/2742
f 1602/1533/2128 1679/1185/1214 1987/2497/2977
f 1586/2575/3162 1582/2399/2742 1602/1533/2128
f 1970/2230/2471 1586/2575/3162 1602/1533/2128
f 1987/2497/2977 2142/2012/3169 2249/2014/2178
f 2249/2014/2178 2212/2013/2177 2324/2579/3170
f 1987/2497/2977 2249/2014/2178 2324/2579/3170
f 1970/2230/2471 1602/1533/2128 1987/2497/2977
f 1853/1550/1610 1888/2553/3113 2167/2578/3166
f 1802/2580/3171 1816/1548/1608 1815/2581/3172
f 1815/2581/3172 1853/1550/1610 2167/2578/3166
f 1970/2230/2471 1987/2497/2977 2324/2579/3170
f 2407/2577/2748 1970/2230/2471 2324/2579/3170
f 1784/1509/1567 1802/2580/3171 1815/2581/3172
f 1728/2582/1407 1688/1367/1406 1784/1509/1567
f 1727/1539/1599 1728/2582/1407 1784/1509/1567
f 1784/1509/1567 1815/2581/3172 2167/2578/3166
f 2407/2577/2748 2324/2579/3170 2374/1151/1180
f 2395/1825/3173 2408/2149/3174 2417/2150/3175
f 2407/2577/2748 2374/1151/1180 2395/1825/3173
f 1727/1539/1599 1784/1509/1567 2167/2578/3166
f 1596/2389/2733 1665/1538/1598 1658/2583/1600
f 1658/2583/1600 1727/1539/1599 2167/2578/3166
f 2421/2138/2337 2407/2577/2748 2395/1825/3173
f 2417/2150/3175 2409/1824/3176 2396/2584/3177
f 2421/2138/2337 2395/1825/3173 2417/2150/3175
f 1658/2583/1600 2167/2578/3166 2354/1618/1690
f 1590/1459/1509 1596/2389/2733 1658/2583/1600
f 1561/1605/1675 1565/1498/1556 1590/1459/1509
f 1513/1443/1493 1520/2479/2923 1558/2478/2922
f 1558/2478/2922 1561/1605/1675 1590/1459/1509
f 1590/1459/1509 1658/2583/1600 2354/1618/1690
f 2354/1618/1690 2421/2138/2337 2417/2150/3175
f 2354/1618/1690 2417/2150/3175 2396/2584/3177
f 1513/1443/1493 1558/2478/2922 1590/1459/1509
f 1512/1441/1491 1513/1443/1493 1590/1459/1509
f 2354/1618/1690 2396/2584/3177 2375/2585/3178
f 2375/2585/3178 2353/1823/1930 2352/1152/1181
f 2352/1152/1181 2250/1236/3179 2234/1235/3180
f 2234/1235/3180 2199/2520/3181 2189/1609/1679
f 2175/1608/1678 2166/1607/3182 2008/1880/2976
f 2234/1235/3180 2189/1609/1679 2175/1608/1678
f 2375/2585/3178 2352/1152/1181 2234/1235/3180
f 1463/2476/2920 1505/2477/2921 1506/1442/1492
f 1378/833/837 1453/1741/1838 1452/2586/3183
f 1452/2586/3183 1463/2476/2920 1506/1442/1492
f 1452/2586/3183 1506/1442/1492 1512/1441/1491
f 1381/834/838 1378/833/837 1452/2586/3183
f 1407/67/69 1401/1331/3184 1395/1332/3185
f 1395/1332/3185 1381/834/838 1452/2586/3183
f 1452/2586/3183 1512/1441/1491 1590/1459/1509
f 2354/1618/1690 2375/2585/3178 2234/1235/3180
f 2354/1618/1690 2234/1235/3180 2175/1608/1678
f 1407/67/69 1395/1332/3185 1452/2586/3183
f 1462/1402/1447 1428/1934/2064 1407/67/69
f 1491/1775/3138 1485/1403/1448 1462/1402/1447
f 1508/1440/1488 1497/2567/3186 1492/1773/3187
f 1492/1773/3187 1491/1775/3138 1462/1402/1447
f 1462/1402/1447 1407/67/69 1452/2586/3183
f 2354/1618/1690 2175/1608/1678 2008/1880/2976
f 2008/1880/2976 1946/781/785 1945/780/784
f 1945/780/784 1707/381/378 1670/383/380
f 1590/1459/1509 2354/1618/1690 2008/1880/2976
f 1492/1773/3187 1462/1402/1447 1452/2586/3183
f 1502/1437/1489 1508/1440/1488 1492/1773/3187
f 1511/1439/1490 1502/1437/1489 1492/1773/3187
f 1590/1459/1509 2008/1880/2976 1945/780/784
f 1590/1459/1509 1945/780/784 1670/383/380
f 1511/1439/1490 1492/1773/3187 1452/2586/3183
f 1527/1860/1970 1511/1439/1490 1452/2586/3183
f 1590/1459/1509 1670/383/380 1579/2493/2972
f 1570/1344/1383 1573/842/846 1549/1457/1507
f 1590/1459/1509 1579/2493/2972 1570/1344/1383
f 1527/1860/1970 1452/2586/3183 1590/1459/1509
f 1549/1457/1507 1539/841/845 1531/1458/1508
f 1531/1458/1508 1527/1860/1970 1590/1459/1509
f 1590/1459/1509 1570/1344/1383 1549/1457/1507
f 759/823/1512 699/2454/2868 718/1462/1513
f 926/1463/1515 1224/1238/1267 1199/894/903
f 927/2407/2759 1101/896/905 936/1435/1484
f 926/1463/1515 1199/894/903 927/2407/2759
f 964/1062/1085 946/2587/2899 926/1463/1515
f 936/1435/1484 947/1434/1483 964/1062/1085
f 926/1463/1515 927/2407/2759 936/1435/1484
f 1025/1464/1516 1036/2434/2808 1024/1465/1517
f 1024/1465/1517 987/2588/1182 974/1466/1429
f 788/2443/2711 1797/2373/3188 359/1467/1518
f 359/1467/1518 353/1163/1192 375/1468/1519
f 379/1469/1520 788/2443/2711 359/1467/1518
f 238/1470/1521 245/1286/1315 253/319/1453
f 77/1471/1522 81/72/74 70/71/73
f 70/71/73 51/54/56 58/56/58
f 58/56/58 64/1797/1903 77/1471/1522
f 1179/656/653 1146/893/902 1189/926/936
f 1624/1086/1109 1623/1555/1614 1630/1162/3189
f 1630/1162/3189 1625/1767/3190 1635/1475/1526
f 1635/1475/1526 1647/2589/1248 1620/1085/1108
f 1635/1475/1526 1620/1085/1108 1627/1087/1110
f 1624/1086/1109 1630/1162/3189 1635/1475/1526
f 1854/1478/1529 1869/1743/1842 1891/1476/1527
f 1891/1476/1527 1867/1386/1425 1868/1477/1528
f 781/1479/1530 708/1938/2068 737/1480/1531
f 737/1480/1531 724/2590/2062 1713/1397/1438
f 1713/1397/1438 1768/2134/2332 781/1479/1530
f 1014/1051/1532 992/1034/3191 1015/1481/1533
f 1160/993/1006 1168/1687/1776 1191/1371/1410
f 1191/1371/1410 1204/1198/1227 1182/994/1007
f 801/1220/1249 802/1870/1979 809/1482/1534
f 809/1482/1534 816/561/563 804/560/562
f 448/432/430 452/2321/2643 437/1040/1058
f 1290/1246/1536 1291/1245/3192 1289/1255/1537
f 1326/1486/1539 1316/1268/1295 1333/1487/1540
f 1862/1489/1543 1903/1772/3193 2015/1514/3194
f 2043/1899/3195 2070/1948/3196 2110/639/1541
f 1862/1489/1543 2015/1514/3194 2043/1899/3195
f 2069/1488/1542 1902/1676/1767 1862/1489/1543
f 2110/639/1541 2109/1961/2105 2069/1488/1542
f 1862/1489/1543 2043/1899/3195 2110/639/1541
f 1795/1490/1544 1794/1679/3197 1774/1491/1545
f 1410/1492/1546 1405/340/347 1420/84/1547
f 414/493/494 416/2326/2650 430/509/1551
f 430/509/1551 429/508/3198 428/1494/1552
f 2502/1495/1553 2509/407/405 2508/1496/1554
f 1577/1497/1555 1590/1459/1509 1565/1498/1556
f 1286/1248/1277 1292/1250/1279 1304/1500/1558
f 2454/1043/1061 2464/2183/2399 2463/463/463
f 2067/278/281 2107/1106/1131 2066/1502/1560
f 2066/1502/1560 2056/1105/2869 2057/1503/1561
f 1784/1509/1567 1688/1603/1406 794/1507/1565
f 794/1507/1565 1675/1379/1418 1740/1508/1566
f 2131/2591/3199 2113/1973/3200 2144/614/3201
f 2131/2591/3199 2144/614/3201 2168/613/1568
f 2214/1510/1569 2251/965/3202 2235/1511/1570
f 2235/1511/1570 2131/2591/3199 2168/613/1568
f 2015/1514/1573 1903/1772/3203 1877/1515/1574
f 958/539/541 995/853/3204 994/855/1056
f 933/971/982 939/987/2349 932/969/980
f 250/1518/1578 272/332/339 284/2304/3205
f 271/1737/3206 270/326/334 259/327/333
f 250/1518/1578 284/2304/3205 271/1737/3206
f 258/325/1577 249/1358/3207 250/1518/1578
f 250/1518/1578 271/1737/3206 259/327/333
f 499/1520/1580 491/1975/2129 475/1361/1400
f 475/1361/1400 509/1362/3208 526/1519/1579
f 2069/1488/1542 2109/1961/2105 2087/1521/1581
f 1296/1266/1293 1298/1267/1294 1312/1522/1582
f 790/2592/3209 791/808/810 1704/1633/1701
f 1703/1632/3210 1736/709/3211 1764/708/1588
f 790/2592/3209 1704/1633/1701 1703/1632/3210
f 1982/1851/2638 1981/416/414 790/2592/3209
f 1951/1831/3212 1966/1830/3213 1965/1852/3214
f 1965/1852/3214 1982/1851/2638 790/2592/3209
f 790/2592/3209 1703/1632/3210 1764/708/1588
f 1764/708/1588 1724/1641/1717 1812/2593/3215
f 1824/2594/1963 1943/2595/1962 1954/1529/1589
f 1764/708/1588 1812/2593/3215 1824/2594/1963
f 1965/1852/3214 790/2592/3209 1764/708/1588
f 1952/1530/1590 1968/1836/3216 1951/1831/3212
f 1951/1831/3212 1965/1852/3214 1764/708/1588
f 1764/708/1588 1824/2594/1963 1954/1529/1589
f 1954/1529/1589 1953/2596/3217 1952/1530/1590
f 1952/1530/1590 1951/1831/3212 1764/708/1588
f 645/1531/1591 644/1667/1752 619/101/103
f 2453/1142/1594 2462/1143/1172 2468/1535/1595
f 1665/1538/1598 1708/1617/1688 1727/1539/1599
f 92/1543/1603 90/484/485 91/1008/1022
f 1853/1550/1610 1815/2581/3172 1816/1548/1608
f 1816/1548/1608 1802/2580/3171 1828/1549/1609
f 1828/1549/1609 1888/2553/3113 1853/1550/1610
f 1617/807/809 798/806/808 1619/1551/1611
f 1619/1551/1611 1618/2597/3218 1622/1552/1612
f 1622/1552/1612 1616/1553/1613 1613/1546/1606
f 1613/1546/1606 1609/1544/1604 1614/1547/1607
f 1614/1547/1607 1617/807/809 1619/1551/1611
f 1622/1552/1612 1613/1546/1606 1614/1547/1607
f 287/1444/1494 288/1446/1496 312/378/3219
f 312/378/3219 331/180/1694 247/1556/1615
f 247/1556/1615 240/308/3220 248/317/3221
f 255/323/1616 235/310/3222 280/1445/3223
f 247/1556/1615 248/317/3221 255/323/1616
f 287/1444/1494 312/378/3219 247/1556/1615
f 255/323/1616 280/1445/3223 287/1444/1494
f 1148/1144/1173 1190/1156/1185 1203/1557/1617
f 1203/1557/1617 1201/2410/3224 1181/1558/1618
f 495/588/3225 504/587/3226 528/606/3227
f 528/606/3227 16/605/3228 545/612/1627
f 545/612/1627 530/611/3229 627/712/3230
f 642/711/1628 758/1414/3231 744/830/3232
f 545/612/1627 627/712/3230 642/711/1628
f 495/588/3225 528/606/3227 545/612/1627
f 370/444/1629 371/446/3233 495/588/3225
f 642/711/1628 744/830/3232 370/444/1629
f 370/444/1629 495/588/3225 545/612/1627
f 1940/1577/1642 1960/2598/3234 1909/1779/1882
f 1909/1779/1882 1910/1781/1884 1974/1842/1951
f 1974/1842/1951 1989/1883/1995 2027/454/454
f 2027/454/454 2137/159/161 2171/161/163
f 2170/2599/3235 2185/2600/3236 2184/2601/3237
f 2027/454/454 2171/161/163 2170/2599/3235
f 1909/1779/1882 1974/1842/1951 2027/454/454
f 2325/120/122 2278/119/121 1940/1577/1642
f 2360/2106/3238 2350/2107/3239 2325/120/122
f 2272/2041/3240 2410/1792/1897 2360/2106/3238
f 2223/2191/3241 2262/2193/3242 2265/1579/1644
f 2265/1579/1644 2272/2041/3240 2360/2106/3238
f 2360/2106/3238 2325/120/122 1940/1577/1642
f 1940/1577/1642 1909/1779/1882 2027/454/454
f 2027/454/454 2170/2599/3235 2184/2601/3237
f 2184/2601/3237 2201/2602/3243 2200/2010/2174
f 2206/1578/1643 2207/2011/2175 2223/2191/3241
f 2184/2601/3237 2200/2010/2174 2206/1578/1643
f 1940/1577/1642 2027/454/454 2184/2601/3237
f 2265/1579/1644 2360/2106/3238 1940/1577/1642
f 2206/1578/1643 2223/2191/3241 2265/1579/1644
f 1940/1577/1642 2184/2601/3237 2206/1578/1643
f 2019/1584/1650 1986/2603/2654 2006/2487/1464
f 2006/2487/1464 2130/1168/1197 2156/1582/1648
f 2156/1582/1648 2392/1874/1984 2384/2604/3244
f 2384/2604/3244 2017/2605/3245 2018/1583/1649
f 2018/1583/1649 2005/2331/2655 2019/1584/1650
f 2019/1584/1650 2006/2487/1464 2156/1582/1648
f 2156/1582/1648 2384/2604/3244 2018/1583/1649
f 187/239/241 193/2318/2636 195/1593/1660
f 195/1593/1660 186/2308/2624 181/237/239
f 346/405/403 357/862/870 356/1594/1661
f 356/1594/1661 302/1873/1983 303/1595/1662
f 303/1595/1662 335/404/402 342/403/401
f 342/403/401 346/405/403 356/1594/1661
f 1342/1281/1665 1337/1282/3246 1358/1598/1666
f 3/19/22 2319/2223/2454 2267/890/899
f 2258/1493/1667 2245/2453/2867 3/19/22
f 1012/1033/1668 1027/2436/2813 1038/1058/1081
f 1018/398/396 1030/2606/3247 1029/1599/1670
f 1029/1599/1670 995/853/859 996/1021/1035
f 1550/1604/1674 1562/1499/1557 1565/1498/1556
f 1561/1605/1675 1558/2478/2922 1550/1604/1674
f 903/1606/1676 925/976/988 924/975/987
f 903/1606/1676 924/975/987 904/2320/2640
f 911/423/421 934/974/986 921/981/992
f 903/1606/1676 904/2320/2640 911/423/421
f 692/1615/1684 713/435/433 712/437/752
f 712/437/752 679/355/358 665/727/727
f 665/727/727 653/715/714 692/1615/1684
f 733/851/854 767/850/853 467/589/2086
f 733/851/854 467/589/2086 344/1621/1693
f 321/377/389 332/393/391 733/851/854
f 331/180/1694 312/378/3219 321/377/389
f 321/377/389 733/851/854 344/1621/1693
f 552/1625/657 589/2607/33 608/1626/671
f 551/1627/960 512/2159/2361 552/1625/657
f 642/711/1705 564/713/3248 767/850/1703
f 767/850/1703 765/847/3249 758/1414/1704
f 2466/1636/3250 2445/2608/3250 2451/1635/3250
f 2451/1635/1706 2450/2190/2407 2456/1012/1707
f 1724/1641/1717 1764/708/3251 1737/707/3252
f 1737/707/3252 1736/709/3253 1723/1634/1702
f 1723/1634/1702 791/808/810 749/809/812
f 749/809/812 748/804/3254 721/803/3255
f 721/803/3255 747/802/3256 735/792/3257
f 735/792/3257 704/791/3258 705/1642/1718
f 1738/2609/2897 1705/2610/2896 1753/1643/1719
f 721/803/3255 735/792/3257 705/1642/1718
f 749/809/812 721/803/3255 705/1642/1718
f 705/1642/1718 1738/2609/2897 1753/1643/1719
f 1753/1643/1719 1807/1055/1078 1825/1706/2895
f 1825/1706/2895 1812/1705/3215 1724/1641/1717
f 1724/1641/1717 1737/707/3252 1723/1634/1702
f 1723/1634/1702 749/809/812 705/1642/1718
f 1753/1643/1719 1825/1706/2895 1724/1641/1717
f 1724/1641/1717 1723/1634/1702 705/1642/1718
f 682/1644/1720 485/516/517 641/819/820
f 2077/2526/3040 2097/704/705 2148/706/707
f 2148/706/707 2098/705/3259 2264/1645/1721
f 2264/1645/1721 2176/2611/3260 2096/1304/1722
f 2096/1304/1722 2077/2526/3040 2148/706/707
f 1746/1647/1724 1747/1653/3261 1830/1646/1723
f 1830/1646/1723 1829/1733/3090 1811/1336/1374
f 1811/1336/1374 1804/1872/3262 1746/1647/1724
f 1302/1265/1297 1328/1284/1988 1324/1276/1306
f 1324/1276/1306 1313/1132/1161 1310/115/117
f 413/1661/1741 408/1009/1023 502/951/961
f 502/951/961 613/525/527 520/524/526
f 520/524/526 588/526/528 413/1661/1741
f 2252/967/1744 2260/2033/3263 2213/1662/1742
f 2213/1662/1742 2235/1511/3264 2251/965/1743
f 644/1667/1752 645/1531/3265 780/419/417
f 644/1667/1752 780/419/417 753/825/828
f 752/826/827 751/824/1514 718/1462/1513
f 644/1667/1752 753/825/828 752/826/827
f 2228/51/1757 2227/2026/3266 2239/891/900
f 1774/1491/1761 1794/1679/1770 1793/1670/1759
f 1793/1670/1759 1773/2612/3267 1721/1157/1760
f 100/99/101 104/2423/2781 103/1671/1762
f 437/1040/1058 441/533/535 440/58/60
f 440/58/60 438/1770/1871 432/1675/1764
f 432/1675/1764 426/1771/1872 419/718/717
f 419/718/717 443/1408/1454 437/1040/1058
f 437/1040/1058 440/58/60 432/1675/1764
f 526/1519/1765 509/1362/1401 517/924/934
f 1848/906/915 1862/1489/1543 1902/1676/1767
f 1902/1676/1767 2069/1488/1542 2086/1387/1426
f 1765/2613/3268 793/1937/2067 771/1017/1031
f 1777/2427/2788 1726/1016/1030 1813/1677/1768
f 1765/2613/3268 771/1017/1031 1777/2427/2788
f 1902/1676/1767 2086/1387/1426 1765/2613/3268
f 1808/1697/1785 1849/1728/3269 1848/906/915
f 1902/1676/1767 1765/2613/3268 1777/2427/2788
f 1813/1677/1768 1778/995/1008 1808/1697/1785
f 1902/1676/1767 1777/2427/2788 1813/1677/1768
f 1813/1677/1768 1808/1697/1785 1848/906/915
f 397/482/483 396/250/3270 388/471/471
f 388/471/471 386/466/466 389/468/468
f 389/468/468 391/2404/2755 397/482/483
f 830/1678/1769 824/601/602 836/954/965
f 1283/1244/1273 1272/1199/3271 1273/1685/1774
f 1183/1166/1195 1191/1371/1410 1168/1687/1776
f 1995/1688/1777 1994/2499/3272 1980/1689/1778
f 327/429/427 363/428/426 295/1694/1783
f 1283/1244/1273 1284/1686/1775 1327/1696/1784
f 1327/1696/1784 1320/523/525 1288/1243/1272
f 1775/1700/1789 1762/1339/1378 1763/1672/3096
f 1775/1700/1789 1763/1672/3096 1798/1674/3273
f 1861/1754/3274 1846/1939/2885 1775/1700/1789
f 1932/1699/1788 1886/1735/3275 1861/1754/3274
f 1847/2614/3276 1912/1782/3277 1932/1699/1788
f 1836/1713/3278 1847/2614/3276 1932/1699/1788
f 1932/1699/1788 1861/1754/3274 1775/1700/1789
f 1775/1700/1789 1798/1674/3273 1835/1698/1787
f 1835/1698/1787 1836/1713/3278 1932/1699/1788
f 1304/1500/1558 1292/1250/3279 1279/1249/2075
f 1279/1249/2075 1281/2480/2940 1293/1703/1792
f 1293/1703/1792 1305/1512/1571 1341/1292/1323
f 1341/1292/1323 1340/289/1322 1300/1501/1559
f 1304/1500/1558 1279/1249/2075 1293/1703/1792
f 1341/1292/1323 1300/1501/1559 1304/1500/1558
f 1272/1199/1228 1283/1244/3280 1280/1242/1271
f 1922/1721/1808 1933/227/3281 1921/1722/1809
f 968/290/294 967/91/93 928/1724/1811
f 985/1046/1066 1007/940/950 953/939/949
f 953/939/949 940/2151/2348 954/1001/1015
f 289/353/3282 241/2538/3098 268/1359/1398
f 334/1727/1814 324/2615/3283 325/380/3284
f 313/370/3285 300/350/3286 301/352/1815
f 334/1727/1814 325/380/3284 313/370/3285
f 301/352/1815 289/353/3282 268/1359/1398
f 334/1727/1814 313/370/3285 301/352/1815
f 1849/1728/1816 1808/1697/3287 1826/1707/1817
f 1810/94/96 1856/93/3288 1855/632/1819
f 410/1736/1829 405/512/513 404/490/491
f 290/362/3289 283/1789/1893 271/1737/1833
f 271/1737/1833 284/2304/3290 293/41/43
f 293/41/43 307/40/42 292/371/1834
f 292/371/1834 305/365/3291 291/363/1835
f 291/363/1835 290/362/3289 271/1737/1833
f 271/1737/1833 293/41/43 292/371/1834
f 1669/1738/1836 2021/2616/81 2007/1739/1198
f 556/933/944 577/2108/2301 576/663/660
f 1415/1740/1837 1464/1258/2901 1475/2475/2919
f 1463/2476/2920 1452/2586/3183 1453/1741/1838
f 1346/2385/2731 1382/1936/2066 1415/1740/1837
f 1475/2475/2919 1463/2476/2920 1453/1741/1838
f 1378/833/837 1346/2385/2731 1415/1740/1837
f 1415/1740/1837 1475/2475/2919 1453/1741/1838
f 954/1001/1015 972/122/124 1008/1049/1070
f 2048/1745/1844 2049/1912/2037 2078/1115/3292
f 2078/1115/3292 2118/1114/3293 2149/2617/3294
f 1858/2618/3295 1819/1730/3296 1859/1732/2274
f 1939/1747/1846 1972/2088/3297 2048/1745/1844
f 1858/2618/3295 1859/1732/2274 1939/1747/1846
f 2078/1115/3292 2149/2617/3294 2035/1746/1845
f 2048/1745/1844 2078/1115/3292 2035/1746/1845
f 2035/1746/1845 1858/2618/3295 1939/1747/1846
f 797/805/807 1568/2504/3005 1621/1750/1849
f 1621/1750/1849 1618/2597/3218 1619/1551/1611
f 1138/2619/3298 1159/822/823 949/1174/1203
f 949/1174/1203 937/1365/1404 1128/1366/1405
f 1128/1366/1405 1158/895/904 1127/1764/1865
f 1127/1764/1865 1166/1985/2142 1123/1765/1866
f 1123/1765/1866 1138/2619/3298 949/1174/1203
f 949/1174/1203 1128/1366/1405 1127/1764/1865
f 1706/2189/2406 1639/2323/2646 1625/1767/1869
f 1625/1767/1869 1630/1162/1191 1640/1161/1190
f 1640/1161/1190 1656/1567/3299 1648/1580/1655
f 1648/1580/1655 1662/1587/1654 1674/1591/1658
f 1674/1591/1658 1706/2189/2406 1625/1767/1869
f 1625/1767/1869 1640/1161/1190 1648/1580/1655
f 438/1770/1871 423/57/59 426/1771/1872
f 1492/1773/1874 1497/2567/3300 1494/1774/1875
f 1882/1288/1881 1907/1364/3301 1929/1778/1879
f 1929/1778/1879 1916/1803/1909 1900/1768/1880
f 117/2420/2777 109/1007/1021 121/2419/2776
f 121/2419/2776 146/183/185 152/182/184
f 152/182/184 156/184/186 179/147/149
f 180/149/151 184/148/150 190/199/201
f 152/182/184 179/147/149 180/149/151
f 117/2420/2777 121/2419/2776 152/182/184
f 112/2620/3302 110/2421/2778 117/2420/2777
f 116/44/46 114/43/45 112/2620/3302
f 134/2621/3303 127/42/44 116/44/46
f 136/1710/1797 134/2621/3303 116/44/46
f 116/44/46 112/2620/3302 117/2420/2777
f 117/2420/2777 152/182/184 180/149/151
f 190/199/201 191/2252/2531 309/1784/1887
f 117/2420/2777 180/149/151 190/199/201
f 136/1710/1797 116/44/46 117/2420/2777
f 139/2622/3304 138/1709/1796 137/1708/1795
f 137/1708/1795 136/1710/1797 117/2420/2777
f 117/2420/2777 190/199/201 309/1784/1887
f 309/1784/1887 273/2439/2835 2470/1785/1888
f 2470/1785/1888 2474/1906/3305 2479/1905/3306
f 2488/2623/3307 2491/2064/2241 2498/358/361
f 2470/1785/1888 2479/1905/3306 2488/2623/3307
f 137/1708/1795 117/2420/2777 309/1784/1887
f 155/203/205 139/2622/3304 137/1708/1795
f 149/196/198 150/195/197 155/203/205
f 378/2314/2632 175/2316/2634 164/197/199
f 149/196/198 155/203/205 137/1708/1795
f 378/2314/2632 164/197/199 149/196/198
f 459/608/607 466/607/606 378/2314/2632
f 1976/1450/1500 675/739/737 544/609/608
f 1976/1450/1500 544/609/608 459/608/607
f 1991/1858/3308 1992/1859/3145 1993/1448/1498
f 1993/1448/1498 1976/1450/1500 459/608/607
f 378/2314/2632 149/196/198 137/1708/1795
f 1993/1448/1498 459/608/607 378/2314/2632
f 1975/1864/1974 1948/1863/1973 1991/1858/3308
f 2172/1630/1698 1931/1629/1697 1975/1864/1974
f 2195/1170/1199 2208/1172/1201 2172/1630/1698
f 2398/2161/2367 2237/1171/1200 2195/1170/1199
f 2503/2217/2447 2431/2163/2369 2418/2162/2368
f 2418/2162/2368 2398/2161/2367 2195/1170/1199
f 2195/1170/1199 2172/1630/1698 1975/1864/1974
f 2195/1170/1199 1975/1864/1974 1991/1858/3308
f 2503/2217/2447 2418/2162/2368 2195/1170/1199
f 2500/359/362 2502/1495/1553 2503/2217/2447
f 2488/2623/3307 2498/358/361 2501/357/3309
f 2501/357/3309 2500/359/362 2503/2217/2447
f 2503/2217/2447 2195/1170/1199 1991/1858/3308
f 2503/2217/2447 1991/1858/3308 1993/1448/1498
f 2470/1785/1888 2488/2623/3307 2501/357/3309
f 2501/357/3309 2503/2217/2447 1993/1448/1498
f 378/2314/2632 137/1708/1795 309/1784/1887
f 2470/1785/1888 2501/357/3309 1993/1448/1498
f 1993/1448/1498 378/2314/2632 309/1784/1887
f 613/525/527 608/673/671 614/700/698
f 614/700/698 625/699/710 639/1044/1063
f 535/1786/1889 547/872/880 546/932/943
f 283/1789/1893 282/2624/3310 269/1788/1891
f 269/1788/1891 257/324/3311 270/326/1892
f 270/326/1892 271/1737/1833 283/1789/1893
f 2371/2379/2724 2388/169/3312 2370/2118/2314
f 2371/2379/2724 2370/2118/2314 2378/2625/3313
f 2397/2626/3314 2425/2627/3315 2371/2379/2724
f 2349/2104/3316 2360/2106/3238 2410/1792/1897
f 2410/1792/1897 2397/2626/3314 2371/2379/2724
f 2371/2379/2724 2378/2625/3313 2330/1790/1895
f 2330/1790/1895 2313/95/97 2146/2233/2474
f 2146/2233/2474 2169/151/3317 2158/2249/2522
f 2158/2249/2522 2147/150/152 2176/2611/3260
f 2176/2611/3260 2264/1645/1721 2341/1791/1896
f 2341/1791/1896 2314/2628/3318 2379/2629/3319
f 2379/2629/3319 2358/2630/3320 2348/2631/3321
f 2359/2632/3322 2349/2104/3316 2410/1792/1897
f 2379/2629/3319 2348/2631/3321 2359/2632/3322
f 2158/2249/2522 2176/2611/3260 2341/1791/1896
f 2379/2629/3319 2359/2632/3322 2410/1792/1897
f 2146/2233/2474 2158/2249/2522 2341/1791/1896
f 2341/1791/1896 2379/2629/3319 2410/1792/1897
f 2410/1792/1897 2371/2379/2724 2330/1790/1895
f 2330/1790/1895 2146/2233/2474 2341/1791/1896
f 481/585/586 229/2301/2612 228/1793/1898
f 228/1793/1898 210/2300/2611 217/1423/1471
f 217/1423/1471 231/1091/1116 256/1090/1115
f 256/1090/1115 350/1089/1114 486/474/474
f 486/474/474 481/585/586 228/1793/1898
f 228/1793/1898 217/1423/1471 256/1090/1115
f 2372/1798/1904 2338/2001/2164 2351/1799/1905
f 1908/1804/1910 1947/2633/3323 1929/1778/1911
f 200/412/410 203/2002/2165 201/1805/1912
f 1568/2504/3005 801/1220/1249 804/560/562
f 826/2409/2761 839/898/907 863/2408/2760
f 1568/2504/3005 804/560/562 826/2409/2761
f 1622/1552/1612 1618/2597/3324 1621/1750/1849
f 1621/1750/1849 1568/2504/3005 826/2409/2761
f 826/2409/2761 863/2408/2760 1264/1272/3325
f 1317/1271/1300 1363/1299/1333 1374/1311/1348
f 826/2409/2761 1264/1272/3325 1317/1271/1300
f 1623/1555/1614 1622/1552/1612 1621/1750/1849
f 1621/1750/1849 826/2409/2761 1317/1271/1300
f 1374/1311/1348 1364/1298/1332 1529/2260/3326
f 1621/1750/1849 1317/1271/1300 1374/1311/1348
f 1630/1162/3189 1623/1555/1614 1621/1750/1849
f 1668/1806/1659 1662/2634/1654 1649/1160/3327
f 1649/1160/3327 1630/1162/3189 1621/1750/1849
f 1621/1750/1849 1374/1311/1348 1529/2260/3326
f 1529/2260/3326 1563/1913/3328 1575/1915/2040
f 1575/1915/2040 1569/2518/3025 1605/2514/3016
f 1631/1569/1632 1657/1568/1631 1682/563/565
f 1575/1915/2040 1605/2514/3016 1631/1569/1632
f 1621/1750/1849 1529/2260/3326 1575/1915/2040
f 1668/1806/1659 1649/1160/3327 1621/1750/1849
f 1631/1569/1632 1682/563/565 1668/1806/1659
f 1621/1750/1849 1575/1915/2040 1631/1569/1632
f 603/1809/1915 519/2017/2182 542/1073/1096
f 767/850/853 777/211/855 789/213/1916
f 766/848/1917 765/847/3329 767/850/853
f 566/679/677 597/681/679 596/1811/1919
f 115/1528/1587 107/1527/1586 114/43/45
f 114/43/45 127/42/44 134/2621/3303
f 134/2621/3303 136/1710/1797 138/1709/1796
f 139/2622/3304 155/203/205 167/2317/2635
f 134/2621/3303 138/1709/1796 139/2622/3304
f 115/1528/1587 114/43/45 134/2621/3303
f 130/127/129 126/126/128 115/1528/1587
f 141/1314/1351 135/1313/1350 130/127/129
f 142/1691/1780 140/1312/1349 141/1314/1351
f 145/177/179 144/1693/1782 143/1692/1781
f 143/1692/1781 142/1691/1780 141/1314/1351
f 141/1314/1351 130/127/129 115/1528/1587
f 115/1528/1587 134/2621/3303 139/2622/3304
f 139/2622/3304 167/2317/2635 158/194/196
f 139/2622/3304 158/194/196 153/192/194
f 141/1314/1351 115/1528/1587 139/2622/3304
f 145/177/179 143/1692/1781 141/1314/1351
f 161/786/790 148/179/181 147/178/180
f 147/178/180 145/177/179 141/1314/1351
f 141/1314/1351 139/2622/3304 153/192/194
f 157/191/193 169/224/226 161/786/790
f 141/1314/1351 153/192/194 157/191/193
f 157/191/193 161/786/790 147/178/180
f 957/1274/1303 977/1517/1576 994/855/1056
f 994/855/1056 993/1038/1055 956/1812/1920
f 956/1812/1920 944/982/994 922/422/1304
f 922/422/1304 957/1274/1303 994/855/1056
f 1717/857/863 714/2535/3081 715/76/78
f 715/76/78 716/75/77 729/778/1921
f 729/778/1921 730/779/2366 741/2160/2365
f 741/2160/2365 755/815/848 762/844/850
f 762/844/850 1701/1614/1683 1717/857/863
f 1717/857/863 715/76/78 729/778/1921
f 729/778/1921 741/2160/2365 762/844/850
f 2203/1815/1924 2196/53/3330 2197/1814/1923
f 2197/1814/1923 2193/2449/3331 2198/758/757
f 2198/758/757 2204/1902/2024 2203/1815/1924
f 2395/1825/1932 2364/1150/1179 2353/1823/1930
f 2353/1823/1930 2375/2585/3178 2396/2584/3177
f 2409/1824/1931 2408/2149/3332 2395/1825/1932
f 2353/1823/1930 2396/2584/3177 2409/1824/1931
f 969/1328/1366 951/1330/1368 970/1028/1045
f 431/510/1934 430/509/2883 425/2465/2884
f 436/1826/1933 439/1354/1393 427/1827/1395
f 427/1827/1395 421/2463/2338 428/1494/1552
f 427/1827/1395 428/1494/1552 429/508/3198
f 431/510/1934 425/2465/2884 436/1826/1933
f 427/1827/1395 429/508/3198 431/510/1934
f 1994/2635/3333 1996/2341/2665 2011/1829/559
f 2011/1829/559 1941/2636/2888 1932/1699/1828
f 1932/1699/1828 1912/1782/1894 1921/1722/1809
f 1921/1722/1809 1933/227/3334 1934/226/228
f 1934/226/228 1942/1810/1935 1963/1828/1937
f 1963/1828/1937 1949/1813/1936 1950/2500/2985
f 1950/2500/2985 1964/1690/1779 1980/1689/1778
f 1980/1689/1778 1994/2635/3333 2011/1829/559
f 1932/1699/1828 1921/1722/1809 1934/226/228
f 1963/1828/1937 1950/2500/2985 1980/1689/1778
f 1932/1699/1828 1934/226/228 1963/1828/1937
f 1963/1828/1937 1980/1689/1778 2011/1829/559
f 1953/2596/3335 1954/1816/3336 1944/1818/1942
f 1944/1818/1942 1983/2469/2893 1999/1838/1943
f 1999/1838/1943 1998/2283/2618 1982/2637/3337
f 1997/1856/3338 1966/1855/3339 1967/1833/1944
f 1999/1838/1943 1982/2637/3337 1997/1856/3338
f 1967/1833/1944 1968/1835/3340 1953/2596/3335
f 1999/1838/1943 1997/1856/3338 1967/1833/1944
f 1967/1833/1944 1953/2596/3335 1944/1818/1942
f 1929/1778/3341 1947/2633/3342 1959/2638/3343
f 1959/2638/3343 1973/2639/3344 2102/1839/1945
f 2102/1839/1945 2121/1967/2114 2135/254/2148
f 2135/254/2148 2101/255/3345 2062/1227/1946
f 2062/1227/1946 2051/685/683 2010/687/685
f 2010/687/685 1927/1802/1908 1928/1801/1947
f 1928/1801/1947 1929/1778/3341 1959/2638/3343
f 2102/1839/1945 2135/254/2148 2062/1227/1946
f 2062/1227/1946 2010/687/685 1928/1801/1947
f 1928/1801/1947 1959/2638/3343 2102/1839/1945
f 870/185/187 854/174/176 888/176/178
f 888/176/178 900/498/499 871/1840/1948
f 1925/1795/1902 1958/1849/1959 1971/581/1949
f 1971/581/1949 2024/580/3346 2009/1841/1950
f 2009/1841/1950 1915/1794/3347 1925/1795/1902
f 316/2228/3348 308/39/3349 294/2640/1751
f 294/2640/1751 260/2641/338 261/2642/2099
f 261/2642/2099 237/2643/1396 236/2539/3099
f 241/2644/3098 289/2645/3282 267/2646/3350
f 267/2646/3350 300/2647/3351 281/2648/3352
f 281/2648/3352 325/2649/3353 324/2615/3354
f 324/2615/3354 333/396/3355 323/2650/3356
f 323/2650/3356 348/1993/3357 340/2651/3358
f 1720/2652/3359 1773/2612/3360 1793/1670/3361
f 1720/2652/3359 1793/1670/3361 1795/1490/3362
f 281/2648/3352 324/2615/3354 323/2650/3356
f 513/864/872 352/863/871 346/405/403
f 346/405/403 335/404/402 303/1595/1662
f 303/1595/1662 282/2624/3310 283/1789/1893
f 283/1789/1893 290/362/3289 304/364/3363
f 304/364/3363 305/365/3364 314/372/3365
f 314/372/3365 306/373/3366 358/2120/2318
f 314/372/3365 358/2120/2318 1909/1779/1882
f 303/1595/1662 283/1789/1893 304/364/3363
f 304/364/3363 314/372/3365 1909/1779/1882
f 1960/2598/3234 1940/1577/1642 2278/119/121
f 304/364/3363 1909/1779/1882 1960/2598/3234
f 346/405/403 303/1595/1662 304/364/3363
f 1796/1206/1236 513/864/872 346/405/403
f 1796/1206/1236 346/405/403 304/364/3363
f 1960/2598/3234 2278/119/121 2307/121/3367
f 1796/1206/1236 304/364/3363 1960/2598/3234
f 1795/1490/3362 1796/1206/1236 1960/2598/3234
f 2307/121/3367 2325/120/122 2350/2107/3239
f 1795/1490/3362 1960/2598/3234 2307/121/3367
f 1720/2652/3359 1795/1490/3362 2307/121/3367
f 2307/121/3367 2350/2107/3239 2342/2105/3368
f 2342/2105/3368 2349/2104/3369 2359/2632/3370
f 2359/2632/3370 2348/2631/3321 2292/900/3371
f 2291/414/412 2276/166/168 2277/2250/2523
f 2359/2632/3370 2292/900/3371 2291/414/412
f 2307/121/3367 2342/2105/3368 2359/2632/3370
f 1720/2652/3359 2307/121/3367 2359/2632/3370
f 2359/2632/3370 2291/414/412 2277/2250/2523
f 2277/2250/2523 8/165/167 2183/2653/3372
f 2277/2250/2523 2183/2653/3372 2152/1971/2118
f 1720/2652/3359 2359/2632/3370 2277/2250/2523
f 2277/2250/2523 2152/1971/2118 2103/1970/2117
f 2103/1970/2117 2136/1968/2115 2121/1967/2114
f 2103/1970/2117 2121/1967/2114 2102/1839/1945
f 1720/2652/3359 2277/2250/2523 2103/1970/2117
f 1720/2652/3359 2103/1970/2117 2102/1839/1945
f 1973/2639/3373 1959/2638/3374 1947/2633/3375
f 1720/2652/3359 2102/1839/1945 1973/2639/3373
f 1720/2652/3359 1973/2639/3373 1947/2633/3375
f 1908/1804/1910 1907/1364/1403 1896/888/897
f 1720/2652/3359 1947/2633/3375 1908/1804/1910
f 1720/2652/3359 1908/1804/1910 1896/888/897
f 1874/887/896 1843/2406/2757 1831/242/3057
f 1720/2652/3359 1896/888/897 1874/887/896
f 340/2651/3358 1720/2652/3359 1874/887/896
f 1874/887/896 1831/242/3057 1805/2530/3056
f 1805/2530/3056 786/2531/3058 206/2551/3111
f 206/2551/3111 208/1375/1414 108/2550/3110
f 108/2550/3110 113/2549/3108 68/2548/3107
f 68/2548/3107 69/2547/3106 60/2546/3105
f 62/2545/3104 49/2537/3097 39/1348/3376
f 68/2548/3107 60/2546/3105 62/2545/3104
f 1805/2530/3056 206/2551/3111 108/2550/3110
f 108/2550/3110 68/2548/3107 62/2545/3104
f 62/2545/3104 39/1348/3376 31/1987/16
f 31/1987/16 32/31/15 63/2654/3377
f 63/2654/3377 59/2655/3378 75/2656/3379
f 75/2656/3379 71/2657/3380 118/2658/3381
f 118/2658/3381 163/200/202 171/214/216
f 318/2353/2686 2480/2207/2434 2478/2206/2433
f 318/2353/2686 2478/2206/2433 1/2381/2726
f 2/2380/2725 2437/797/799 2371/2379/2724
f 62/2545/3104 31/1987/16 63/2654/3377
f 1874/887/896 1805/2530/3056 108/2550/3110
f 108/2550/3110 62/2545/3104 63/2654/3377
f 108/2550/3110 63/2654/3377 75/2656/3379
f 340/2651/3358 1874/887/896 108/2550/3110
f 323/2650/3356 340/2651/3358 108/2550/3110
f 108/2550/3110 75/2656/3379 118/2658/3381
f 108/2550/3110 118/2658/3381 171/214/216
f 281/2648/3352 323/2650/3356 108/2550/3110
f 267/2646/3350 281/2648/3352 108/2550/3110
f 108/2550/3110 171/214/216 318/2353/2686
f 2/2380/2725 2371/2379/2724 2425/2627/3315
f 2397/2626/3314 2410/1792/1897 2272/2041/3240
f 2/2380/2725 2425/2627/3315 2397/2626/3314
f 241/2644/3098 267/2646/3350 108/2550/3110
f 236/2539/3099 241/2644/3098 108/2550/3110
f 261/2642/2099 236/2539/3099 108/2550/3110
f 294/2640/1751 261/2642/2099 108/2550/3110
f 294/2640/1751 108/2550/3110 318/2353/2686
f 315/388/3382 307/40/3383 316/2228/3348
f 316/2228/3348 294/2640/1751 318/2353/2686
f 1/2381/2726 2/2380/2725 2397/2626/3314
f 2397/2626/3314 2272/2041/3240 2266/2042/3384
f 2266/2042/3384 2265/1579/3385 2262/2193/3386
f 2254/2192/3387 2223/2191/3388 2207/2011/2175
f 2266/2042/3384 2262/2193/3386 2254/2192/3387
f 318/2353/2686 1/2381/2726 2397/2626/3314
f 318/2353/2686 2397/2626/3314 2266/2042/3384
f 317/389/587 315/388/3382 316/2228/3348
f 326/387/2418 336/394/3389 337/586/588
f 317/389/587 316/2228/3348 318/2353/2686
f 361/2659/3390 326/387/2418 337/586/588
f 337/586/588 317/389/587 318/2353/2686
f 318/2353/2686 2266/2042/3384 2254/2192/3387
f 2207/2011/2175 2200/2010/2174 2201/2602/3243
f 318/2353/2686 2254/2192/3387 2207/2011/2175
f 361/2659/3390 337/586/588 318/2353/2686
f 1897/1780/1883 1883/2119/3391 1884/1843/1952
f 1884/1843/1952 361/2659/3390 318/2353/2686
f 318/2353/2686 2207/2011/2175 2201/2602/3243
f 2201/2602/3243 2184/2601/3237 2185/2600/3392
f 2185/2600/3392 2170/2599/3393 2171/161/3394
f 2164/160/162 2137/159/161 2028/453/3395
f 2185/2600/3392 2171/161/3394 2164/160/162
f 318/2353/2686 2201/2602/3243 2185/2600/3392
f 1917/1898/2017 1897/1780/1883 1884/1843/1952
f 318/2353/2686 2185/2600/3392 2164/160/162
f 2164/160/162 2028/453/3395 1990/1884/1996
f 1990/1884/1996 1989/1883/1995 1974/1842/1951
f 1974/1842/1951 1917/1898/2017 1884/1843/1952
f 1884/1843/1952 318/2353/2686 2164/160/162
f 2164/160/162 1990/1884/1996 1974/1842/1951
f 848/908/1954 840/897/906 832/562/564
f 832/562/564 833/984/998 841/1844/1953
f 841/1844/1953 842/909/3396 848/908/1954
f 1977/1846/1956 2003/2164/2370 2002/1847/1957
f 2002/1847/1957 1969/2510/3013 12/1848/1958
f 225/306/310 226/2286/2597 224/1850/1961
f 224/1850/1961 221/112/114 220/111/113
f 1824/1704/1963 1825/1706/3397 1923/1054/1077
f 1923/1054/1077 1944/1818/2894 1943/1817/1962
f 1487/622/616 1488/621/615 1500/273/276
f 1504/272/275 1545/882/891 1553/1417/1465
f 1487/622/616 1500/273/276 1504/272/275
f 1493/1429/1477 1472/620/614 1487/622/616
f 1534/457/457 1499/1084/1107 1490/1083/1106
f 1490/1083/1106 1493/1429/1477 1487/622/616
f 1487/622/616 1504/272/275 1553/1417/1465
f 1544/1857/1968 1547/455/455 1534/457/457
f 1487/622/616 1553/1417/1465 1544/1857/1968
f 1534/457/457 1490/1083/1106 1487/622/616
f 942/979/1027 891/959/970 892/1861/1971
f 892/1861/1971 902/233/235 910/1862/1972
f 1229/1865/1975 1238/600/3151 1154/1866/1976
f 807/1868/1978 810/2394/2083 814/1869/1478
f 814/1869/1478 809/1482/1534 802/1870/1979
f 1804/1872/1982 1770/1338/3398 1757/1871/1980
f 1757/1871/1980 1729/1637/1709 1746/1647/1981
f 269/1788/1891 282/2624/3310 303/1595/1662
f 1291/1245/1274 1299/1247/1276 1326/1486/1539
f 1326/1486/1539 1332/1290/1320 1352/1289/1319
f 1352/1289/1319 1331/2569/3148 1322/1523/1583
f 1352/1289/1319 1322/1523/1583 1312/1522/1582
f 1291/1245/1274 1326/1486/1539 1352/1289/1319
f 1298/1267/1294 1297/1256/1285 1291/1245/1274
f 1352/1289/1319 1312/1522/1582 1298/1267/1294
f 2392/1874/1984 2156/1582/1648 2130/1168/1197
f 2363/1875/1985 2406/1116/1144 2392/1874/1984
f 1071/1876/1986 1113/1920/2048 1010/1877/1003
f 1343/1283/1987 1349/1420/1468 1338/1845/1955
f 1338/1845/1955 1324/1276/1306 1328/1284/1988
f 2250/1236/3179 2352/1152/1181 2374/1151/1180
f 2374/1151/1180 2324/2579/3170 2212/2013/2177
f 2143/1879/1989 2142/2012/2176 1987/2660/3399
f 2374/1151/1180 2212/2013/2177 2143/1879/1989
f 2233/1234/1991 2250/1236/3179 2374/1151/1180
f 2189/1609/1679 2199/2520/3181 2233/1234/1991
f 2008/1880/1990 2166/1607/1677 2189/1609/1679
f 2143/1879/1989 1987/2660/3399 2008/1880/1990
f 2233/1234/1991 2374/1151/1180 2143/1879/1989
f 2008/1880/1990 2189/1609/1679 2233/1234/1991
f 1021/1048/2003 1035/1075/3400 984/1194/2001
f 984/1194/2001 971/941/3401 1006/1047/2002
f 969/1328/1366 1004/1027/1044 982/985/999
f 915/218/220 908/942/3101 929/1360/1399
f 929/1360/1399 969/1328/1366 982/985/999
f 950/986/1000 915/218/220 929/1360/1399
f 632/1003/1017 631/714/713 611/1892/2009
f 611/1892/2009 612/684/3402 663/683/831
f 663/683/831 646/827/830 632/1003/1017
f 2259/441/2012 2268/443/1259 2218/1894/2013
f 1135/1896/2015 1112/1095/1120 1126/301/305
f 1917/1898/2017 1974/1842/1951 1910/1781/1884
f 1729/1637/1709 1757/1871/1980 1745/1900/2021
f 1745/1900/2021 773/2126/2325 783/1460/2022
f 1714/1389/1710 1729/1637/1709 1745/1900/2021
f 2216/320/2025 2229/2027/3403 2242/2031/3404
f 2241/1901/2023 2228/51/3405 2203/1815/1924
f 2216/320/2025 2242/2031/3404 2241/1901/2023
f 2204/1902/2024 2209/757/3406 2216/320/2025
f 2241/1901/2023 2203/1815/1924 2204/1902/2024
f 1111/1907/2030 1155/1045/1065 1163/135/1064
f 1174/957/968 1211/956/967 1185/2348/2674
f 1111/1907/2030 1163/135/1064 1174/957/968
f 1093/595/596 1088/1111/3407 1111/1907/2030
f 1174/957/968 1185/2348/2674 1093/595/596
f 1435/1910/797 1473/2351/2681 1472/620/614
f 1472/620/614 1493/1429/1477 1434/1909/2032
f 1434/1909/2032 1432/2661/795 1435/1910/797
f 1030/2606/3247 998/1052/1074 1031/1911/2033
f 1039/1059/1082 1017/854/860 1029/1599/1670
f 1029/1599/1670 1030/2606/3247 1031/1911/2033
f 1563/1913/2038 1559/1228/1256 1564/1914/2039
f 1564/1914/2039 1569/2518/3025 1575/1915/2040
f 1360/80/82 1376/221/223 1351/1916/2041
f 1113/1920/2048 1071/1876/1986 1045/496/497
f 1045/496/497 888/176/178 889/175/177
f 901/2562/2617 890/1421/1469 891/959/970
f 1045/496/497 889/175/177 901/2562/2617
f 918/989/1002 1010/1877/1003 1113/1920/2048
f 1113/1920/2048 1045/496/497 901/2562/2617
f 901/2562/2617 891/959/970 989/1015/1029
f 989/1015/1029 1054/911/919 1087/784/788
f 1087/784/788 1114/783/787 1143/2662/2391
f 1143/2662/2391 1172/2663/1411 1207/1401/1446
f 1207/1401/1446 1252/45/3128 1311/1986/2144
f 1311/1986/2144 1339/81/2143 1345/1917/3408
f 1351/1916/2041 1376/221/223 1421/220/222
f 1311/1986/2144 1345/1917/3408 1351/1916/2041
f 1311/1986/2144 1351/1916/2041 1421/220/222
f 1421/220/222 1427/2664/796 1432/2661/795
f 1432/2661/795 1434/1909/2032 1393/2338/2662
f 1432/2661/795 1393/2338/2662 1371/2337/2661
f 1311/1986/2144 1421/220/222 1432/2661/795
f 1207/1401/1446 1311/1986/2144 1432/2661/795
f 1432/2661/795 1371/2337/2661 1329/529/531
f 1329/529/531 1321/1232/1261 1303/1231/1260
f 1295/2174/2383 1244/752/751 1219/751/750
f 1329/529/531 1303/1231/1260 1295/2174/2383
f 1207/1401/1446 1432/2661/795 1329/529/531
f 989/1015/1029 1087/784/788 1143/2662/2391
f 1143/2662/2391 1207/1401/1446 1329/529/531
f 1143/2662/2391 1329/529/531 1295/2174/2383
f 901/2562/2617 989/1015/1029 1143/2662/2391
f 1113/1920/2048 901/2562/2617 1143/2662/2391
f 1143/2662/2391 1295/2174/2383 1219/751/750
f 1219/751/750 1171/1127/1156 1133/1921/2049
f 1133/1921/2049 1092/504/507 1048/2665/2955
f 1048/2665/2955 976/1005/1019 897/1349/1389
f 897/1349/1389 887/657/654 898/904/913
f 898/904/913 899/958/969 918/989/1002
f 1113/1920/2048 1143/2662/2391 1219/751/750
f 897/1349/1389 898/904/913 918/989/1002
f 1113/1920/2048 1219/751/750 1133/1921/2049
f 1133/1921/2049 1048/2665/2955 897/1349/1389
f 897/1349/1389 918/989/1002 1113/1920/2048
f 1821/1726/1813 1832/1725/1812 1860/1922/2050
f 1860/1922/2050 13/1/3409 14/3/2051
f 14/3/2051 1806/2374/3410 1821/1726/1813
f 2442/1923/2052 2459/930/3411 2452/1924/2053
f 2446/1925/2054 2440/2177/3412 2442/1923/2052
f 2211/2020/3413 2222/2021/3414 2004/1928/2057
f 2004/1928/2057 1955/1819/3415 1956/1821/3416
f 1956/1821/3416 1938/1822/3417 1739/1648/1725
f 1739/1648/1725 1694/1650/3418 1629/553/3419
f 1615/552/554 1608/554/556 1606/1542/1602
f 1739/1648/1725 1629/553/3419 1615/552/554
f 2004/1928/2057 1956/1821/3416 1739/1648/1725
f 2285/2062/2239 2232/2018/3420 2211/2020/3413
f 2004/1928/2057 1739/1648/1725 1615/552/554
f 1606/1542/1602 1604/1541/1601 1536/2430/2792
f 2004/1928/2057 1615/552/554 1606/1542/1602
f 2286/2063/2240 2285/2062/2239 2211/2020/3413
f 1536/2430/2792 1503/1020/1034 1433/83/85
f 1411/85/87 1420/84/3421 1405/340/3422
f 1536/2430/2792 1433/83/85 1411/85/87
f 2297/2059/3423 2279/2061/3424 2286/2063/2240
f 2311/2666/3425 2298/2058/2235 2299/2060/2237
f 2299/2060/2237 2297/2059/3423 2286/2063/2240
f 2311/2666/3425 2299/2060/2237 2286/2063/2240
f 2383/2667/3426 2382/1800/1906 2351/1799/1905
f 2416/2147/3427 2405/2146/3428 2383/2667/3426
f 2415/2145/3429 2404/2132/3430 2416/2147/3427
f 2403/2668/3431 2414/2144/3432 2415/2145/3429
f 2402/2129/3006 2391/2131/3433 2403/2668/3431
f 1985/2332/2656 2018/1583/1649 2017/2605/3245
f 1560/2334/2658 1594/2333/2657 1593/1929/2058
f 1537/519/520 1567/2335/2659 1560/2334/2658
f 1325/1233/1262 1359/528/530 1412/520/521
f 1258/1214/2384 1303/1231/1260 1308/2519/3026
f 1308/2519/3026 1325/1233/1262 1412/520/521
f 1258/1214/2384 1308/2519/3026 1412/520/521
f 1227/1193/1221 1243/750/3434 1257/1213/3435
f 1257/1213/3435 1258/1214/2384 1412/520/521
f 1227/1193/1221 1257/1213/3435 1412/520/521
f 1206/2502/2994 1227/1193/1221 1412/520/521
f 1170/1165/3436 1206/2502/2994 1412/520/521
f 2423/2669/3437 2402/2129/3006 2403/2668/3431
f 2403/2668/3431 2415/2145/3429 2416/2147/3427
f 2423/2669/3437 2403/2668/3431 2416/2147/3427
f 1131/952/3438 1091/1112/1139 1104/503/506
f 1301/1264/2630 1169/953/1335 1131/952/3438
f 1344/1285/2196 1328/1284/1988 1302/1265/1297
f 1302/1265/1297 1301/1264/2630 1131/952/3438
f 1131/952/3438 1104/503/506 1132/502/505
f 1131/952/3438 1132/502/505 1153/1128/3439
f 1344/1285/2196 1302/1265/1297 1131/952/3438
f 1375/1307/1342 1349/1420/3440 1350/2670/3441
f 1344/1285/2196 1131/952/3438 1153/1128/3439
f 1385/2528/3042 1375/1307/1342 1350/2670/3441
f 1350/2670/3441 1344/1285/2196 1153/1128/3439
f 1350/2670/3441 1153/1128/3439 1170/1165/3436
f 1366/1398/1443 1385/2528/3042 1350/2670/3441
f 1370/342/349 1366/1398/1443 1350/2670/3441
f 1350/2670/3441 1170/1165/3436 1412/520/521
f 1370/342/349 1350/2670/3441 1412/520/521
f 1405/340/3422 1370/342/349 1412/520/521
f 1411/85/87 1405/340/3422 1412/520/521
f 2423/2669/3437 2416/2147/3427 2383/2667/3426
f 1411/85/87 1412/520/521 1537/519/520
f 2384/2604/3244 2423/2669/3437 2383/2667/3426
f 2384/2604/3244 2383/2667/3426 2351/1799/1905
f 2384/2604/3244 2351/1799/1905 2311/2666/3425
f 2017/2605/3245 2384/2604/3244 2311/2666/3425
f 2017/2605/3245 2311/2666/3425 2286/2063/2240
f 2017/2605/3245 2286/2063/2240 2211/2020/3413
f 1536/2430/2792 1411/85/87 1537/519/520
f 1536/2430/2792 1537/519/520 1560/2334/2658
f 2017/2605/3245 2211/2020/3413 2004/1928/2057
f 1985/2332/2656 2017/2605/3245 2004/1928/2057
f 1606/1542/1602 1536/2430/2792 1560/2334/2658
f 1593/1929/2058 1985/2332/2656 2004/1928/2057
f 1606/1542/1602 1560/2334/2658 1593/1929/2058
f 593/1930/2059 618/690/690 592/692/689
f 453/2671/3442 382/106/108 381/105/107
f 450/927/3443 454/2672/3444 494/2424/3445
f 453/2671/3442 381/105/107 450/927/3443
f 424/1036/1052 434/1010/1024 446/2673/3446
f 453/2671/3442 450/927/3443 494/2424/3445
f 420/1037/1053 424/1036/1052 446/2673/3446
f 453/2671/3442 494/2424/3445 543/637/633
f 449/2156/2357 420/1037/1053 446/2673/3446
f 453/2671/3442 543/637/633 550/636/632
f 449/2156/2357 446/2673/3446 453/2671/3442
f 511/1072/2409 457/430/3447 449/2156/2357
f 563/559/3448 511/1072/2409 449/2156/2357
f 449/2156/2357 453/2671/3442 550/636/632
f 550/636/632 585/2136/3449 15/1720/1807
f 15/1720/1807 650/1719/1806 649/2522/3032
f 710/771/776 725/773/778 738/2521/3030
f 738/2521/3030 782/1610/3450 1697/1612/3451
f 1697/1612/3451 1698/1613/3452 1744/2125/2324
f 1697/1612/3451 1744/2125/2324 1756/1680/3453
f 1697/1612/3451 1756/1680/3453 1743/1682/3454
f 1743/1682/3454 1789/1681/3455 1820/1337/3456
f 1803/2536/3457 1841/1731/3458 1819/1730/3459
f 1743/1682/3454 1820/1337/3456 1803/2536/3457
f 1819/1730/3459 1858/2618/3295 2035/1746/1845
f 2149/2617/3460 2150/2674/3461 2160/2675/3462
f 2149/2617/3460 2160/2675/3462 2159/2676/3463
f 449/2156/2357 550/636/632 15/1720/1807
f 583/2345/3464 563/559/3448 449/2156/2357
f 584/549/551 605/551/553 583/2345/3464
f 724/1933/2062 737/2343/1531 584/549/551
f 1755/2181/3465 1769/2180/3466 1713/2677/1438
f 1755/2181/3465 1713/2677/1438 724/1933/2062
f 1926/152/3467 1872/2555/3119 1857/2179/2394
f 1899/2248/2521 1926/152/3467 1857/2179/2394
f 2176/2611/3260 2147/150/152 1899/2248/2521
f 2095/1305/1340 2096/1304/1722 2176/2611/3260
f 9/2157/3468 2076/1306/1341 10/2527/3041
f 2095/1305/1340 2176/2611/3260 1899/2248/2521
f 2098/705/3259 9/2157/3468 10/2527/3041
f 10/2527/3041 2095/1305/1340 1899/2248/2521
f 10/2527/3041 1899/2248/2521 1857/2179/2394
f 2098/705/3259 10/2527/3041 1857/2179/2394
f 2098/705/3259 1857/2179/2394 1755/2181/3465
f 2314/2628/3318 2341/1791/1896 2264/1645/1721
f 2358/2630/3320 2379/2629/3319 2314/2628/3318
f 2292/900/3371 2348/2631/3321 2358/2630/3320
f 2305/901/3469 2292/900/3371 2358/2630/3320
f 2358/2630/3320 2314/2628/3318 2264/1645/1721
f 2264/1645/1721 2098/705/3259 1755/2181/3465
f 2358/2630/3320 2264/1645/1721 1755/2181/3465
f 2317/1393/3470 2305/901/3469 2358/2630/3320
f 2316/2072/3471 2317/1393/3470 2358/2630/3320
f 2358/2630/3320 1755/2181/3465 724/1933/2062
f 584/549/551 583/2345/3464 449/2156/2357
f 2316/2072/3471 2358/2630/3320 724/1933/2062
f 724/1933/2062 584/549/551 449/2156/2357
f 449/2156/2357 15/1720/1807 649/2522/3032
f 449/2156/2357 649/2522/3032 710/771/776
f 2288/722/721 2316/2072/3471 724/1933/2062
f 724/1933/2062 449/2156/2357 710/771/776
f 724/1933/2062 710/771/776 738/2521/3030
f 4/2371/3472 2288/722/721 724/1933/2062
f 5/1932/2061 2274/2048/2223 4/2371/3472
f 2183/2653/3372 8/165/167 2253/2039/2211
f 5/1932/2061 4/2371/3472 724/1933/2062
f 2183/2653/3372 2253/2039/2211 5/1932/2061
f 2136/1968/2115 2152/1971/2118 2183/2653/3372
f 2163/1969/2116 2136/1968/2115 2183/2653/3372
f 724/1933/2062 738/2521/3030 1697/1612/3451
f 724/1933/2062 1697/1612/3451 1743/1682/3454
f 2194/1997/2160 2163/1969/2116 2183/2653/3372
f 2194/1997/2160 2183/2653/3372 5/1932/2061
f 724/1933/2062 1743/1682/3454 1803/2536/3457
f 724/1933/2062 1803/2536/3457 1819/1730/3459
f 2159/2676/3463 2194/1997/2160 5/1932/2061
f 2149/2617/3460 2159/2676/3463 5/1932/2061
f 724/1933/2062 1819/1730/3459 2035/1746/1845
f 2035/1746/1845 2149/2617/3460 5/1932/2061
f 536/625/2063 558/627/3473 547/872/880
f 1372/1315/1352 1379/1317/1354 1422/2474/2902
f 1422/2474/2902 1415/1740/1837 1382/1936/2066
f 1382/1936/2066 1352/1289/1319 1347/1291/1321
f 1372/1315/1352 1422/2474/2902 1382/1936/2066
f 793/1937/2067 1754/1966/2112 792/281/284
f 781/1479/1530 1712/2133/2331 709/548/550
f 638/2175/2387 667/731/3474 668/732/3475
f 670/734/2069 669/733/3476 671/735/3477
f 638/2175/2387 668/732/3475 670/734/2069
f 692/1615/1684 653/715/714 638/2175/2387
f 666/776/781 728/775/780 692/1615/1684
f 714/2535/3081 740/774/779 666/776/781
f 694/756/3478 715/76/78 714/2535/3081
f 671/735/3477 680/744/3479 693/755/2070
f 693/755/2070 694/756/3478 714/2535/3081
f 666/776/781 692/1615/1684 638/2175/2387
f 693/755/2070 714/2535/3081 666/776/781
f 670/734/2069 671/735/3477 693/755/2070
f 666/776/781 638/2175/2387 670/734/2069
f 28/12/2076 29/23/26 37/22/25
f 2116/2416/2771 2113/1973/3200 2132/1959/3480
f 2115/1941/2079 2094/1950/3481 2074/1278/3482
f 2116/2416/2771 2132/1959/3480 2115/1941/2079
f 2047/1942/2080 2034/1893/3483 2023/1881/2078
f 2075/1277/3484 2046/1279/3485 2047/1942/2080
f 2115/1941/2079 2074/1278/3482 2075/1277/3484
f 2023/1881/2078 2116/2416/2771 2115/1941/2079
f 2115/1941/2079 2075/1277/3484 2047/1942/2080
f 1051/1943/243 1064/141/143 1060/1944/2081
f 1060/1944/2081 1067/1093/1118 1056/1383/1423
f 1090/2266/2572 1078/235/237 1068/143/145
f 1068/143/145 1074/2247/2520 1050/1138/1167
f 1049/1945/2082 1090/2266/2572 1068/143/145
f 831/840/844 811/603/604 815/602/603
f 810/1946/2083 806/2395/2739 808/1947/2084
f 808/1947/2084 831/840/844 815/602/603
f 467/589/2086 767/850/853 564/713/3486
f 564/713/3486 627/712/3230 530/611/3229
f 529/610/2087 545/612/3487 16/605/3488
f 564/713/3486 530/611/3229 529/610/2087
f 528/606/3489 504/587/3490 467/589/2086
f 529/610/2087 16/605/3488 17/604/2088
f 17/604/2088 528/606/3489 467/589/2086
f 467/589/2086 564/713/3486 529/610/2087
f 1181/1558/1618 1201/2410/2764 1180/892/901
f 1267/1954/2096 1277/2570/3491 1276/1955/2097
f 18/5/142 22/4/3492 30/1957/28
f 30/1957/28 29/23/26 19/7/7
f 2280/1619/1691 2167/2578/3166 2131/2591/3493
f 2131/2591/3493 2235/1511/3264 2213/1662/1742
f 2213/1662/1742 2260/2033/3263 2300/2038/3494
f 2300/2038/3494 2329/2171/2380 2368/2093/2281
f 2357/1960/2102 2356/2114/2319 2346/2111/3495
f 2300/2038/3494 2368/2093/2281 2357/1960/2102
f 2280/1619/1691 2131/2591/3493 2213/1662/1742
f 2213/1662/1742 2300/2038/3494 2357/1960/2102
f 2357/1960/2102 2346/2111/3495 2345/1620/2103
f 2345/1620/2103 2280/1619/1691 2213/1662/1742
f 1129/1254/1283 1140/1145/3496 1149/992/1005
f 1149/992/1005 1124/2282/2592 1139/1096/1121
f 1765/2613/3268 2086/1387/1426 2108/1388/1427
f 2108/1388/1427 2085/2185/2401 1914/1964/2110
f 1914/1964/2110 1799/2457/2872 769/1965/2111
f 769/1965/2111 736/2459/2876 760/2458/2875
f 760/2458/2875 722/282/285 1725/2279/2590
f 1725/2279/2590 792/281/284 1754/1966/2112
f 1754/1966/2112 793/1937/2067 1765/2613/3268
f 1765/2613/3268 2108/1388/1427 1914/1964/2110
f 769/1965/2111 760/2458/2875 1725/2279/2590
f 1754/1966/2112 1765/2613/3268 1914/1964/2110
f 769/1965/2111 1725/2279/2590 1754/1966/2112
f 1055/599/600 1047/1057/1080 1209/1149/1178
f 1209/1149/1178 1254/1222/1251 1230/1221/1250
f 1230/1221/1250 1268/1223/1252 1299/1247/1276
f 1299/1247/1276 1290/1246/1275 1285/1485/2113
f 1285/1485/2113 1277/2570/3150 1267/1954/2096
f 1267/1954/2096 1055/599/600 1209/1149/1178
f 1230/1221/1250 1299/1247/1276 1285/1485/2113
f 1267/1954/2096 1209/1149/1178 1230/1221/1250
f 2468/1535/1595 2470/1785/2424 2460/1972/2119
f 2071/1926/2120 2088/1182/3497 2070/1948/2121
f 35/17/20 53/55/57 51/54/56
f 2113/1973/2123 2116/2416/3498 2157/615/2124
f 1893/1760/1860 1879/1744/1843 1894/1761/2126
f 491/1975/2129 499/1520/3499 498/1976/2130
f 1691/1384/461 1828/1549/1609 1802/2580/3171
f 1802/2580/3171 1784/1509/1567 1740/1508/1566
f 1740/1508/1566 1689/1378/1417 1690/1978/2132
f 1690/1978/2132 1683/2678/2648 1691/1384/461
f 1691/1384/461 1802/2580/3171 1740/1508/1566
f 859/69/71 875/936/2470 892/1861/1971
f 892/1861/1971 882/961/972 857/1981/2138
f 820/1982/2139 830/2566/1769 859/69/71
f 859/69/71 857/1981/2138 858/1121/1149
f 858/1121/1149 856/2056/2233 812/1983/2140
f 812/1983/2140 813/874/882 820/1982/2139
f 820/1982/2139 859/69/71 858/1121/1149
f 1195/1177/1206 1214/1239/1268 1187/434/432
f 1158/895/904 1215/1451/1501 1176/654/651
f 1158/895/904 1176/654/651 1177/1984/2141
f 1166/1985/2142 1127/1764/1865 1158/895/904
f 1962/1449/1499 1991/1858/3500 1948/1863/1973
f 1948/1863/1973 660/748/747 675/739/746
f 675/739/746 1976/1450/1500 1962/1449/1499
f 30/25/28 22/2679/3492 31/1987/2145
f 31/1987/2145 39/1348/1388 38/26/2146
f 2163/1969/2116 2194/1997/2160 2191/1590/3501
f 2163/1969/2116 2191/1590/3501 2161/1589/3502
f 2135/254/2148 2121/1967/2114 2163/1969/2116
f 2162/1988/2147 2151/128/3503 2135/254/2148
f 2163/1969/2116 2161/1589/3502 2162/1988/2147
f 2302/1991/2151 2287/2037/2208 2261/2034/2210
f 2261/2034/2210 2252/967/3504 2236/966/3505
f 2236/966/3505 2214/1510/3506 2168/613/610
f 2168/613/610 2157/615/612 2145/96/98
f 2273/1989/2149 2313/95/97 2330/1790/1895
f 2168/613/610 2145/96/98 2273/1989/2149
f 2302/1991/2151 2261/2034/2210 2236/966/3505
f 2236/966/3505 2168/613/610 2273/1989/2149
f 2273/1989/2149 2330/1790/1895 2303/1990/2150
f 2303/1990/2150 2340/2117/2313 2302/1991/2151
f 2302/1991/2151 2236/966/3505 2273/1989/2149
f 410/1736/1829 406/2032/2416 433/513/514
f 893/1992/2153 902/233/235 892/1861/1971
f 892/1861/1971 875/936/3507 883/935/2152
f 341/397/2154 333/396/3508 324/2615/3509
f 334/1727/3510 355/425/423 351/424/422
f 351/424/422 360/426/424 626/1158/1187
f 626/1158/1187 1721/1157/1760 1773/2612/3267
f 1773/2612/3267 1720/2652/3359 340/2651/3358
f 348/1993/2155 323/395/3511 341/397/2154
f 1773/2612/3267 340/2651/3358 348/1993/2155
f 351/424/422 626/1158/1187 1773/2612/3267
f 341/397/2154 324/2615/3509 334/1727/3510
f 351/424/422 1773/2612/3267 348/1993/2155
f 341/397/2154 334/1727/3510 351/424/422
f 2150/2674/3512 2149/2617/3513 2118/1114/2217
f 2118/1114/2217 2177/2045/2219 2180/1995/2158
f 2180/1995/2158 2179/2246/3514 2181/1996/2159
f 2181/1996/2159 2182/129/3515 2190/1588/3516
f 2190/1588/3516 2191/1590/3501 2194/1997/2160
f 2194/1997/2160 2159/2676/3463 2160/2675/3517
f 2160/2675/3517 2150/2674/3512 2118/1114/2217
f 2160/2675/3517 2118/1114/2217 2180/1995/2158
f 2181/1996/2159 2190/1588/3516 2194/1997/2160
f 2194/1997/2160 2160/2675/3517 2180/1995/2158
f 1079/1999/2162 1075/142/144 1065/240/242
f 1065/240/242 1061/2680/2499 1085/1998/2161
f 1085/1998/2161 1084/2090/2276 1079/1999/2162
f 2372/1798/1904 2362/2505/3007 2210/2028/2193
f 2247/2000/2163 2248/2681/3518 2338/2001/2164
f 2372/1798/1904 2210/2028/2193 2247/2000/2163
f 202/943/953 204/945/955 203/2002/2165
f 1779/2004/2167 1767/2682/3519 1678/2683/3520
f 1678/2683/3520 1692/2187/2404 1780/2003/2166
f 1780/2003/2166 1781/2684/3521 1782/500/3522
f 1782/500/3522 1852/384/381 1814/386/383
f 1814/386/383 1851/1718/1805 1837/1717/1804
f 1837/1717/1804 1827/1716/1803 1779/2004/2167
f 1779/2004/2167 1678/2683/3520 1780/2003/2166
f 1780/2003/2166 1782/500/3522 1814/386/383
f 1814/386/383 1837/1717/1804 1779/2004/2167
f 900/498/499 899/958/969 869/186/188
f 852/1890/2006 827/2030/2195 834/2007/2171
f 834/2007/2171 853/187/189 868/902/911
f 868/902/911 867/659/656 852/1890/2006
f 2467/2008/2172 2475/2200/3523 2469/2009/2173
f 2142/2012/2176 2143/1879/1989 2212/2013/2177
f 2114/1949/2180 2132/1959/3480 2113/1973/3200
f 2113/1973/3200 2131/2591/3199 2167/2578/3524
f 2167/2578/3524 1888/2553/3113 1889/1755/1853
f 1890/1757/1855 1878/1758/1857 1891/1476/1527
f 2167/2578/3524 1889/1755/1853 1890/1757/1855
f 2114/1949/2180 2113/1973/3200 2167/2578/3524
f 2074/1278/1308 2094/1950/3525 2114/1949/2180
f 2033/2015/2179 2046/1279/1309 2074/1278/1308
f 1915/1794/3526 2009/1841/3527 2033/2015/2179
f 1892/1759/1859 1905/1777/3528 1915/1794/3526
f 1869/1743/1842 1879/1744/1843 1892/1759/1859
f 2167/2578/3524 1890/1757/1855 1891/1476/1527
f 1891/1476/1527 1869/1743/1842 1892/1759/1859
f 1891/1476/1527 1892/1759/1859 1915/1794/3526
f 2114/1949/2180 2167/2578/3524 1891/1476/1527
f 2033/2015/2179 2074/1278/1308 2114/1949/2180
f 1891/1476/1527 1915/1794/3526 2033/2015/2179
f 518/2016/2181 478/570/3529 511/1072/1095
f 511/1072/1095 542/1073/1096 519/2017/2182
f 519/2017/2182 541/2485/2958 518/2016/2181
f 827/2030/2195 852/1890/2006 851/1891/2008
f 1344/1285/2196 1350/2670/3441 1349/1420/1468
f 2467/2008/2172 2466/1636/1708 2456/1012/1707
f 80/962/973 76/964/975 45/33/3530
f 45/33/3530 40/32/38 46/38/40
f 46/38/40 50/2339/2663 72/725/724
f 72/725/724 51/54/56 70/71/73
f 82/73/75 81/72/74 77/1471/1522
f 72/725/724 70/71/73 82/73/75
f 45/33/3530 46/38/40 72/725/724
f 86/2232/2473 84/963/974 80/962/973
f 80/962/973 45/33/3530 72/725/724
f 82/73/75 77/1471/1522 83/486/487
f 80/962/973 72/725/724 82/73/75
f 97/87/89 86/2232/2473 80/962/973
f 99/721/720 98/88/90 97/87/89
f 107/1527/1586 105/719/718 99/721/720
f 112/2620/3302 114/43/45 107/1527/1586
f 110/2421/2778 112/2620/3302 107/1527/1586
f 107/1527/1586 99/721/720 97/87/89
f 97/87/89 80/962/973 82/73/75
f 82/73/75 83/486/487 85/485/486
f 85/485/486 90/484/485 92/1543/1603
f 92/1543/1603 94/157/159 96/156/158
f 96/156/158 100/99/101 95/98/100
f 95/98/100 101/100/102 103/1671/1762
f 103/1671/1762 104/2423/2781 110/2421/2778
f 110/2421/2778 107/1527/1586 97/87/89
f 97/87/89 82/73/75 85/485/486
f 92/1543/1603 96/156/158 95/98/100
f 97/87/89 85/485/486 92/1543/1603
f 103/1671/1762 110/2421/2778 97/87/89
f 97/87/89 92/1543/1603 95/98/100
f 460/1130/1159 477/2067/2814 493/2035/2206
f 493/2035/2206 478/570/3529 518/2016/2181
f 518/2016/2181 541/2485/2958 492/2036/2207
f 492/2036/2207 510/2484/2957 500/922/932
f 500/922/932 484/647/643 501/646/642
f 501/646/642 460/1130/1159 493/2035/2206
f 493/2035/2206 518/2016/2181 492/2036/2207
f 492/2036/2207 500/922/932 501/646/642
f 2287/2037/2208 2301/2065/3531 2300/2038/2209
f 2300/2038/2209 2260/2033/3532 2261/2034/2210
f 825/839/843 1356/1303/3533 838/2043/2216
f 2118/1114/2217 2099/1952/3534 2134/2044/2218
f 330/2047/2222 320/181/183 371/446/2220
f 371/446/2220 369/445/2953 349/2046/2221
f 349/2046/2221 339/367/3535 330/2047/2222
f 2274/2048/2223 5/1932/2061 2253/2039/2211
f 2253/2039/2211 7/167/169 2270/2040/2212
f 2270/2040/2212 6/245/247 2275/723/2224
f 2275/723/2224 4/2371/3536 2274/2048/2223
f 2274/2048/2223 2253/2039/2211 2270/2040/2212
f 173/785/789 169/224/226 177/223/225
f 177/223/225 186/2308/2624 195/1593/1660
f 195/1593/1660 196/2115/2311 197/507/510
f 198/506/509 201/1805/1912 203/2002/2165
f 195/1593/1660 197/507/510 198/506/509
f 173/785/789 177/223/225 195/1593/1660
f 148/179/181 161/786/790 154/2050/2226
f 173/785/789 195/1593/1660 198/506/509
f 145/177/179 148/179/181 154/2050/2226
f 173/785/789 198/506/509 203/2002/2165
f 144/1693/1782 145/177/179 154/2050/2226
f 173/785/789 203/2002/2165 204/945/955
f 142/1691/1780 144/1693/1782 154/2050/2226
f 140/1312/1349 142/1691/1780 154/2050/2226
f 130/127/129 135/1313/1350 140/1312/1349
f 115/1528/1587 126/126/128 125/125/127
f 125/125/127 130/127/129 140/1312/1349
f 125/125/127 140/1312/1349 154/2050/2226
f 105/719/718 115/1528/1587 125/125/127
f 98/88/90 99/721/720 102/720/719
f 102/720/719 105/719/718 125/125/127
f 98/88/90 102/720/719 125/125/127
f 84/963/974 86/2232/2473 88/86/88
f 88/86/88 98/88/90 125/125/127
f 84/963/974 88/86/88 125/125/127
f 32/31/15 45/33/3530 76/964/975
f 76/964/975 84/963/974 125/125/127
f 32/31/15 76/964/975 125/125/127
f 59/2655/3378 63/2654/3377 32/31/15
f 71/2657/3380 75/2656/3379 59/2655/3378
f 159/201/203 163/200/202 118/2658/3381
f 118/2658/3381 71/2657/3380 59/2655/3378
f 59/2655/3378 32/31/15 125/125/127
f 165/202/204 159/201/203 118/2658/3381
f 318/2353/2686 171/214/216 176/222/224
f 318/2353/2686 176/222/224 165/202/204
f 168/208/210 172/210/212 170/2354/2687
f 170/2354/2687 318/2353/2686 165/202/204
f 170/2354/2687 165/202/204 118/2658/3381
f 122/2049/2225 168/208/210 170/2354/2687
f 362/543/545 347/2355/2690 122/2049/2225
f 373/450/450 368/544/546 362/543/545
f 374/2356/2691 364/449/449 242/448/448
f 242/448/448 373/450/450 362/543/545
f 122/2049/2225 170/2354/2687 118/2658/3381
f 242/448/448 362/543/545 122/2049/2225
f 367/540/542 377/541/543 374/2356/2691
f 374/2356/2691 242/448/448 122/2049/2225
f 122/2049/2225 118/2658/3381 59/2655/3378
f 204/945/955 207/944/954 209/2272/2580
f 212/259/262 213/261/264 215/263/266
f 204/945/955 209/2272/2580 212/259/262
f 173/785/789 204/945/955 212/259/262
f 212/259/262 215/263/266 214/262/265
f 214/262/265 216/110/112 219/2236/2496
f 219/2236/2496 221/112/114 224/1850/1961
f 224/1850/1961 226/2286/2597 243/1695/309
f 295/1694/1783 363/428/426 367/540/542
f 224/1850/1961 243/1695/309 295/1694/1783
f 214/262/265 219/2236/2496 224/1850/1961
f 173/785/789 212/259/262 214/262/265
f 154/2050/2226 173/785/789 214/262/265
f 214/262/265 224/1850/1961 295/1694/1783
f 295/1694/1783 367/540/542 374/2356/2691
f 122/2049/2225 59/2655/3378 125/125/127
f 295/1694/1783 374/2356/2691 122/2049/2225
f 154/2050/2226 214/262/265 295/1694/1783
f 122/2049/2225 125/125/127 154/2050/2226
f 626/1158/1187 360/426/424 355/425/423
f 268/1359/1398 258/325/3537 257/324/3311
f 268/1359/1398 257/324/3311 269/1788/1891
f 659/1159/1188 626/1158/1187 355/425/423
f 1774/1491/1761 1721/1157/1760 659/1159/1188
f 682/1644/1720 1750/1600/1671 1774/1491/1761
f 473/514/515 485/516/517 682/1644/1720
f 356/1594/1661 464/2328/2653 473/514/515
f 268/1359/1398 269/1788/1891 302/1873/1983
f 356/1594/1661 473/514/515 682/1644/1720
f 334/1727/1814 268/1359/1398 302/1873/1983
f 356/1594/1661 682/1644/1720 1774/1491/1761
f 334/1727/1814 302/1873/1983 356/1594/1661
f 1774/1491/1761 659/1159/1188 355/425/423
f 355/425/423 334/1727/1814 356/1594/1661
f 24/37/39 40/2685/38 32/14/15
f 829/2055/2232 812/1983/2140 856/2056/2233
f 2125/20/23 2087/1521/1581 2109/1961/2105
f 2109/1961/2105 2139/1472/3538 2219/1474/3539
f 2218/1894/2013 2268/443/1259 2269/2057/2234
f 2109/1961/2105 2219/1474/3539 2218/1894/2013
f 2294/1067/1090 2125/20/23 2109/1961/2105
f 2269/2057/2234 2295/1068/1091 2294/1067/1090
f 2109/1961/2105 2218/1894/2013 2269/2057/2234
f 2491/2064/2241 2488/2623/3307 2479/1905/2028
f 2494/465/465 2500/359/362 2498/358/361
f 2491/2064/2241 2479/1905/2028 2494/465/465
f 1787/2066/2243 1742/2426/2787 2117/998/1011
f 2117/998/1011 2116/2416/2771 2023/1881/2078
f 1978/579/580 1958/1849/1959 1925/1795/1902
f 2117/998/1011 2023/1881/2078 1978/579/580
f 1818/2275/94 1785/268/272 1786/2686/1010
f 1881/1749/3540 1870/630/3541 1856/93/3542
f 1856/93/3542 1818/2275/94 1786/2686/1010
f 1856/93/3542 1786/2686/1010 1871/2687/3543
f 1894/1761/2126 1880/1748/3544 1881/1749/3540
f 1881/1749/3540 1856/93/3542 1871/2687/3543
f 1787/2066/2243 2117/998/1011 1978/579/580
f 1978/579/580 1925/1795/1902 1906/1796/1901
f 1906/1796/1901 1905/1777/3545 1898/1766/1868
f 1894/1761/2126 1881/1749/3540 1871/2687/3543
f 1906/1796/1901 1898/1766/1868 1894/1761/2126
f 1787/2066/2243 1978/579/580 1906/1796/1901
f 1894/1761/2126 1871/2687/3543 1787/2066/2243
f 1625/1767/1869 1639/2323/2646 1681/462/462
f 1681/462/462 1661/1585/1651 1635/1475/1526
f 462/1041/1059 478/570/572 493/2035/2250
f 488/2068/2252 482/1412/1458 497/2069/2253
f 487/2070/472 393/949/959 488/2068/2252
f 882/961/972 874/960/971 858/1121/1149
f 1179/2073/653 1188/2688/821 1159/822/823
f 1159/822/823 1138/2619/3298 1123/1765/1866
f 1123/1765/1866 1166/1985/2142 1177/1984/2141
f 1179/2073/653 1159/822/823 1123/1765/1866
f 2337/2079/2263 2336/2097/2288 2323/2080/2264
f 6/245/247 7/167/169 2271/415/413
f 2271/415/413 2283/2053/3546 2282/2051/2227
f 1972/2088/2273 1939/1747/1846 1859/1732/2274
f 1075/142/144 1079/1999/2162 1084/2090/2276
f 1240/137/139 1231/1208/2912 1212/1195/1224
f 1232/2155/2356 1213/1191/1220 1247/2482/3547
f 1240/137/139 1212/1195/1224 1232/2155/2356
f 1260/883/892 1269/885/894 1259/138/140
f 1259/138/140 1240/137/139 1232/2155/2356
f 1232/2155/2356 1247/2482/3547 1246/2481/3548
f 1246/2481/3548 1263/1217/3549 1261/1216/2277
f 1261/1216/2277 1262/1215/3550 1281/2480/2940
f 1281/2480/2940 1279/1249/2075 1278/1940/2074
f 1278/1940/2074 1270/884/2924 1260/883/892
f 1260/883/892 1259/138/140 1232/2155/2356
f 1232/2155/2356 1246/2481/3548 1261/1216/2277
f 1261/1216/2277 1281/2480/2940 1278/1940/2074
f 1260/883/892 1232/2155/2356 1261/1216/2277
f 2387/2092/2280 2357/1960/2102 2368/2093/2281
f 1787/2066/2243 1871/2687/3543 1786/997/1010
f 1800/2099/2290 1695/996/1009 1813/1677/1768
f 1787/2066/2243 1786/997/1010 1800/2099/2290
f 1800/2099/2290 1813/1677/1768 1726/1016/1030
f 928/1724/1811 949/1174/1203 1159/822/823
f 1767/2682/3519 1779/2004/2167 1827/1716/1803
f 1767/2682/3519 1827/1716/1803 1801/2212/2442
f 1677/2100/2292 1678/2683/3520 1767/2682/3519
f 1687/460/460 1673/2188/2405 1677/2100/2292
f 1741/270/273 1691/461/461 1684/2324/2647
f 1684/2324/2647 1687/460/460 1677/2100/2292
f 1677/2100/2292 1767/2682/3519 1801/2212/2442
f 1766/1684/2291 1778/995/1008 1741/270/273
f 1677/2100/2292 1801/2212/2442 1766/1684/2291
f 1741/270/273 1684/2324/2647 1677/2100/2292
f 1523/2689/2756 1515/2276/889 1507/271/274
f 1507/271/274 1500/2690/276 1488/2691/615
f 1488/2691/615 1473/2351/2681 1435/795/797
f 1435/795/797 1427/794/796 1421/220/222
f 1394/219/221 1376/221/3154 1483/2574/3157
f 1435/795/797 1421/220/222 1394/219/221
f 1507/271/274 1488/2691/615 1435/795/797
f 1523/2689/2756 1507/271/274 1435/795/797
f 1394/219/221 1483/2574/3157 1474/2573/3156
f 1589/2576/3163 1586/2575/3162 1970/2230/2471
f 1970/2230/2471 2021/2692/81 1669/1738/1836
f 1669/1738/1836 1626/1526/1585 1588/1525/1584
f 1588/1525/1584 1584/1524/1564 1551/296/300
f 1546/2102/2294 1541/298/302 1535/2693/890
f 1535/2693/890 1523/2689/2756 1435/795/797
f 1435/795/797 1394/219/221 1474/2573/3156
f 1525/2101/2293 1589/2576/3163 1970/2230/2471
f 1970/2230/2471 1669/1738/1836 1588/1525/1584
f 1970/2230/2471 1588/1525/1584 1551/296/300
f 1435/795/797 1474/2573/3156 1525/2101/2293
f 1535/2693/890 1435/795/797 1525/2101/2293
f 1525/2101/2293 1970/2230/2471 1551/296/300
f 1546/2102/2294 1535/2693/890 1525/2101/2293
f 1025/2263/1516 896/1053/2559 909/1004/3551
f 1037/1006/1020 976/1005/1019 1048/2483/2955
f 1025/2263/1516 909/1004/3551 1037/1006/1020
f 1218/2310/2626 1162/2433/2807 1036/2434/2808
f 1070/1108/1133 1218/2310/2626 1036/2434/2808
f 1036/2434/2808 1025/2263/1516 1037/1006/1020
f 1037/1006/1020 1048/2483/2955 1091/1112/1139
f 1091/1112/1139 1131/952/962 1121/2313/2629
f 1121/2313/2629 1100/311/315 1057/313/317
f 1057/313/317 1080/312/316 1044/2103/2295
f 1053/1109/1134 1070/1108/1133 1036/2434/2808
f 1044/2103/2295 1053/1109/1134 1036/2434/2808
f 1037/1006/1020 1091/1112/1139 1121/2313/2629
f 1037/1006/1020 1121/2313/2629 1057/313/317
f 1044/2103/2295 1036/2434/2808 1037/1006/1020
f 596/1811/1919 576/663/660 577/2108/2301
f 195/1593/1660 193/2318/2636 194/413/411
f 2339/2116/2312 2312/2071/3552 2301/2065/2242
f 2301/2065/2242 2302/1991/2151 2340/2117/2313
f 2340/2117/2313 2303/1990/2150 2330/1790/1895
f 2330/1790/1895 2378/2625/3313 2370/2118/2314
f 2370/2118/2314 2369/168/3553 2347/487/3554
f 2339/2116/2312 2301/2065/2242 2340/2117/2313
f 2370/2118/2314 2347/487/3554 2339/2116/2312
f 2340/2117/2313 2330/1790/1895 2370/2118/2314
f 1370/342/349 1399/341/348 1398/676/673
f 1398/676/673 1369/2515/3020 1366/1398/1443
f 554/635/631 532/1763/1863 522/1762/2315
f 522/1762/2315 515/596/597 505/590/591
f 505/590/591 487/2070/472 497/2069/2253
f 497/2069/2253 523/2450/2852 533/1776/1877
f 533/1776/1877 554/635/631 522/1762/2315
f 522/1762/2315 505/590/591 497/2069/2253
f 1060/1944/2081 1068/143/145 1078/235/237
f 800/421/419 904/2320/2640 924/975/987
f 2275/723/722 2304/247/3555 2315/1994/2316
f 2315/1994/2316 2316/2072/3471 2288/722/721
f 2281/724/723 2275/723/722 2315/1994/2316
f 358/2120/2318 361/2659/3390 1884/1843/3556
f 1883/2119/2317 1897/1780/1883 1909/1779/1882
f 358/2120/2318 1884/1843/3556 1883/2119/2317
f 1661/2121/1651 1681/2694/462 1683/2678/2648
f 1683/2678/2648 1690/1978/2132 1689/1378/1417
f 1689/1378/1417 1676/1597/1664 1672/1596/1663
f 1672/1596/1663 1680/1380/3557 1671/2552/3558
f 1671/2552/3558 1667/2695/1652 1661/2121/1651
f 1661/2121/1651 1683/2678/2648 1689/1378/1417
f 1672/1596/1663 1671/2552/3558 1661/2121/1651
f 2436/2122/2321 2423/2669/3437 2384/2604/3244
f 2384/2604/3244 2392/1874/1984 2406/1116/1144
f 2406/1116/1144 2450/2190/2956 2449/162/3559
f 2449/162/3559 2448/1363/3560 2439/2123/2322
f 2439/2123/2322 2444/2182/2493 2433/108/110
f 2433/108/110 2434/264/267 2436/2122/2321
f 2436/2122/2321 2384/2604/3244 2406/1116/1144
f 2406/1116/1144 2449/162/3559 2439/2123/2322
f 2439/2123/2322 2433/108/110 2436/2122/2321
f 1744/2125/2324 1698/1613/3452 772/1611/3561
f 772/1611/3561 782/1610/3450 738/2521/3030
f 738/2521/3030 726/1120/1148 750/1461/1511
f 750/1461/1511 783/1460/1510 773/2126/2325
f 1745/1900/2021 1757/1871/3562 1770/1338/1376
f 738/2521/3030 750/1461/1511 773/2126/2325
f 1745/1900/2021 1770/1338/1376 1790/2127/2326
f 772/1611/3561 738/2521/3030 773/2126/2325
f 773/2126/2325 1745/1900/2021 1790/2127/2326
f 1790/2127/2326 1789/1681/3094 1756/1680/3563
f 1744/2125/2324 772/1611/3561 773/2126/2325
f 1790/2127/2326 1756/1680/3563 1744/2125/2324
f 810/1946/2083 815/602/603 822/2128/2327
f 684/763/3564 677/762/3565 646/827/3566
f 646/827/3566 678/766/764 685/765/763
f 685/765/763 720/770/3567 734/790/3568
f 734/790/3568 747/802/3569 791/808/810
f 791/808/810 790/2592/3209 746/2696/3570
f 746/2696/3570 745/801/803 719/800/802
f 719/800/802 703/799/801 702/764/762
f 684/763/3564 646/827/3566 685/765/763
f 719/800/802 702/764/762 684/763/3564
f 791/808/810 746/2696/3570 719/800/802
f 685/765/763 734/790/3568 791/808/810
f 719/800/802 684/763/3564 685/765/763
f 2404/2132/2329 2414/2144/3571 2403/2668/3431
f 2403/2668/3431 2391/2131/3433 2390/2130/2330
f 2390/2130/2330 2362/2505/3007 2372/1798/1904
f 2382/1800/1906 2383/2667/3426 2405/2146/3428
f 2390/2130/2330 2372/1798/1904 2382/1800/1906
f 2404/2132/2329 2403/2668/3431 2390/2130/2330
f 2382/1800/1906 2405/2146/3428 2404/2132/2329
f 1788/2556/3121 1742/2426/2787 1711/1018/1032
f 1711/1018/1032 1696/2340/2664 1712/2133/2331
f 1712/2133/2331 781/1479/1530 1768/2134/2332
f 1768/2134/2332 1788/2556/3121 1711/1018/1032
f 571/638/634 586/1927/2056 623/2523/3033
f 606/2135/2333 622/1252/1281 585/2136/2334
f 571/638/634 623/2523/3033 606/2135/2333
f 585/2136/2334 550/636/632 571/638/634
f 2366/2110/3572 2355/2112/3573 2367/2113/3574
f 2367/2113/3574 2356/2114/3575 2387/2092/3576
f 2387/2092/3576 2376/2094/3577 2424/2170/3578
f 2424/2170/3578 2429/2169/3579 2441/2178/3580
f 2440/2177/3581 2446/1925/3582 2452/1924/2335
f 2424/2170/3578 2441/2178/3580 2440/2177/3581
f 2367/2113/3574 2387/2092/3576 2424/2170/3578
f 2421/2138/2337 2365/2109/3583 2366/2110/3572
f 2366/2110/3572 2367/2113/3574 2424/2170/3578
f 2366/2110/3572 2424/2170/3578 2440/2177/3581
f 2420/866/874 2407/2577/2748 2421/2138/2337
f 2421/2138/2337 2366/2110/3572 2440/2177/3581
f 2452/1924/2335 2458/2196/3584 2428/2137/2336
f 2421/2138/2337 2440/2177/3581 2452/1924/2335
f 2428/2137/2336 2420/866/874 2421/2138/2337
f 421/2139/2338 427/1356/1395 411/1413/1459
f 411/1413/1459 398/2462/2882 403/2140/2339
f 2219/1474/1525 2140/1473/1524 2089/999/1012
f 2090/812/815 2112/811/814 2128/1962/2108
f 2219/1474/1525 2089/999/1012 2090/812/815
f 2231/2148/2345 2259/441/439 2246/1895/3585
f 2246/1895/3585 2219/1474/1525 2090/812/815
f 2128/1962/2108 2141/1963/2109 2174/2251/2525
f 2246/1895/3585 2090/812/815 2128/1962/2108
f 2296/1230/1258 2263/442/440 2231/2148/2345
f 2231/2148/2345 2246/1895/3585 2128/1962/2108
f 2128/1962/2108 2174/2251/2525 2187/171/173
f 2187/171/173 2205/173/175 2323/2080/2264
f 2336/2097/2288 2335/2096/2287 2334/2086/2272
f 2187/171/173 2323/2080/2264 2336/2097/2288
f 2231/2148/2345 2128/1962/2108 2187/171/173
f 2327/1436/2270 2296/1230/1258 2231/2148/2345
f 2336/2097/2288 2334/2086/2272 2310/2087/2271
f 2310/2087/2271 2327/1436/2270 2231/2148/2345
f 2231/2148/2345 2187/171/173 2336/2097/2288
f 2402/2129/3006 2423/2669/3437 2436/2122/2321
f 2436/2122/2321 2434/264/267 2422/265/268
f 2422/265/268 2419/2153/3586 2413/2154/3587
f 2413/2154/3587 2412/2141/3588 2401/2143/2346
f 2381/535/537 2333/2085/3589 2343/2095/3590
f 2401/2143/2346 2381/535/537 2343/2095/3590
f 2343/2095/3590 2335/2096/2287 2344/2098/2289
f 2344/2098/2289 2337/2079/2263 2328/2081/2265
f 2328/2081/2265 2402/2129/3006 2436/2122/2321
f 2436/2122/2321 2422/265/268 2413/2154/3587
f 2401/2143/2346 2343/2095/3590 2344/2098/2289
f 2436/2122/2321 2413/2154/3587 2401/2143/2346
f 2344/2098/2289 2328/2081/2265 2436/2122/2321
f 933/971/982 954/1001/1015 940/2151/2348
f 1190/1156/1185 1182/994/1007 1234/1205/2350
f 1234/1205/2350 1233/1203/2534 1202/2152/2351
f 1202/2152/2351 1225/2253/2533 1200/925/935
f 1200/925/935 1201/2410/3224 1203/1557/1617
f 1203/1557/1617 1190/1156/1185 1234/1205/2350
f 1202/2152/2351 1200/925/935 1203/1557/1617
f 1212/1195/1224 1175/134/3591 1164/136/1112
f 1164/136/1112 1213/1191/1220 1232/2155/2356
f 402/249/251 420/1037/1053 449/2156/2357
f 449/2156/2357 448/432/430 443/1408/1454
f 443/1408/1454 435/511/512 433/513/514
f 433/513/514 390/478/479 395/477/478
f 395/477/478 402/249/251 449/2156/2357
f 449/2156/2357 443/1408/1454 433/513/514
f 2097/704/705 2077/2526/3040 9/2157/2358
f 503/2158/2360 472/2205/2432 512/2159/2361
f 983/284/2363 970/1028/3592 951/1330/3593
f 951/1330/3593 930/1329/1367 916/919/929
f 916/919/929 931/968/979 932/969/980
f 952/988/2362 939/987/3594 940/2151/3595
f 916/919/929 932/969/980 952/988/2362
f 983/284/2363 951/1330/3593 916/919/929
f 971/941/951 984/1194/3596 983/284/2363
f 940/2151/3595 953/939/949 971/941/951
f 983/284/2363 916/919/929 952/988/2362
f 952/988/2362 940/2151/3595 971/941/951
f 742/813/2364 755/815/848 741/2160/2365
f 2248/2681/3518 2247/2000/2163 2220/2029/2194
f 2220/2029/2194 2210/2697/2193 2188/333/340
f 2188/333/340 2129/2698/342 2092/696/3008
f 2093/698/696 2073/697/695 2059/2370/2709
f 2188/333/340 2092/696/3008 2093/698/696
f 2248/2681/3518 2220/2029/2194 2188/333/340
f 2351/1799/1905 2338/2001/2164 2248/2681/3518
f 2298/2058/2235 2311/2666/3425 2351/1799/1905
f 2279/2061/3597 2297/2059/2236 2298/2058/2235
f 2232/2018/3598 2285/2062/3599 2279/2061/3597
f 2004/1928/2057 2222/2021/3414 2221/2019/2371
f 2221/2019/2371 2232/2018/3598 2279/2061/3597
f 2279/2061/3597 2298/2058/2235 2351/1799/1905
f 2248/2681/3518 2188/333/340 2093/698/696
f 2279/2061/3597 2351/1799/1905 2248/2681/3518
f 1977/1846/1956 2004/1928/2057 2221/2019/2371
f 2221/2019/2371 2279/2061/3597 2248/2681/3518
f 2093/698/696 2059/2370/2709 2016/2508/3600
f 2221/2019/2371 2248/2681/3518 2093/698/696
f 2003/2164/2370 1977/1846/1956 2221/2019/2371
f 2093/698/696 2016/2508/3600 2003/2164/2370
f 854/174/176 870/185/187 819/2165/2372
f 1151/1456/1504 1161/1201/1230 1168/1687/1776
f 599/666/2373 612/684/3402 611/1892/2009
f 611/1892/2009 598/680/678 578/649/646
f 578/649/646 579/650/648 599/666/2373
f 1540/2166/2374 1556/1327/1365 1542/2167/2375
f 2300/2038/3494 2312/2071/3601 2339/2116/3602
f 2347/487/3603 2377/170/3604 2388/169/2378
f 2300/2038/3494 2339/2116/3602 2347/487/3603
f 2329/2171/2380 2300/2038/3494 2347/487/3603
f 2388/169/2378 2430/796/3605 2424/2170/3606
f 2388/169/2378 2424/2170/3606 2376/2094/3607
f 2329/2171/2380 2347/487/3603 2388/169/2378
f 2388/169/2378 2376/2094/3607 2368/2093/2379
f 2122/1701/1790 2484/2359/2693 2426/2172/2381
f 1295/2174/2383 1303/1231/1260 1258/1214/2384
f 444/527/3608 382/106/3609 453/2671/3442
f 434/1010/1024 494/2424/3445 454/2672/3444
f 454/2672/3444 450/927/3443 447/532/3610
f 454/2672/3444 447/532/3610 445/531/2385
f 444/527/3608 453/2671/3442 446/2673/3446
f 383/104/106 444/527/3608 446/2673/3446
f 434/1010/1024 454/2672/3444 445/531/2385
f 383/104/106 446/2673/3446 434/1010/1024
f 1854/1478/2388 1840/631/3611 1880/1748/2389
f 1137/1141/1170 1172/1372/1411 1143/2176/2391
f 1840/631/627 1854/1478/1529 1839/1385/1424
f 1839/1385/1424 1817/1729/1820 1855/632/628
f 1857/2179/2394 1872/2555/3119 1769/2180/2395
f 2465/2184/2400 2455/163/165 2451/1635/1706
f 2466/1636/1708 2469/2009/2173 2464/2183/2399
f 2464/2183/2399 2454/1043/1061 2447/164/166
f 2465/2184/2400 2451/1635/1706 2466/1636/1708
f 2464/2183/2399 2447/164/166 2465/2184/2400
f 1984/2456/2871 1914/1964/2110 2085/2185/2401
f 2085/2185/2401 2173/2224/2455 2068/2186/2402
f 2068/2186/2402 2058/2277/2588 2042/277/280
f 2042/277/280 1984/2456/2871 2085/2185/2401
f 1706/2189/2406 1782/500/503 1781/2684/3612
f 1781/2684/3612 1780/2003/2166 1692/2187/2404
f 1692/2187/2404 1678/2683/3520 1677/2100/2292
f 1673/2188/2405 1639/2323/2646 1706/2189/2406
f 1692/2187/2404 1677/2100/2292 1673/2188/2405
f 1706/2189/2406 1781/2684/3612 1692/2187/2404
f 463/569/2408 457/430/3447 511/1072/2409
f 1032/518/519 1051/241/243 1056/1383/1423
f 1056/1383/1423 1000/2472/2898 1002/2194/2412
f 1002/2194/2412 1001/1176/1205 979/517/518
f 966/2195/2413 1032/518/519 1056/1383/1423
f 1002/2194/2412 979/517/518 966/2195/2413
f 409/489/2415 418/488/3613 384/467/467
f 384/467/467 386/466/466 385/470/470
f 385/470/470 388/471/471 396/250/3614
f 396/250/3614 390/478/3615 406/2032/2416
f 406/2032/2416 410/1736/1829 409/489/2415
f 409/489/2415 384/467/467 385/470/470
f 385/470/470 396/250/3614 406/2032/2416
f 326/387/2418 361/2659/3390 358/2120/2318
f 358/2120/2318 306/373/3616 292/371/1834
f 307/40/42 315/388/3617 326/387/2418
f 358/2120/2318 292/371/1834 307/40/42
f 2009/1841/2420 2034/1893/3618 2047/1942/2419
f 2047/1942/2419 2046/1279/1309 2033/2015/2179
f 704/791/2421 734/790/3619 720/770/2422
f 21/8/8 19/7/7 29/23/26
f 998/1052/1074 1030/2606/3247 1018/398/396
f 620/2199/2426 687/2278/2589 538/2198/2425
f 538/2198/2425 539/619/3620 540/618/1766
f 540/618/1766 648/280/283 620/2199/2426
f 472/2205/2432 503/2158/2360 458/2204/2431
f 458/2204/2431 455/572/574 468/571/573
f 1924/1820/2435 1955/1819/3621 2004/1928/2057
f 2004/1928/2057 1977/1846/1956 12/1848/1958
f 12/1848/1958 1937/2509/3012 1887/2512/3015
f 1887/2512/3015 1904/2511/3014 1693/1649/1726
f 1693/1649/1726 1739/1648/1725 1938/1822/3417
f 1924/1820/2435 2004/1928/2057 12/1848/1958
f 1693/1649/1726 1938/1822/3417 1924/1820/2435
f 12/1848/1958 1887/2512/3015 1693/1649/1726
f 1543/2208/2436 1538/456/456 1548/2209/2437
f 562/677/675 507/2363/2700 490/578/2439
f 490/578/2439 474/577/3622 469/2211/2440
f 469/2211/2440 508/2365/2702 562/677/675
f 1827/1716/2441 1809/1683/3623 1766/1684/2291
f 907/217/219 941/2242/2503 933/971/982
f 906/970/981 905/920/930 907/217/219
f 746/2696/3570 790/2592/3209 1981/416/414
f 1981/416/414 2040/1188/1217 1901/1783/2991
f 1901/1783/2991 1912/1782/3624 1847/2614/3625
f 1847/2614/3625 1836/1713/3626 1823/1712/3627
f 1822/1711/2450 1835/1698/3628 1798/1674/3629
f 1847/2614/3625 1823/1712/3627 1822/1711/2450
f 1981/416/414 1901/1783/2991 1847/2614/3625
f 745/801/803 746/2696/3570 1981/416/414
f 702/764/762 703/799/801 745/801/803
f 662/2417/2773 677/762/760 702/764/762
f 597/681/679 631/714/713 662/2417/2773
f 595/664/661 576/663/660 596/1811/1919
f 596/1811/1919 597/681/679 662/2417/2773
f 662/2417/2773 702/764/762 745/801/803
f 745/801/803 1981/416/414 1847/2614/3625
f 1822/1711/2450 1798/1674/3629 1776/1673/3630
f 745/801/803 1847/2614/3625 1822/1711/2450
f 596/1811/1919 662/2417/2773 745/801/803
f 574/934/945 595/664/661 596/1811/1919
f 645/1531/3265 594/1532/2475 574/934/945
f 1702/420/418 780/419/417 645/1531/3265
f 1776/1673/3630 1763/1672/3096 1752/1659/1739
f 1752/1659/1739 1702/420/418 645/1531/3265
f 645/1531/3265 574/934/945 596/1811/1919
f 596/1811/1919 745/801/803 1822/1711/2450
f 1822/1711/2450 1776/1673/3630 1752/1659/1739
f 1752/1659/1739 645/1531/3265 596/1811/1919
o item_blade
v 0.479202 77.694908 -0.001027
v 71.189896 6.984213 -0.001002
v -70.231506 6.984213 -0.001002
v 0.479202 -63.726387 -0.000975
v 0.479202 62.640411 3.998978
v 56.135391 6.984214 3.999000
v -55.176910 6.984214 3.999000
v 0.479202 -48.671890 3.999020
v 0.479202 62.640411 -4.001023
v 56.135391 6.984210 -4.001000
v -55.176910 6.984210 -4.001000
v 0.479202 -48.671890 -4.000980
v -64.117615 41.158428 5.579255
v -62.140301 42.957321 6.091133
v -59.346832 42.389202 14.156368
v -56.344753 40.386875 5.779916
v -55.922215 39.731651 5.112379
v -56.576778 46.595367 5.655440
v -57.283409 46.541756 14.848033
v -48.532463 47.141464 6.175773
v 72.457703 -73.361282 10.119653
v 72.337479 -73.613564 11.091327
v 71.941406 -73.576698 11.498753
v 71.817963 -73.539680 9.486924
v 71.919868 -72.969177 12.126620
v 71.791756 -72.825409 9.097847
v 71.344803 -72.959068 8.667145
v 71.126907 -72.672829 12.734702
v 70.654701 -72.270515 8.234140
v 70.233948 -72.907234 12.308760
v 69.304123 -71.310913 7.687549
v 68.932724 -70.925957 13.617741
v 65.689301 -69.476906 6.929100
v 66.529526 -69.822914 14.196733
v 56.787399 -61.462677 6.636112
v 56.624069 -61.594444 14.638014
v 53.980484 -65.844215 6.081691
v 55.263588 -66.256172 15.054452
v 50.551979 -66.780563 8.416285
v 50.299068 -66.607628 12.703627
v 50.556583 -64.581726 14.994026
v 50.802151 -64.644012 6.024549
v 46.372551 -51.376404 14.824887
v -25.589087 6.720687 7.978081
v -29.386993 10.417795 7.974687
v -36.668232 24.466305 15.619632
v -36.530056 17.380093 7.961803
v -40.558563 21.228439 7.939489
v -38.269779 23.582760 15.759789
v -39.827702 23.800634 5.171953
v -36.435131 25.609529 5.377888
v -36.737000 24.438709 5.339895
v -37.102409 24.369696 15.072554
v -37.160526 24.359550 5.829311
v -38.204250 23.655561 5.202752
v -36.990677 25.003716 15.630767
v -36.718502 25.478189 15.035801
v -36.459496 25.976021 15.567701
v -38.427601 23.886900 5.583222
v -38.219536 23.935291 15.358205
v -37.905819 24.181435 15.745033
v -36.733551 25.540836 5.906768
v -38.083866 24.114439 5.176897
v -36.909004 26.734985 15.066660
v -36.894966 25.159718 5.321503
v -40.139893 24.065739 15.751857
v -39.414780 24.127680 15.590279
v -36.913155 27.112141 15.559839
v -36.712650 26.937040 5.391759
v -39.279156 24.283112 5.112027
v -39.441853 24.144304 5.379284
v -37.133232 26.673662 15.564057
v -39.382183 24.312210 15.834840
v -37.394341 26.977913 5.390516
v -37.051960 27.006475 5.868519
v -44.269848 24.877666 7.909859
v -51.108959 31.438017 9.570115
v -43.892570 28.483315 5.202293
v -46.227901 36.272644 15.529864
v -46.264824 31.096018 5.102909
v -42.058891 44.815754 6.873960
v -38.500175 45.416100 12.801360
v -49.465630 56.173985 12.764852
v -38.476078 45.349720 8.196202
v -39.640705 44.893333 14.256922
v -45.184978 50.176746 14.333655
v -41.635464 44.727543 14.453212
v -39.673687 44.884830 6.657951
v -42.289707 45.319237 14.463531
v -49.854309 56.166813 13.203664
v -42.061207 44.777962 14.115045
v -49.591167 56.231697 8.084004
v -43.987835 41.320019 9.223333
v -42.428391 44.286037 14.541603
v -43.080719 48.165165 6.600518
v -42.127434 45.220455 6.496367
v -42.452526 43.179161 14.623666
v -52.419411 54.139912 6.602344
v -50.642635 55.695278 14.295389
v -50.740131 55.710236 6.666460
v -42.589725 44.644077 6.412004
v -41.766453 44.618969 6.497242
v -44.032127 41.340263 12.994230
v -43.479744 42.427376 14.692554
v -49.176628 32.954304 15.756172
v -50.683918 53.050152 14.483564
v -51.954575 53.716640 14.445128
v -52.372135 54.176922 14.368198
v -51.998440 53.301098 13.941975
v -51.965935 53.114971 8.024025
v -43.436069 42.128239 13.875053
v -47.721104 46.728275 14.732844
v -46.450867 35.795265 15.567945
v -47.268471 46.319088 6.218653
v -49.104336 32.931496 5.161600
v -46.516605 45.256859 13.923852
v -51.233246 53.408401 14.101722
v -50.734741 53.588902 6.528051
v -42.349804 43.227531 6.353316
v -46.097416 43.645538 13.865346
v -46.540634 44.791695 13.743920
v -43.503857 42.414734 6.256381
v -44.618111 40.338226 13.925461
v -51.896946 53.545532 6.669511
v -51.450432 53.396698 6.844508
v -51.595856 52.473850 6.344662
v -43.993961 41.268181 7.881221
v -46.111084 42.073692 13.946521
v -47.251049 45.876564 14.126834
v -51.606773 52.442974 14.557467
v -51.872948 51.623520 7.551434
v -46.164131 44.002167 14.836370
v -43.429111 42.165070 7.026978
v -46.191914 41.850750 14.980622
v -48.017765 46.452305 14.792841
v -51.560234 51.614067 14.635146
v -46.232658 45.018009 7.065160
v -44.061962 41.386135 7.130112
v -48.232586 46.746834 14.309701
v -51.508438 47.396656 14.942728
v -49.283394 47.443840 14.786563
v -51.662174 50.963261 6.245644
v -46.365391 44.474953 7.167084
v -46.077129 43.441097 7.092159
v -48.723736 33.279770 15.679468
v -46.412502 41.209755 14.347633
v -51.897682 50.485592 14.751040
v -52.973858 49.210842 6.017464
v -47.077099 45.720394 6.902953
v -51.126488 31.480234 7.994028
v -49.187637 47.119492 14.298863
v -46.829880 45.185017 6.128729
v -48.241077 46.737354 6.617079
v -43.431965 33.021656 5.896679
v -46.748520 40.156158 15.258337
v -52.172306 50.589729 13.223416
v -47.958912 46.407097 6.135342
v -46.053162 42.683216 6.041150
v -44.537296 40.255005 7.013778
v -51.429752 31.782476 12.954091
v -53.201534 49.490707 7.815312
v -49.065384 47.088604 6.629359
v -46.392353 36.033176 15.008804
v -46.191036 41.864338 7.022745
v -50.767693 47.043781 14.937746
v -52.932838 49.330383 14.859550
v -50.544682 47.506847 6.059757
v -46.273159 36.335892 5.412957
v -49.805634 34.572540 15.809786
v -46.843548 40.473679 14.922054
v -50.214478 47.253437 6.487007
v -49.368362 47.001083 6.095137
v -46.235992 35.768349 5.839225
v -51.476192 47.123852 14.628768
v -53.926804 48.781334 15.006228
v -54.512142 48.973213 13.787782
v -56.499756 53.813766 6.549630
v -79.703110 73.490913 13.989086
v -87.194031 79.562851 13.706314
v -91.638290 83.662231 7.446138
v -90.606743 86.081543 13.403242
v -90.246964 86.042267 8.460315
v -90.135384 85.891678 13.568696
v -94.749817 82.334747 13.713408
v -90.079254 85.771957 7.228570
v -94.751740 82.261009 8.246526
v -91.112663 85.933090 7.316201
v -91.418808 85.629578 13.806128
v -89.141876 84.794197 13.845599
v -90.712746 85.690491 7.021794
v -90.778931 85.735664 13.914701
v -94.525978 82.171082 14.348666
v -94.223679 82.698204 6.734345
v -92.180969 84.748589 6.935955
v -94.696907 81.592461 14.149711
v -94.820114 81.686462 6.876361
v -91.749931 83.806961 14.084308
v -93.725441 81.060921 6.404217
v -92.455063 83.319206 6.787404
v -91.649460 83.790108 6.887929
v -92.443909 83.238823 14.174787
v -89.203049 82.800949 7.008695
v -88.977325 82.760910 13.957397
v -91.716713 83.690491 13.503930
v -92.268356 83.093697 13.559469
v -92.293419 83.134514 7.407548
v -89.137833 82.457397 13.159451
v -88.106453 81.652725 7.656869
v -89.237190 82.523933 7.684728
v -90.932655 83.177078 14.044040
v -92.938553 81.516930 6.592978
v -91.793449 82.344376 6.756101
v -91.615906 82.489067 7.413975
v -91.100670 83.189880 7.407582
v -91.238075 82.943619 13.406489
v -91.749786 82.463448 13.570900
v -93.001678 81.510513 14.345444
v -93.710320 80.616806 14.509189
v -92.466339 78.939651 14.073241
v -89.683876 82.449455 13.609474
v -91.711182 82.345825 14.148793
v -92.985100 81.317146 14.829231
v -93.452103 80.783737 14.967418
v -93.869095 80.562714 6.745295
v -93.144363 81.345268 6.023850
v -89.981667 82.220078 7.761430
v -90.784767 81.724457 14.046720
v -93.496414 80.528648 6.024840
v -90.914474 83.080986 6.846072
v -90.517952 82.086662 6.927459
v -91.288101 80.360168 6.587989
v -90.901413 80.641655 14.191106
v -92.753067 79.725349 15.016384
v -90.698036 81.394928 7.146860
v -90.928253 80.048798 14.373388
v -91.277206 80.165596 15.048905
v -90.688316 80.775055 7.208257
v -89.974442 79.492867 6.785049
v -87.276459 79.438232 7.235272
v -87.039841 80.069130 7.280537
v -87.025536 80.144028 13.544237
v -90.997597 78.096924 15.208746
v -87.677719 78.989693 13.927621
v -89.381035 79.151611 13.603121
v -86.870033 80.697792 13.935634
v -87.280350 80.769112 13.195040
v -88.854599 78.408493 15.344691
v -89.875092 76.811462 15.069081
v -88.844933 78.335190 5.469864
v -87.128464 80.519394 7.615670
v -88.016167 78.646713 6.848447
v -83.108772 78.846962 13.738947
v -87.000031 80.884682 6.994647
v -90.852753 76.686241 7.172645
v -89.873611 76.615227 6.927272
v -90.025696 76.844658 13.979136
v -86.283165 79.584885 14.088531
v -86.188965 79.644119 6.906520
v -88.479263 77.912552 15.514762
v -87.987640 78.553238 15.292504
v -85.282616 79.868332 13.936831
v -85.322830 79.761742 14.589966
v -89.128555 75.462433 15.053479
v -85.278099 79.884941 7.009224
v -89.024384 75.135033 14.350094
v -85.282860 79.772079 6.409633
v -88.065529 73.574974 5.954556
v -83.570412 78.131874 6.426517
v -82.919800 78.639923 7.136874
v -83.446075 78.166298 13.907614
v -88.201286 73.553749 14.335616
v -88.092873 69.786133 8.000855
v -87.924553 73.112160 6.532995
v -83.316109 77.243477 13.960165
v -83.535583 78.124924 14.520597
v -88.161171 69.909782 12.968895
v -83.262947 77.921143 7.007348
v -83.619064 75.180252 14.384787
v -87.968071 73.457802 14.958934
v -88.914543 71.839180 14.185104
v -82.392426 78.096619 14.209740
v -88.068855 72.809647 14.386363
v -85.584343 73.226997 14.834264
v -88.093475 70.859192 14.415674
v -87.123932 73.023575 14.505547
v -82.571899 78.284683 6.812014
v -87.830231 72.629623 6.081728
v -83.301926 76.302956 14.004423
v -87.771866 72.662178 14.888963
v -87.827980 71.773521 6.512888
v -87.584564 71.558624 5.954872
v -86.883911 72.807251 5.970625
v -85.882866 73.009407 6.394399
v -83.060707 75.942604 6.489480
v -82.884544 77.088646 14.349530
v -86.082748 72.965630 14.546326
v -86.042809 72.728081 14.934688
v -87.596230 71.276253 14.404623
v -87.508278 71.553001 14.978697
v -83.305046 75.408768 6.912495
v -83.067612 75.777481 14.451753
v -88.526108 71.181549 6.546260
v -85.432686 72.953270 6.157761
v -83.601448 74.786980 6.604879
v -84.536865 73.291496 14.527869
v -83.736473 73.948647 14.491144
v -87.092278 70.638672 6.489742
v -87.053650 71.098213 6.563143
v -84.095497 73.461548 6.399392
v -83.097809 74.025253 6.961124
v -82.923210 73.887993 14.485540
v -82.927399 73.991028 6.444198
v -83.139084 73.968742 14.079885
v -86.292404 68.506851 12.640618
v -80.304199 73.446663 14.327152
v -79.076958 74.873734 14.074238
v -80.291725 73.567558 6.633061
v -85.772659 68.450882 8.268083
v -79.258293 73.755424 6.738356
v -79.315643 73.774902 14.221698
v -81.564453 69.979523 6.197084
v -79.739197 73.402672 6.931484
v -82.414803 70.129623 14.251266
v -82.145813 70.235466 14.798030
v -83.091957 68.422852 12.926394
v -79.795509 72.866386 6.595442
v -79.434013 72.938400 14.333978
v -82.472786 68.342499 7.819221
v -82.853996 68.998253 13.737556
v -81.649078 69.673935 6.741554
v -81.451225 68.994095 14.387445
v -81.206779 68.877365 6.533758
v -81.971588 68.140808 12.959119
v -81.397629 67.903908 7.811709
v -81.279366 67.728951 13.056154
v -74.751793 70.581070 6.770204
v -63.779392 60.044296 7.919563
v -61.008209 57.558086 8.813063
v -55.961456 54.043938 8.939805
v -59.762184 56.136879 8.409819
v -56.458176 53.847820 14.349303
v -57.340237 54.564774 8.350353
v -56.163315 53.944675 8.167686
v -58.659111 55.312874 8.244262
v -56.893604 52.637791 14.470028
v -64.212646 52.778969 5.985720
v -64.581963 52.154202 6.469173
v -55.292133 49.185326 9.955442
v -54.559738 48.978451 7.329195
v -46.782120 40.513874 6.048813
v -46.793427 40.077690 5.640287
v -46.473248 41.287174 5.946270
v -46.318241 36.169823 5.878968
v -52.253262 46.900257 5.908206
v -51.486752 47.077656 6.354874
v -57.067154 51.363144 6.361093
v -47.768925 39.543106 14.974865
v -55.582775 49.329510 13.147189
v -56.918816 50.941036 14.582717
v -46.433628 35.759506 5.370840
v -52.866119 46.204933 15.140799
v -52.653366 46.521385 14.910152
v -48.079197 39.324421 5.887321
v -49.304760 38.814217 15.534795
v -49.000771 39.006474 15.058266
v -52.063671 46.732552 5.889243
v -48.599434 39.446487 15.295072
v -55.420822 48.494659 15.139379
v -55.569118 49.015099 12.839526
v -55.335014 49.012913 8.422478
v -48.958260 33.591827 5.283137
v -48.242825 39.526997 5.700846
v -49.703945 33.579533 15.464099
v -49.508152 33.985123 15.304339
v -48.997261 38.841705 5.423166
v -51.486229 39.278603 15.488210
v -56.089195 49.462364 14.586532
v -59.538300 48.334606 5.968248
v -56.127850 49.482903 6.298468
v -56.736267 46.126274 15.316250
v -56.977211 48.701897 13.490385
v -56.090652 48.893448 7.728291
v -65.138794 51.818996 13.025109
v -55.575272 48.466885 5.809310
v -53.518848 45.595158 5.788808
v -50.780499 38.920815 15.137620
v -54.240536 44.775898 15.299630
v -64.310402 52.525921 6.583848
v -53.799747 45.176418 15.030743
v -49.546967 38.898918 5.850373
v -51.341827 31.679453 11.659295
v -49.691772 33.661777 5.441500
v -51.730637 39.157970 15.146405
v -59.798161 48.201244 14.978834
v -51.706329 39.418888 5.418249
v -50.008514 39.120029 5.534729
v -50.411911 35.104942 5.097162
v -54.226383 44.126991 15.089787
v -57.085655 47.231041 15.258702
v -57.565224 48.268803 13.339625
v -51.981281 32.771461 12.770339
v -65.185059 51.839611 8.077118
v -58.946388 47.561523 14.354628
v -64.007553 51.786953 14.282814
v -57.390087 48.502449 7.379437
v -54.216595 42.929611 5.481617
v -51.603100 32.124081 7.945427
v -53.003819 39.957764 15.237421
v -54.127472 42.014977 15.511752
v -54.039223 44.159122 15.348617
v -59.626205 48.257217 14.858464
v -54.030903 44.660412 5.852351
v -51.287739 39.051201 5.771403
v -58.604149 47.911438 13.193443
v -58.697247 47.970901 7.607430
v -64.536255 52.102280 14.439319
v -51.074783 35.205582 5.598665
v -52.113342 32.870949 8.199599
v -54.418026 41.447376 15.564038
v -54.186935 41.450466 15.148722
v -54.385933 42.694748 15.119425
v -58.213039 47.958744 7.586601
v -57.572426 47.097988 5.679932
v -63.859451 52.232174 14.956954
v -54.502037 43.870087 5.526172
v -52.515297 39.264111 15.627632
v -59.330353 47.812496 13.217681
v -59.270885 47.711277 7.678491
v -54.313179 43.560936 5.854164
v -51.550079 38.913982 5.281786
v -57.937565 46.618156 15.311731
v -63.595303 50.373871 15.010312
v -57.163197 46.580338 6.084370
v -52.400265 39.474731 5.733056
v -59.199509 47.546307 13.462526
v -59.009346 47.570412 6.722118
v -58.417442 47.362873 5.686889
v -53.916676 40.948528 5.699599
v -56.184471 40.668633 15.694798
v -58.423237 47.348557 15.189097
v -63.109371 47.208252 15.112794
v -58.404915 45.608650 5.520899
v -54.367416 42.398319 5.830314
v -53.705704 41.142727 5.388703
v -53.879910 40.612068 5.307403
v -58.502487 44.421906 15.430026
v -54.585423 42.265457 5.391786
v -59.968605 44.534111 15.116969
v -55.862827 40.409439 5.184050
v -55.700314 39.796520 15.764623
v -56.465504 40.325081 15.144656
v -56.779816 38.006294 15.983991
v -56.952213 39.818592 15.838497
v -59.487919 45.041088 7.415975
v -56.471909 39.777695 15.290420
v -58.315552 40.514717 15.798226
v -56.522179 39.804371 5.623964
v -64.899483 44.198311 13.091694
v -64.371681 44.814659 6.415483
v -59.408573 44.013351 7.484324
v -58.367214 41.647995 5.200624
v -59.572685 43.298061 13.458600
v -60.035500 43.090885 14.973956
v -56.573589 40.594414 5.191771
v -59.012684 41.704750 14.753807
v -60.132980 41.952362 14.805170
v -59.758774 42.739491 13.875897
v -56.846844 39.839794 5.092370
v -58.107273 38.966068 15.948982
v -63.611435 44.469097 15.016847
v -59.568798 43.294117 7.460225
v -58.442432 38.486397 15.020661
v -60.048489 43.042267 6.058228
v -59.388844 42.430515 6.928346
v -60.703445 42.610107 13.699384
v -63.893353 44.727573 6.494345
v -58.144531 38.961235 4.945626
v -63.663445 44.425537 5.951488
v -59.779606 42.680355 7.101882
v -59.066521 41.922367 6.236146
v -61.849636 43.100559 14.949546
v -57.754478 38.044056 5.852101
v -63.764088 44.337135 14.346935
v -64.794342 43.813042 7.833010
v -62.961876 43.402546 6.492041
v -62.684799 43.307045 14.457808
v -64.019730 43.771282 14.473977
v -63.041069 42.912743 14.495117
v -58.701012 39.168484 5.935463
v -64.357193 43.149693 7.832545
v -63.584816 43.178120 6.405442
v -61.321350 42.533875 7.271977
v -64.476326 43.242683 12.943993
v -62.754959 42.362511 13.608652
v -63.533615 42.328030 13.000875
v -64.045586 41.897358 14.091133
v -63.520794 42.311768 7.971735
v -62.872555 42.300087 7.248507
v -64.229027 41.359871 15.195346
v -64.131546 41.700932 6.282780
v -65.024963 38.199188 9.503180
v -65.072968 38.289307 11.460171
v 54.723328 75.391312 8.422582
v 55.153015 75.617271 7.748637
v 55.860878 75.402710 5.863021
v 57.728374 75.005135 5.905024
v 55.811108 75.346321 15.093753
v 57.909290 74.935837 15.191211
v 57.492001 74.354103 15.236287
v 57.512791 74.025772 14.746215
v 57.680260 73.094048 14.822525
v 58.154560 73.455917 15.289165
v 57.400272 72.759338 15.285343
v 61.550549 73.405411 15.128230
v 60.506641 71.545341 5.766436
v 58.121895 73.494308 5.781922
v 57.481873 72.798981 5.759735
v 57.822487 73.121063 6.292457
v 57.284279 74.066765 6.275369
v 57.479774 74.398109 5.809015
v 56.729889 73.404778 6.227788
v 56.543026 73.392662 5.781788
v 54.877926 75.596596 12.669044
v 54.880299 71.708153 5.719611
v 60.031925 66.570412 5.705654
v 60.323498 70.180832 5.793482
v 60.290859 70.356056 6.287271
v 60.222454 70.329163 15.285971
v 60.660152 66.529129 15.339355
v 56.486267 73.461418 15.292305
v 56.778461 73.337517 14.897141
v 60.639664 71.249115 14.895769
v 60.366611 70.479393 8.025894
v 61.443832 73.430573 5.840934
v 61.559101 73.343468 6.497974
v 61.532566 73.426727 9.717947
v 54.185143 67.837265 5.654970
v 54.490131 66.962250 5.666593
v 53.801868 66.876434 6.023060
v 53.212784 65.392525 5.593105
v 52.838364 66.089439 7.043577
v 52.767727 67.778091 7.182661
v 51.559643 64.384750 7.596537
v 50.513275 63.896004 12.519288
v 54.273491 64.581673 5.573241
v 56.843987 62.741722 5.578101
v 64.443779 69.780861 5.495853
v 64.274300 70.050331 5.892915
v 65.436920 70.194092 7.908080
v 64.837639 70.011497 5.835988
v 65.197655 69.905769 6.172947
v 65.603615 70.054504 13.551044
v 66.817108 70.018562 12.774700
v 67.094910 69.028450 12.849363
v 66.203583 69.960999 15.474735
v 64.812019 70.018799 15.141331
v 63.858784 70.048409 15.206862
v 57.546413 62.792770 15.436130
v 54.583103 66.855728 15.408045
v 54.171978 68.225616 15.377549
v 53.863678 67.031326 15.030370
v 50.421261 63.680565 8.588287
v 51.917034 62.444309 5.488393
v 53.644001 63.840939 5.540717
v 54.443054 64.392334 6.037870
v 54.643661 63.440754 6.060177
v 55.003983 63.973999 5.576876
v 56.939537 61.977001 5.876688
v 57.640720 62.147591 5.821429
v 60.080711 65.130310 5.919724
v 56.219082 61.456387 5.545060
v 59.867153 65.438232 5.667727
v 64.496765 68.837715 5.889470
v 65.674294 70.016563 5.517820
v 68.177559 66.580444 7.740431
v 67.150360 68.821762 8.098092
v 66.726425 68.315102 5.554632
v 67.731415 66.521088 5.526522
v 66.234634 69.970116 5.564543
v 67.960121 67.140198 7.979980
v 69.410072 65.240326 6.948958
v 70.248230 64.350739 5.539438
v 67.398239 67.860016 13.198969
v 67.776291 66.543236 15.476602
v 68.270309 66.452156 13.223652
v 68.969917 65.922607 13.000296
v 71.279869 64.513184 8.550461
v 70.878326 64.428802 13.157375
v 70.822945 64.691345 12.655876
v 70.086617 65.096161 13.032353
v 70.201530 64.316681 15.457205
v 70.468399 64.305573 15.147927
v 70.709816 64.351486 15.314147
v 76.275940 58.924473 8.144944
v 76.286270 58.892193 12.825542
v 75.177422 57.611252 12.810364
v 74.133469 60.089554 14.543533
v 73.736290 59.856449 14.117542
v 73.413910 60.811787 14.887312
v 74.152245 61.409878 14.795341
v 73.427490 59.378967 14.607383
v 72.892586 59.966022 14.307733
v 73.365479 60.709301 14.283648
v 72.706474 60.056698 14.911278
v 72.945122 55.181557 13.071088
v 67.997238 55.424515 15.154617
v 64.825867 69.285408 15.086617
v 64.583786 69.830231 15.512053
v 64.250786 69.901222 15.156226
v 65.158546 69.897316 14.784071
v 60.637630 65.317383 15.483749
v 59.918827 64.894646 15.089146
v 60.904282 66.107925 15.100857
v 59.962387 66.408005 15.267061
v 59.783009 65.328964 15.380677
v 53.202061 65.288361 15.475182
v 57.304138 61.875942 5.463980
v 58.056816 62.314331 5.483335
v 58.359444 61.435688 5.885614
v 57.201992 59.379669 5.477483
v 57.724457 59.760090 5.570270
v 58.047188 59.978333 5.840925
v 58.527893 61.482273 5.599641
v 57.891586 61.070480 5.580920
v 57.496819 60.834831 5.647652
v 54.624020 55.438423 5.481606
v 46.829178 56.411274 5.443546
v 46.384136 55.866608 5.461414
v 43.039570 37.185982 5.484441
v 31.601328 41.623360 12.213090
v 32.030056 40.274551 15.203391
v 42.842529 37.524361 15.614278
v 38.854988 33.717484 15.617250
v 41.921452 30.163012 5.628681
v 42.622345 30.961758 5.703223
v 41.437767 30.263601 5.473216
v 40.625793 36.079056 5.867653
v 38.999428 34.685532 5.480954
v 39.327942 34.770416 5.835052
v 40.915421 36.044502 5.467221
v 41.691097 36.678665 5.798550
v 42.295570 37.156288 5.476506
v 38.855999 33.746956 5.486707
v 43.056427 36.492157 5.676171
v 42.954330 35.042145 5.470117
v 42.781357 36.975655 5.466974
v 43.531803 32.009956 5.464294
v 43.324253 32.173077 5.813919
v 43.158493 32.092369 5.463357
v 43.626095 32.074615 15.583367
v 43.259968 31.875004 15.480540
v 43.193901 36.272049 15.620782
v 42.876854 37.225433 15.475674
v 40.948486 36.089455 15.624238
v 41.089458 36.433487 15.266586
v 39.069366 34.538078 15.303428
v 32.321583 35.995300 6.031946
v 31.343628 38.832272 5.476382
v 32.022446 38.422817 6.011586
v 31.871391 37.537716 5.914946
v 31.789373 39.563736 6.120510
v 31.307985 39.545597 5.897524
v 30.725470 40.693592 8.815542
v 26.714369 31.153313 15.627776
v 25.979757 30.746675 15.619550
v 26.511923 22.745413 15.313169
v 25.900280 22.559526 15.588275
v 26.319187 22.913239 15.602130
v 26.139708 23.826580 15.327962
v 25.334661 22.359800 15.349680
v 24.846302 20.928511 15.612213
v 31.273777 18.939663 15.591352
v 27.848083 15.330921 15.610195
v 27.620707 15.064593 15.569815
v 27.016516 15.258650 15.354063
v 24.988234 22.278116 15.593960
v 24.813625 23.494934 15.620985
v 24.125532 23.748188 15.340265
v 23.639076 23.829741 15.602713
v 23.033258 22.226742 15.632052
v 24.042131 19.783278 15.610116
v 24.350224 20.182571 15.352331
v 23.845558 24.452484 15.336600
v 24.102379 24.108438 15.605155
v 26.489119 24.027311 15.605193
v 24.628983 31.194183 15.644835
v 24.583332 30.817278 15.377715
v 24.358686 30.190727 15.618698
v 24.134525 30.035892 15.334379
v 23.887310 30.183943 15.629706
v 22.066849 28.787697 15.377815
v 20.720602 27.076998 15.618319
v 21.674225 22.750454 15.299125
v 22.548086 21.064819 15.610441
v 22.702187 19.344048 15.611685
v 24.644039 17.062136 15.616282
v 25.034609 15.460255 15.603211
v 25.505587 15.260042 15.360168
v 25.182060 15.097195 15.616561
v 22.835865 21.842388 15.369472
v 22.620705 22.957623 15.600954
v 22.353012 22.600895 15.606954
v 22.321115 28.856731 15.639190
v 23.983940 13.360892 15.613796
v 24.200281 11.422205 15.590031
v 23.979074 13.547220 5.461008
v 23.802275 13.927934 5.744234
v 23.789213 13.853745 5.758089
v 23.673605 13.242733 5.463591
v 23.346493 14.529185 5.645612
v 22.642508 14.620981 5.469475
v 19.055534 15.756311 5.850320
v 15.793712 15.905250 5.583097
v 15.742678 15.190805 5.483565
v 16.074022 15.366670 5.731959
v 17.039394 15.552531 5.471486
v 23.857161 11.860975 5.669775
v 23.767649 10.982073 5.484844
v 24.097452 11.380512 5.468501
v 23.799572 13.164671 5.787695
v 23.953535 10.908350 5.851691
v 20.150011 7.135605 5.481716
v 17.685581 6.681943 5.682545
v 17.311321 7.639209 5.482611
v 17.187614 7.195194 5.788218
v 17.675179 6.512960 5.477639
v 8.876649 -2.585695 15.633416
v 11.249088 -2.275347 15.622747
v -5.394378 -1.716111 15.280843
v -49.069962 -53.514275 6.336704
v -49.353371 -54.400742 15.048901
v -54.186970 -74.751144 8.678479
v -54.486317 -75.011330 12.632436
v -55.342522 -75.411217 8.951738
v -56.126152 -75.291161 9.861874
v -55.436131 -75.406052 12.196858
v -55.469074 -74.774612 13.358853
v -54.943821 -73.502464 14.496397
v -55.180309 -74.066780 14.075175
v -56.415462 -74.525581 11.706071
v -56.102577 -75.287743 11.641146
v -54.709778 -73.032059 6.476282
v -56.347542 -74.574928 9.435230
v -55.705936 -75.146881 8.565678
v -55.254131 -74.594948 7.582595
v -51.282600 -53.433403 9.352265
v -49.651630 -55.337292 6.312382
v -48.445862 -51.760418 14.950041
v -51.053555 -52.887684 12.010094
v -46.542400 -48.476994 6.320480
v -49.268425 -49.813702 9.303453
v -8.655440 -5.498096 15.278952
v 8.947453 -5.057561 15.200064
v 8.588709 -5.108418 15.589123
v -0.789826 2.746722 15.629539
v 8.430583 4.946878 5.501650
v 8.443816 4.792308 5.681055
v 8.092293 3.771770 5.503447
v 8.191594 4.308404 5.797092
v 8.330428 3.740582 5.508488
v 19.847340 6.770929 5.503660
v 20.237461 6.981552 5.818017
v 18.236988 5.082057 5.561231
v 17.026400 5.383884 5.474504
v 15.389113 5.201792 5.504161
v 14.545458 5.017234 5.751715
v 14.455671 4.830227 5.508138
v 14.619355 4.055061 5.711406
v 15.713322 5.154274 5.805335
v 17.178425 5.170016 5.817553
v 16.442854 5.039311 5.487561
v 17.989231 4.869308 5.497954
v 14.584620 1.269401 5.483646
v 14.677347 2.135849 5.752938
v 14.827961 1.420233 5.578300
v 11.522164 -1.993883 5.543498
v 11.216457 -1.902521 5.828340
v 11.140635 -1.831598 5.487980
v 8.598028 -2.276114 5.649029
v 8.732023 -3.703166 5.727551
v 9.988997 -2.339967 5.829300
v 9.188969 -2.429028 5.540943
v 8.860521 -2.895162 5.493849
v 8.896335 -4.796934 5.543387
v 8.628118 -4.040608 5.514536
v 8.786397 -4.647400 5.819339
v 13.748928 0.434975 15.593171
v 23.879086 11.426430 15.365636
v 23.646782 13.089219 15.614978
v 23.712446 14.214087 15.388603
v 22.693657 14.439073 15.344646
v 23.402939 14.579753 15.585670
v 24.466099 15.622128 15.366242
v 24.223839 16.074062 15.610493
v 21.644793 17.299709 15.595737
v 20.055729 16.148247 15.354723
v 20.143972 16.445385 15.601864
v 22.066744 18.187843 15.344301
v 22.050810 18.573822 15.609571
v 19.592558 15.773415 15.621758
v 17.043550 14.009083 15.595564
v 23.568773 10.748713 15.611919
v 24.529495 31.078335 5.448446
v 32.513611 34.562622 6.032842
v 32.830902 34.013710 5.944084
v 32.715870 32.567039 5.951742
v 30.555622 31.227884 5.662959
v 29.598322 31.472008 5.476327
v 23.850628 30.420073 5.457333
v 24.191689 30.627184 5.815824
v 29.880262 31.362154 5.828676
v 25.013666 30.810642 5.813969
v 25.575912 30.677513 5.470103
v 24.353243 30.208399 5.498547
v 30.740524 31.064732 5.483565
v 29.865498 26.967619 5.485556
v 30.001379 27.038000 5.773948
v 30.341272 27.675316 5.496713
v 29.613297 25.956987 5.492204
v 29.290243 25.836983 5.739764
v 33.862438 23.687140 5.471025
v 33.871246 26.854721 5.961290
v 38.627087 33.512909 5.805926
v 38.442585 32.496460 5.711202
v 38.468132 31.706846 5.836159
v 38.720573 30.854080 5.843776
v 39.388126 29.958742 5.471927
v 38.248978 31.643312 5.468675
v 38.658016 31.400497 5.487055
v 39.695782 30.078089 5.920774
v 40.671944 30.007591 5.861486
v 39.791721 30.232527 5.470562
v 41.407539 30.168039 5.841176
v 41.304169 29.716642 5.450741
v 36.187733 23.203035 6.532055
v 34.375038 25.238178 5.508329
v 33.824989 25.441681 5.942278
v 34.212399 24.020971 6.039305
v 34.916225 22.696310 5.589596
v 35.214729 22.832155 6.226898
v 35.207859 23.153988 5.492770
v 34.549320 24.038498 5.499450
v 34.055637 22.666449 5.502731
v 30.751204 22.960388 5.726010
v 30.036552 22.846840 5.475472
v 31.251369 22.291758 5.682145
v 31.167185 21.603289 5.491748
v 31.330460 20.793119 5.805510
v 31.204035 20.488163 5.488756
v 26.340290 22.721489 5.851637
v 25.929607 22.503019 5.504669
v 25.576979 22.636976 5.518101
v 26.274673 23.781263 5.807132
v 22.112907 22.842611 5.770238
v 16.229540 21.590200 5.498845
v 14.667388 21.286848 5.899054
v 16.919243 11.070297 15.622389
v 17.309816 13.602509 15.603270
v 17.204424 6.487337 15.603453
v 18.231020 5.071111 15.555502
v 17.401278 5.347645 15.614857
v 14.978403 5.143799 15.628535
v 17.937290 4.784207 15.595161
v 14.531518 1.113896 15.601933
v 15.002268 1.670199 15.606807
v 14.669056 1.534613 15.317751
v 17.107203 5.166607 15.336558
v 14.577415 5.118417 15.362555
v 13.737651 4.958397 15.622198
v 14.660285 4.549571 15.594055
v 11.767746 -1.605289 15.581575
v 9.134972 -4.583693 15.567175
v 9.756974 -2.359477 15.332836
v 8.171568 4.822856 15.408461
v 7.933252 4.769878 15.610061
v 9.070403 5.078149 15.625541
v 10.602209 4.790114 15.621098
v 15.813138 21.267490 5.503271
v 16.060812 20.922413 5.888143
v 12.599663 18.327099 5.461627
v 12.374683 18.384747 5.793280
v 12.187121 17.153294 5.490263
v 14.829710 20.778942 5.472691
v 22.813143 21.654551 5.792238
v 21.557791 22.597706 5.474317
v 22.262274 22.920975 5.501096
v 22.909391 22.407660 5.515846
v 24.745905 21.531536 5.485144
v 25.309542 22.346331 5.806898
v 25.128311 21.640274 5.516863
v 24.189165 19.970385 5.478691
v 24.297783 19.783054 5.815063
v 22.027838 18.516916 5.472442
v 22.349598 18.925737 5.830678
v 21.607042 17.599815 5.813888
v 20.529167 16.441254 5.818121
v 22.273491 18.278915 5.486638
v 20.241831 16.115257 5.488140
v 19.935270 16.299973 5.478823
v 24.608027 20.295818 5.479779
v 31.443136 19.178024 5.484401
v 31.408443 19.425499 5.824832
v 37.428146 22.940371 7.830889
v 37.126362 22.582689 8.646289
v 36.422749 21.902239 8.122007
v 41.527710 29.882404 15.582096
v 41.558136 30.176945 15.395699
v 39.878899 30.238695 15.610190
v 40.082703 29.783365 15.601729
v 39.475727 30.221338 15.180537
v 40.180305 30.044706 15.118200
v 41.672611 30.344818 15.586748
v 38.642811 31.661356 15.614882
v 38.460068 31.382849 15.208109
v 38.490715 33.965202 15.622504
v 38.486591 33.196251 15.297594
v 38.215279 31.168566 15.606256
v 40.459187 36.257950 15.614456
v 31.799135 39.459892 15.050471
v 32.176327 39.534962 15.622828
v 31.939972 38.486416 15.072534
v 31.251122 39.555984 15.146750
v 31.486189 41.035000 12.457863
v 30.849976 40.832573 12.349197
v 31.473297 41.472282 9.023578
v 31.621729 40.185471 7.342507
v 32.169365 39.586960 5.462706
v 32.230042 37.431458 15.145454
v 31.949434 37.049820 15.116999
v 31.362087 38.837212 15.597963
v 30.180431 31.242983 15.610245
v 30.843782 31.483223 15.616781
v 30.315786 28.037912 15.296485
v 29.702482 26.665701 15.608092
v 30.673397 29.044664 15.613102
v 30.436226 30.151100 15.619219
v 24.147629 31.002140 15.360343
v 29.807158 26.602034 15.325789
v 27.796038 24.420694 15.363984
v 33.840511 23.217678 15.611236
v 34.305023 23.109528 15.110574
v 34.696079 23.491894 15.600894
v 34.937511 22.924818 15.435655
v 34.704426 22.532909 15.596671
v 37.449051 22.965643 13.228749
v 37.226124 22.693510 12.383825
v 35.324993 23.183569 15.572764
v 30.585484 31.365211 15.374252
v 36.384190 21.800068 12.961735
v 31.259363 22.702812 15.538244
v 30.354973 23.142450 15.607620
v 29.647207 22.963879 15.326950
v 31.365894 19.687290 15.339508
v 31.717388 19.395142 15.578030
v 28.234821 24.448137 15.612040
v 27.956644 24.736025 15.612244
v 25.366840 15.093991 5.463871
v 24.310051 15.608735 5.463161
v 23.629715 14.484941 5.505042
v 24.438782 15.807550 5.797122
v 24.544853 16.076523 5.500021
v 25.451548 15.346210 5.482221
v 26.701551 15.257879 5.844927
v 27.771368 15.249651 5.506224
v 27.570749 15.019120 5.490369
v 25.116396 15.271715 5.827978
v 23.826090 14.091974 5.794744
v 30.874922 22.787104 15.595883
v 30.090981 26.635345 15.600286
v 17.431166 13.966996 5.504705
v 16.968189 12.769941 5.483931
v 17.161909 13.692212 5.786755
v 18.163578 14.053758 5.836513
v 17.117865 10.908737 5.794877
v 17.171520 10.388710 5.666131
v 17.094978 7.799809 5.485445
v 8.365822 4.500198 15.623278
v 20.247944 6.923745 15.221936
v 19.721115 6.703697 15.638911
v 20.225504 7.205654 15.608036
v 17.519625 6.907491 15.606002
v 17.413393 6.669172 15.332599
v 15.736003 15.172156 15.595844
v 15.798303 15.423185 15.313696
v 15.637646 16.509380 15.618176
v 16.082169 15.573956 15.608356
v 15.832808 21.288046 15.625775
v 16.268982 22.022240 15.377073
v 16.433731 21.849669 15.607369
v 17.363058 22.300730 15.605818
v 16.482992 22.398960 15.624907
v 16.367760 22.566374 15.391842
v 24.073320 31.014565 5.775432
v 23.714357 24.325954 5.470904
v 24.143444 23.783909 5.740618
v 24.502876 23.592678 5.474932
v 24.956081 23.849180 5.484909
v 26.407516 23.939859 5.494907
v 28.183439 24.691530 5.797840
v 27.818132 24.600519 5.480745
v 27.666296 24.177275 5.505143
v 16.323555 22.299490 5.453357
v 17.093979 13.749290 15.309227
v 14.674446 21.290287 15.253394
v 16.267656 22.602676 5.780018
v 16.264488 21.899281 5.840308
v 17.326851 22.017191 5.487153
v 17.413317 22.301514 5.477998
v 24.044428 24.830517 5.487959
v 26.346392 23.647488 5.523073
v 41.728344 50.999542 15.323440
v 41.001968 49.199078 15.627033
v 40.111736 49.199196 15.292327
v 40.920303 48.811733 15.168991
v 40.082924 48.563908 15.623556
v 41.300934 48.753410 15.614795
v 46.137970 56.161240 5.869229
v 41.018246 48.689003 5.463300
v 39.958744 49.011684 5.816035
v 40.784630 49.135384 5.456168
v 40.977386 48.769497 5.920711
v 40.106987 48.604958 5.456377
v 57.052338 45.957222 5.936861
v 56.219879 45.667583 5.608143
v 55.378048 44.577793 5.476319
v 55.754726 43.689751 14.286128
v 56.203693 44.055428 14.149117
v 55.725243 42.434437 13.332921
v 55.861538 42.948792 12.826260
v 56.270760 43.228310 13.235846
v 55.934464 43.572357 13.730225
v 55.832901 42.602573 7.681824
v 55.905499 42.996201 7.935894
v 56.196529 43.012676 7.885887
v 56.245026 44.024906 6.861258
v 55.804543 44.975277 5.980769
v 56.696606 46.084770 6.133571
v 55.964062 44.049454 6.899431
v 56.715572 45.665615 6.851226
v 56.826309 45.107349 8.090041
v 67.923592 61.199810 5.830653
v 64.371971 57.096275 5.610754
v 64.428787 56.614182 5.788434
v 64.833145 57.310459 5.636290
v 63.961174 51.340782 5.833575
v 63.965782 49.265903 5.730672
v 63.644791 48.239277 6.002583
v 63.400356 44.906002 6.183605
v 63.796509 43.885441 7.997162
v 63.321415 46.224751 5.962160
v 63.479733 44.677341 14.646234
v 66.278633 46.542011 12.868164
v 63.863411 43.895721 13.067223
v 63.723423 47.134258 5.857422
v 70.782928 64.304382 5.672836
v 70.462936 64.343124 5.904274
v 70.918770 64.382431 8.331556
v 68.761902 66.132111 7.981090
v 67.824387 67.308945 13.001122
v 74.272232 61.262859 6.300197
v 73.880775 60.594036 6.312683
v 73.771805 60.499432 6.790320
v 72.831474 60.312840 6.689358
v 73.533440 59.842644 6.846064
v 73.556068 59.375721 6.454370
v 74.932709 60.533440 6.629722
v 75.686127 59.533249 7.367648
v 72.749344 60.500290 6.068292
v 70.865494 64.566284 7.899765
v 58.154110 62.022728 15.498202
v 57.759541 61.934830 15.538652
v 56.680515 61.668312 15.171487
v 56.019588 60.858269 15.543481
v 57.299728 60.012123 15.572491
v 56.416878 60.704391 15.589982
v 57.417519 59.324486 15.235855
v 56.687874 55.165039 15.596502
v 55.159126 58.104694 15.569894
v 53.882820 63.351242 15.543696
v 50.734760 60.909775 15.595522
v 46.292023 56.361732 15.182452
v 56.086349 50.046589 15.619831
v 55.826889 47.812675 15.612615
v 56.750675 45.964764 15.033660
v 64.677864 56.626656 15.436153
v 58.482464 61.476933 15.430739
v 58.356575 61.625874 15.123013
v 57.685062 60.624207 15.430637
v 57.762402 59.726559 15.445199
v 58.180439 60.529896 15.148142
v 64.267143 55.043438 15.180692
v 64.597588 57.076870 15.214066
v 64.345940 57.133297 15.430977
v 55.029209 56.644325 15.278361
v 46.895447 56.476982 15.618210
v 48.262318 56.177380 15.618844
v 46.314507 55.780987 15.613922
v 47.036201 56.010735 15.141388
v 54.516468 55.636658 15.175907
v 56.300457 51.946007 15.604612
v 54.404095 55.874516 15.593501
v 54.653755 55.457779 15.607998
v 63.943520 51.366356 15.136384
v 63.741825 50.412071 15.313733
v 63.710724 49.237431 15.091265
v 64.033791 49.688850 15.294703
v 63.435593 47.984009 15.214685
v 63.733128 47.685120 15.205514
v 63.039921 45.050980 14.966681
v 56.153126 45.029926 15.356164
v 55.519104 44.735195 15.596178
v 55.808666 44.838715 14.964923
v 56.788502 45.104137 12.634521
v 51.152958 62.168941 15.032312
v 55.049465 63.820312 15.476578
v 54.661640 63.560413 14.964468
v 54.067959 64.163712 14.846796
v 54.333931 64.606476 15.461696
v 62.190620 67.082680 15.571816
v 65.676704 69.994316 15.516720
v 32.082253 40.297913 5.870800
v 54.829750 56.610237 5.468303
v 54.641232 55.564808 5.859943
v 54.323273 55.859024 5.462364
v 56.240974 60.721130 5.849727
v 56.314491 60.520008 5.477571
v 54.615322 63.323299 5.538869
v 53.836189 63.801872 5.998452
v 49.819809 62.662163 12.375895
v 60.866592 66.109360 5.957782
v 60.605679 66.368317 5.698190
v 60.134781 66.183701 6.018073
v 54.269073 69.318222 5.673688
vn -0.0000 0.1916 0.9815
vn -0.0000 -0.1916 0.9815
vn 0.1916 -0.0000 0.9815
vn 0.2568 -0.0000 0.9665
vn -0.6436 -0.5052 -0.5750
vn -0.0777 -0.0937 -0.9926
vn -0.0138 0.4157 -0.9094
vn 0.2267 -0.8642 -0.4491
vn 0.9727 -0.0958 -0.2115
vn 0.6967 -0.6868 0.2071
vn 0.0851 -0.9448 0.3164
vn 0.7523 -0.0133 0.6587
vn 0.2516 0.0929 -0.9634
vn -0.3540 -0.4260 -0.8326
vn -0.1527 -0.7173 -0.6799
vn -0.2059 -0.8495 0.4857
vn 0.3842 -0.2927 0.8756
vn -0.8980 -0.3904 -0.2030
vn -0.5827 -0.1768 0.7932
vn -0.8846 -0.3989 0.2414
vn 0.8351 0.2898 -0.4676
vn -0.1337 -0.6231 -0.7707
vn 0.3240 -0.1430 -0.9352
vn -0.6106 0.6772 -0.4105
vn -0.7738 0.3454 -0.5310
vn -0.5517 0.0880 -0.8294
vn -0.2276 0.4019 0.8869
vn -0.6197 0.5168 0.5906
vn -0.6538 0.7428 0.1441
vn -0.0000 -0.2568 0.9665
vn -0.0892 -0.0653 -0.9939
vn 0.0422 -0.4551 -0.8894
vn -0.0121 0.3885 -0.9214
vn -0.4021 0.1978 0.8940
vn -0.6416 0.7354 0.2178
vn 0.0047 0.5610 0.8278
vn 0.9455 0.2197 0.2404
vn 0.0794 0.7313 0.6774
vn 0.1282 -0.0486 0.9906
vn -0.2363 -0.4935 0.8370
vn -0.3430 -0.1778 0.9224
vn -0.2080 -0.3731 0.9042
vn -0.8680 0.3872 0.3109
vn -0.6158 0.1868 0.7655
vn -0.2520 0.7304 0.6348
vn -0.4640 0.5209 0.7165
vn 0.0280 -0.1404 0.9897
vn 0.4471 -0.3947 0.8027
vn 0.3931 0.0606 0.9175
vn 0.1735 0.1580 0.9721
vn 0.1264 -0.2033 0.9709
vn 0.4514 -0.2678 -0.8512
vn 0.9186 -0.2947 -0.2634
vn 0.5469 0.5828 -0.6010
vn -0.0183 0.1825 0.9830
vn -0.3850 -0.0442 0.9219
vn -0.8764 -0.3078 0.3704
vn 0.4871 0.3156 -0.8143
vn -0.0637 0.1504 -0.9866
vn 0.7107 -0.1419 -0.6891
vn -0.0006 0.0725 -0.9974
vn -0.0465 -0.6138 -0.7881
vn 0.1818 -0.6295 -0.7555
vn 0.5745 -0.0173 -0.8183
vn -0.3872 0.3443 -0.8553
vn 0.1147 0.1966 -0.9738
vn 0.3015 -0.4072 0.8621
vn -0.3396 0.1015 0.9351
vn 0.5539 -0.1805 0.8128
vn -0.2832 -0.4100 0.8670
vn 0.0061 0.3370 0.9415
vn -0.5830 -0.5353 0.6111
vn -0.0497 -0.0815 -0.9954
vn -0.2624 0.2319 -0.9367
vn -0.0686 0.3848 -0.9205
vn 0.7030 0.2062 -0.6806
vn -0.3284 0.6218 -0.7110
vn -0.4674 -0.1882 0.8638
vn 0.1117 -0.0765 0.9908
vn 0.2629 0.0440 -0.9638
vn -0.4794 -0.0666 -0.8750
vn 0.2364 0.0851 -0.9679
vn -0.2495 -0.5013 0.8285
vn -0.3014 0.2907 0.9081
vn 0.4516 -0.3171 0.8340
vn -0.0211 0.0732 0.9971
vn -0.2172 -0.0059 0.9761
vn -0.6175 0.1517 0.7718
vn -0.2503 0.4908 0.8346
vn -0.8201 -0.4206 0.3880
vn -0.3931 -0.1912 -0.8994
vn 0.1483 -0.0164 -0.9888
vn -0.5386 0.0484 -0.8412
vn 0.5354 0.0295 0.8441
vn 0.7394 -0.1277 0.6611
vn 0.6790 0.0263 0.7336
vn -0.2231 0.5940 -0.7729
vn -0.0237 -0.3314 -0.9432
vn 0.1150 -0.1537 -0.9814
vn 0.0971 -0.0788 0.9922
vn 0.1167 -0.0725 0.9905
vn 0.4569 -0.0941 0.8845
vn -0.0001 -0.1415 0.9899
vn 0.0195 -0.2215 0.9750
vn -0.0208 0.2638 0.9644
vn -0.0000 0.2568 0.9665
vn -0.1916 -0.0000 0.9815
vn 0.1916 -0.0000 -0.9815
vn -0.0000 -0.2568 -0.9665
vn -0.0000 -0.1916 -0.9815
vn -0.9914 0.0967 0.0880
vn -0.9188 -0.3650 -0.1504
vn -0.8441 0.0286 -0.5354
vn -0.3440 0.3411 -0.8748
vn 0.3421 0.0255 -0.9393
vn 0.2577 -0.0007 -0.9662
vn -0.2006 -0.2098 -0.9569
vn -0.6800 -0.7010 -0.2151
vn -0.5616 -0.5849 -0.5853
vn -0.3088 0.2596 0.9150
vn -0.0401 0.2701 0.9620
vn -0.0323 0.2617 -0.9646
vn -0.3227 0.2646 -0.9088
vn -0.8755 -0.0624 -0.4791
vn -0.6623 -0.7012 -0.2640
vn -0.6810 -0.5446 0.4896
vn 0.6513 -0.1903 0.7346
vn -0.1126 0.0967 0.9889
vn 0.1807 0.1399 -0.9735
vn 0.0930 0.0270 0.9953
vn 0.2573 -0.5601 0.7874
vn 0.2376 -0.5852 -0.7753
vn 0.1116 -0.1677 -0.9795
vn -0.1322 -0.2007 -0.9707
vn 0.3574 -0.6000 -0.7158
vn -0.3486 -0.1166 0.9300
vn -0.1714 -0.1165 0.9783
vn -0.3346 -0.2410 0.9110
vn -0.4022 -0.1403 0.9047
vn -0.6385 -0.2678 0.7215
vn -0.2639 -0.1502 0.9528
vn 0.4498 0.3039 0.8398
vn -0.0139 0.4820 0.8760
vn 0.2616 -0.1729 -0.9495
vn -0.0118 0.0001 -0.9999
vn -0.7385 -0.6490 0.1829
vn 0.0728 -0.0420 -0.9965
vn 0.6057 0.1318 -0.7847
vn -0.1435 0.4537 -0.8795
vn 0.1300 -0.3714 -0.9193
vn 0.6483 0.3602 -0.6708
vn 0.7112 -0.0963 -0.6964
vn 0.2436 -0.0360 -0.9692
vn 0.7706 -0.3033 -0.5606
vn 0.3926 -0.3065 -0.8671
vn 0.6374 -0.5890 0.4968
vn 0.7324 -0.5830 0.3518
vn 0.8006 -0.4457 0.4005
vn -0.0977 -0.0943 0.9907
vn 0.4926 0.3457 0.7987
vn 0.8403 0.5208 0.1503
vn 0.8811 0.3823 0.2783
vn 0.9973 -0.0708 -0.0215
vn 0.9563 -0.0418 -0.2895
vn 0.9420 -0.2233 0.2506
vn -0.1787 0.0073 0.9839
vn -0.4077 -0.1432 0.9018
vn -0.4598 0.2337 0.8567
vn 0.0734 0.9311 0.3574
vn 0.4283 0.8802 0.2046
vn 0.2376 0.9367 -0.2573
vn -0.4380 0.1042 0.8929
vn 0.1821 -0.0381 0.9825
vn -0.1064 -0.0772 0.9913
vn -0.9740 -0.0728 0.2147
vn -0.6544 -0.7506 -0.0917
vn -0.6468 -0.7441 0.1673
vn -0.0202 0.0313 0.9993
vn -0.0602 0.0898 0.9941
vn 0.1118 -0.0103 0.9937
vn 0.1076 0.1101 -0.9881
vn -0.8505 -0.4682 -0.2399
vn -0.3980 -0.2251 -0.8893
vn -0.5206 -0.6823 -0.5132
vn 0.1202 0.1335 0.9837
vn 0.3615 0.0217 -0.9321
vn 0.0330 -0.4033 -0.9145
vn -0.0362 -0.2071 -0.9776
vn 0.2665 0.6266 -0.7323
vn 0.2508 0.3014 -0.9199
vn 0.4691 0.6625 -0.5840
vn -0.1340 0.1398 0.9811
vn -0.3408 0.1169 0.9328
vn -0.0427 0.4542 0.8899
vn -0.1747 0.7026 -0.6898
vn -0.1159 0.0984 -0.9884
vn -0.2193 0.2461 -0.9441
vn -0.1210 0.0448 -0.9916
vn 0.0902 -0.1018 -0.9907
vn -0.0400 0.1360 -0.9899
vn 0.2570 -0.1238 -0.9585
vn -0.8661 -0.0054 -0.4999
vn -0.8409 -0.0105 -0.5410
vn -0.0659 -0.0677 0.9955
vn 0.1470 0.0885 -0.9852
vn 0.8587 -0.2018 -0.4711
vn 0.1792 -0.2110 -0.9609
vn -0.0160 -0.3499 -0.9367
vn -0.9348 -0.0498 -0.3517
vn 0.6606 0.0490 -0.7492
vn 0.9519 -0.3040 -0.0393
vn -0.1527 -0.0496 -0.9870
vn 0.6171 0.0763 -0.7832
vn -0.2376 -0.0149 -0.9713
vn 0.0140 -0.0253 -0.9996
vn -0.2251 -0.2169 -0.9499
vn 0.0943 -0.6446 0.7587
vn -0.2202 -0.6034 0.7664
vn 0.2014 0.3312 0.9218
vn -0.5333 -0.1516 0.8322
vn -0.0995 -0.6765 0.7297
vn -0.4720 -0.5514 0.6878
vn 0.3430 -0.7549 0.5590
vn -0.3692 -0.9277 0.0556
vn 0.0719 0.3316 0.9407
vn -0.2648 -0.3259 0.9076
vn -0.7786 0.1644 0.6056
vn -0.1041 0.0922 0.9903
vn 0.0549 0.3389 0.9392
vn 0.2945 0.1800 0.9385
vn 0.2197 0.2269 0.9488
vn -0.9651 -0.2580 -0.0460
vn -0.7649 0.0801 -0.6392
vn -0.4701 -0.3187 -0.8231
vn 0.6309 -0.4396 -0.6394
vn 0.5854 -0.7568 -0.2909
vn -0.3770 -0.2742 -0.8847
vn 0.2101 -0.6259 -0.7511
vn 0.3869 -0.4395 -0.8106
vn -0.0706 0.0766 -0.9946
vn -0.0504 -0.0983 -0.9939
vn -0.5442 0.0988 -0.8331
vn 0.3399 -0.1151 0.9334
vn 0.2528 -0.1464 0.9564
vn 0.3909 0.0424 0.9195
vn 0.5217 0.6583 0.5426
vn 0.8824 0.4174 -0.2171
vn 0.5100 -0.3563 -0.7830
vn 0.6223 0.3661 -0.6919
vn 0.3827 0.1641 -0.9092
vn 0.5979 0.0855 -0.7970
vn -0.0034 0.1841 -0.9829
vn 0.2178 -0.6462 -0.7314
vn -0.0348 -0.1911 -0.9809
vn -0.5209 0.1195 0.8452
vn -0.9735 0.2030 0.1049
vn -0.4415 -0.5051 -0.7416
vn 0.8023 0.0521 0.5947
vn -0.4911 0.3406 0.8018
vn 0.3389 -0.1252 -0.9324
vn 0.4469 0.3355 -0.8293
vn 0.2128 0.3380 -0.9168
vn -0.5564 -0.1806 -0.8111
vn -0.1222 -0.6087 -0.7840
vn -0.2679 0.9573 -0.1091
vn -0.4831 -0.8148 0.3205
vn 0.4758 -0.8683 0.1405
vn 0.3290 -0.9088 -0.2566
vn 0.3235 -0.9142 0.2441
vn 0.8007 0.0315 -0.5983
vn -0.0665 0.0304 -0.9973
vn 0.5974 -0.1715 -0.7833
vn -0.0592 0.2854 -0.9566
vn 0.6465 0.3509 -0.6774
vn 0.8768 -0.0433 -0.4789
vn 0.3224 -0.2252 -0.9194
vn 0.3681 -0.0813 -0.9262
vn -0.5457 0.6006 -0.5844
vn -0.1416 0.6084 0.7809
vn -0.2140 0.6663 -0.7144
vn -0.2802 0.6639 -0.6934
vn -0.1067 0.7053 0.7009
vn -0.6339 0.7588 0.1499
vn 0.3327 0.3382 -0.8803
vn 0.6241 0.6630 -0.4134
vn 0.5942 0.3794 -0.7092
vn 0.1351 -0.7776 -0.6141
vn -0.4702 -0.1126 -0.8753
vn -0.5572 0.0350 -0.8296
vn -0.3000 -0.1455 -0.9428
vn -0.0211 0.4626 -0.8863
vn 0.8999 -0.4273 -0.0876
vn 0.4346 0.2165 0.8742
vn 0.4510 -0.0870 0.8883
vn 0.1786 -0.0887 0.9799
vn -0.1293 0.2484 -0.9600
vn -0.1150 0.8807 -0.4595
vn -0.2567 0.1402 -0.9563
vn -0.3832 0.8558 -0.3476
vn 0.3065 0.9516 -0.0240
vn 0.4568 0.7121 -0.5332
vn 0.4622 0.7827 0.4169
vn -0.0662 0.9761 0.2071
vn -0.0091 0.5400 0.8416
vn -0.4758 0.7151 0.5121
vn 0.0795 0.8200 -0.5668
vn 0.0797 0.8200 -0.5668
vn 0.0790 0.8200 -0.5669
vn 0.4494 0.4557 0.7683
vn -0.4058 0.4897 -0.7717
vn -0.0045 0.2559 -0.9667
vn -0.9030 0.3978 0.1623
vn -0.5493 0.2654 0.7924
vn -0.8503 -0.3035 0.4299
vn -0.5200 0.4051 0.7520
vn 0.0500 0.0934 0.9944
vn -0.1090 0.7597 0.6411
vn -0.8930 0.4498 -0.0174
vn -0.5464 0.4853 -0.6826
vn -0.4487 0.1628 -0.8787
vn 0.0542 0.2911 -0.9552
vn 0.8185 -0.0677 -0.5705
vn -0.0639 0.1145 0.9914
vn -0.3360 0.1239 0.9337
vn 0.5092 0.6190 0.5979
vn -0.0343 0.5571 0.8297
vn 0.5224 0.5586 0.6443
vn -0.1664 0.3620 0.9172
vn -0.1651 -0.9647 -0.2052
vn -0.3058 -0.9389 0.1582
vn 0.4116 -0.9110 -0.0246
vn -0.0447 -0.2052 -0.9777
vn 0.0322 -0.2473 -0.9684
vn 0.3169 -0.0124 -0.9484
vn 0.7458 -0.0083 -0.6662
vn 0.1076 -0.3822 0.9178
vn 0.0376 -0.7539 0.6559
vn -0.2707 -0.0287 0.9622
vn -0.8035 -0.3431 0.4864
vn -0.7280 -0.5726 -0.3770
vn -0.0986 0.7471 -0.6574
vn -0.0053 -0.3875 0.9219
vn -0.0473 -0.3637 0.9303
vn -0.0625 -0.3752 0.9248
vn -0.5924 0.2045 0.7792
vn -0.8257 -0.5089 0.2433
vn -0.1193 0.0982 0.9880
vn 0.5911 -0.2227 0.7752
vn -0.1572 0.6969 -0.6997
vn -0.5266 -0.2053 -0.8250
vn 0.1353 0.5148 -0.8466
vn -0.7264 -0.1385 -0.6732
vn -0.2555 0.1003 -0.9616
vn -0.8879 -0.0562 -0.4567
vn -0.8878 -0.0563 -0.4568
vn -0.8880 -0.0561 -0.4565
vn -0.0953 0.3377 0.9364
vn 0.3665 0.2337 0.9006
vn 0.1167 0.1733 0.9779
vn -0.4977 -0.4034 0.7678
vn -0.5885 0.2197 0.7781
vn 0.3521 -0.0819 -0.9324
vn 0.5373 -0.1872 -0.8223
vn 0.3042 -0.1517 -0.9405
vn 0.8813 0.2602 -0.3944
vn 0.6870 0.7047 -0.1773
vn 0.2545 0.0469 0.9659
vn 0.0377 0.0134 0.9992
vn 0.3462 -0.2652 0.8999
vn -0.0368 -0.5268 0.8492
vn -0.1739 0.2651 0.9484
vn 0.2900 -0.5042 0.8135
vn 0.7091 0.0324 -0.7044
vn 0.3093 0.2736 -0.9108
vn 0.4567 0.5555 -0.6949
vn 0.5351 0.1178 -0.8365
vn 0.2390 -0.2838 0.9286
vn 0.1018 0.3364 0.9362
vn -0.1248 0.3192 0.9394
vn 0.4725 0.7120 0.5195
vn 0.2357 0.3930 0.8888
vn -0.4989 -0.4061 0.7656
vn 0.6210 0.2998 0.7242
vn 0.5449 0.6261 0.5578
vn 0.7349 0.6726 0.0863
vn -0.5201 -0.7562 0.3970
vn 0.1247 0.1635 0.9786
vn -0.4902 0.0227 0.8713
vn -0.4907 0.2837 -0.8238
vn -0.3770 -0.3482 0.8582
vn -0.1975 -0.4471 0.8724
vn 0.1096 -0.0345 0.9934
vn -0.3906 -0.3129 0.8657
vn -0.7576 -0.5654 -0.3262
vn 0.6930 -0.7044 -0.1537
vn 0.4521 -0.6327 -0.6287
vn 0.5084 -0.7855 -0.3527
vn -0.6545 -0.7506 -0.0903
vn -0.3840 -0.2028 -0.9008
vn -0.2444 -0.3169 -0.9164
vn -0.2823 -0.4411 -0.8519
vn -0.5044 -0.2926 -0.8124
vn 0.1690 0.4474 -0.8782
vn 0.4438 0.1590 -0.8819
vn -0.0840 0.7709 -0.6314
vn -0.5972 0.1453 -0.7888
vn -0.8661 -0.4341 0.2477
vn -0.4180 -0.1416 0.8974
vn -0.8175 -0.5508 0.1687
vn -0.4586 0.8881 -0.0302
vn -0.6696 0.5994 -0.4387
vn -0.2096 0.5720 -0.7930
vn -0.1990 0.5841 0.7869
vn -0.7390 0.4800 0.4727
vn 0.2414 0.7426 0.6247
vn 0.0263 0.0595 0.9979
vn 0.5453 0.7820 0.3019
vn 0.6548 0.7530 0.0646
vn 0.7674 0.6198 0.1642
vn 0.2144 0.7408 0.6366
vn -0.4610 0.2017 0.8642
vn -0.3991 0.3431 -0.8503
vn -0.3567 -0.1932 -0.9140
vn 0.1582 -0.4632 -0.8720
vn -0.7461 -0.5149 0.4223
vn 0.1058 -0.0641 -0.9923
vn -0.1512 0.5886 -0.7941
vn 0.0208 -0.0396 -0.9990
vn -0.5965 -0.7542 0.2744
vn -0.5209 -0.7947 -0.3117
vn -0.9429 0.1314 0.3061
vn -0.5503 -0.1888 0.8134
vn 0.1330 0.2663 0.9547
vn -0.3143 -0.1562 -0.9364
vn -0.7923 -0.4986 -0.3517
vn 0.1605 0.2975 0.9411
vn 0.4558 0.0791 0.8865
vn 0.2514 -0.0000 0.9679
vn -0.1591 0.1272 0.9790
vn 0.3160 -0.9196 0.2335
vn -0.2287 0.3669 -0.9017
vn -0.1725 0.1625 -0.9715
vn 0.3259 0.5862 0.7417
vn -0.4359 -0.5907 0.6790
vn -0.4027 -0.3282 0.8545
vn -0.0952 -0.5526 0.8280
vn -0.4059 -0.6394 0.6530
vn 0.4922 -0.2243 -0.8411
vn 0.7255 -0.1941 -0.6603
vn 0.8430 -0.4676 -0.2658
vn -0.6354 0.1982 -0.7464
vn -0.4430 -0.1902 -0.8761
vn -0.2680 0.4035 -0.8748
vn -0.5540 -0.5053 -0.6616
vn 0.0124 0.0408 -0.9991
vn -0.2781 0.1766 -0.9442
vn -0.4342 0.0209 -0.9006
vn 0.1035 -0.0260 -0.9943
vn 0.1833 -0.0066 -0.9830
vn -0.5440 0.2404 -0.8039
vn 0.4988 0.0197 -0.8665
vn 0.3088 -0.3402 -0.8882
vn -0.0922 0.8863 0.4539
vn 0.1390 -0.0425 0.9894
vn -0.4994 0.0295 0.8659
vn -0.2861 0.3369 0.8970
vn -0.2103 0.2506 0.9450
vn -0.3753 -0.4349 0.8185
vn -0.7267 -0.3118 0.6121
vn -0.6761 -0.6824 0.2780
vn -0.0586 0.5681 0.8209
vn 0.1598 -0.5035 0.8491
vn -0.5294 -0.1798 -0.8291
vn -0.5110 -0.4390 -0.7390
vn -0.0866 -0.3919 -0.9159
vn -0.3604 0.3290 0.8729
vn -0.3470 -0.0356 0.9372
vn 0.1014 -0.1378 0.9853
vn -0.5257 0.2859 -0.8011
vn 0.1115 -0.1165 -0.9869
vn -0.1949 -0.1524 -0.9689
vn 0.4104 -0.2137 0.8865
vn -0.0223 -0.0522 0.9984
vn 0.3074 -0.1006 0.9462
vn 0.4655 -0.3922 -0.7934
vn 0.0616 0.0475 -0.9970
vn -0.7829 0.4643 -0.4140
vn 0.4236 0.0552 -0.9042
vn 0.2129 -0.3658 -0.9060
vn -0.2406 0.1433 -0.9600
vn 0.2114 0.5197 0.8278
vn 0.6955 0.3109 0.6478
vn 0.6028 0.3124 0.7342
vn -0.3771 -0.0792 -0.9228
vn -0.5957 -0.3213 -0.7361
vn 0.1509 0.3987 0.9046
vn 0.8604 -0.1042 0.4989
vn 0.5513 -0.2109 0.8072
vn 0.4355 -0.4889 0.7559
vn 0.3231 -0.8232 0.4668
vn 0.1395 0.1549 -0.9780
vn -0.0085 0.0626 -0.9980
vn -0.1329 -0.3973 0.9080
vn -0.3255 0.0294 0.9451
vn 0.5614 -0.2139 0.7994
vn -0.1265 0.4802 0.8680
vn 0.1176 0.1922 0.9743
vn 0.0470 0.1883 0.9810
vn -0.4331 -0.2874 -0.8543
vn 0.3615 -0.2269 -0.9043
vn -0.0644 0.4058 -0.9117
vn -0.1188 0.6286 -0.7686
vn 0.1160 -0.9068 -0.4052
vn -0.1200 0.8636 -0.4897
vn 0.0800 0.1815 -0.9801
vn -0.0609 0.1270 0.9900
vn 0.4857 -0.3534 0.7995
vn 0.7951 0.3369 -0.5043
vn 0.9003 -0.1827 -0.3951
vn -0.2423 -0.8083 0.5367
vn -0.4231 -0.8857 0.1910
vn 0.2520 -0.0273 0.9673
vn 0.9550 -0.0251 0.2954
vn -0.6475 -0.0302 0.7615
vn 0.7762 0.0381 0.6294
vn 0.3500 0.0616 0.9347
vn 0.0102 0.0677 -0.9977
vn -0.1317 0.0216 -0.9911
vn 0.0434 -0.4059 -0.9129
vn 0.3614 -0.2952 -0.8844
vn 0.0814 -0.1100 -0.9906
vn 0.0502 0.1464 0.9880
vn 0.2609 -0.2439 0.9340
vn 0.4948 0.5584 0.6658
vn 0.6246 0.7715 -0.1210
vn 0.5111 0.7892 0.3405
vn -0.6886 0.7074 -0.1596
vn -0.7409 0.6421 -0.1970
vn -0.4247 0.2717 0.8636
vn -0.8125 0.5708 0.1184
vn -0.5346 0.4600 0.7089
vn -0.5110 0.3345 0.7918
vn -0.5117 0.1791 0.8403
vn -0.5474 0.0824 0.8328
vn -0.7972 0.3669 0.4794
vn 0.7818 0.6180 0.0832
vn 0.3375 0.9163 0.2157
vn 0.6332 0.7683 -0.0937
vn 0.3171 -0.9018 -0.2937
vn 0.1052 -0.3903 -0.9147
vn 0.0208 -0.0935 -0.9954
vn 0.5168 -0.1085 0.8492
vn 0.7408 -0.6408 0.2014
vn 0.9329 -0.0481 0.3568
vn -0.0639 0.2055 0.9766
vn -0.2384 0.1942 0.9515
vn -0.1463 -0.1268 0.9811
vn 0.1613 -0.2705 0.9491
vn -0.1202 0.9917 -0.0450
vn 0.9447 -0.0143 0.3276
vn 0.5538 0.6842 0.4745
vn -0.3086 0.0351 -0.9505
vn 0.1170 -0.6163 -0.7788
vn 0.0152 -0.1261 -0.9919
vn -0.2198 -0.3556 0.9084
vn -0.0910 -0.3956 0.9139
vn -0.4621 0.8850 -0.0577
vn 0.4487 0.1923 -0.8727
vn 0.0585 -0.0023 -0.9983
vn -0.2926 -0.0126 0.9562
vn -0.0718 0.5406 -0.8382
vn 0.3530 0.4877 -0.7984
vn 0.3529 0.4879 -0.7984
vn 0.3532 0.4882 -0.7981
vn 0.1859 0.5151 -0.8367
vn 0.1276 0.3951 -0.9097
vn -0.5272 0.4849 -0.6978
vn -0.4051 0.4894 0.7722
vn 0.2260 -0.2106 0.9511
vn 0.2050 0.0183 0.9786
vn -0.1877 -0.9138 0.3602
vn -0.5163 0.4316 0.7397
vn -0.1139 0.2191 0.9690
vn -0.9238 -0.3167 -0.2152
vn -0.5319 -0.0860 -0.8424
vn 0.7443 -0.5380 -0.3957
vn 0.8189 -0.2984 -0.4903
vn -0.4897 -0.2658 0.8304
vn -0.4501 -0.3342 -0.8281
vn -0.4537 0.0337 0.8905
vn 0.3758 0.1946 0.9060
vn 0.4980 -0.8029 0.3277
vn 0.0973 -0.1906 0.9768
vn 0.3893 -0.4711 0.7915
vn -0.7549 0.6429 0.1293
vn -0.8473 0.2447 0.4715
vn -0.6900 -0.5495 0.4711
vn -0.1325 -0.4836 0.8652
vn -0.5234 -0.0903 0.8473
vn 0.3506 0.2981 0.8878
vn 0.0545 0.1904 0.9802
vn -0.0320 0.1337 0.9905
vn -0.0658 0.0321 0.9973
vn 0.4261 0.5658 0.7059
vn 0.7401 0.2372 0.6293
vn 0.2525 0.3944 0.8836
vn 0.5397 -0.6359 -0.5516
vn 0.5165 -0.7676 -0.3794
vn 0.4910 -0.8539 -0.1725
vn 0.1100 0.0458 -0.9929
vn 0.3606 -0.2232 -0.9056
vn 0.2836 0.0486 -0.9577
vn 0.7985 -0.1880 -0.5719
vn 0.3117 -0.1675 -0.9353
vn 0.2327 0.0956 0.9678
vn 0.2240 -0.4903 -0.8422
vn 0.5882 -0.6374 -0.4977
vn 0.3404 -0.8655 -0.3675
vn 0.3279 -0.8114 -0.4839
vn -0.1998 0.4698 -0.8598
vn -0.3258 -0.4540 -0.8293
vn -0.2143 0.0090 -0.9767
vn 0.0852 -0.0682 -0.9940
vn -0.0695 0.0891 -0.9936
vn -0.2814 0.0603 0.9577
vn -0.6696 -0.0794 0.7385
vn 0.3303 0.5777 -0.7465
vn 0.0538 0.3864 -0.9208
vn -0.0646 0.6582 0.7501
vn -0.0649 0.6579 0.7503
vn -0.4516 0.4038 0.7957
vn -0.1848 0.1549 0.9705
vn -0.2507 0.9540 -0.1645
vn -0.4634 0.4746 -0.7484
vn -0.1450 0.0592 0.9877
vn 0.1521 0.0411 0.9875
vn -0.0813 0.0096 0.9966
vn 0.0334 0.0004 -0.9994
vn -0.4758 0.0891 -0.8750
vn 0.3389 -0.1143 -0.9339
vn -0.9702 0.0698 -0.2321
vn -0.7570 -0.6189 -0.2095
vn -0.4303 -0.3522 0.8311
vn 0.5693 -0.4478 0.6894
vn 0.4050 0.1208 0.9063
vn 0.3978 0.3529 -0.8469
vn 0.5848 -0.0704 0.8081
vn 0.6209 -0.7104 0.3313
vn 0.2396 -0.0388 0.9701
vn -0.2485 -0.4013 -0.8816
vn 0.6379 0.2396 -0.7320
vn -0.5800 0.7314 -0.3586
vn -0.5338 0.0509 -0.8441
vn -0.3735 -0.0098 -0.9276
vn -0.3167 0.3238 0.8915
vn -0.7853 0.5646 0.2542
vn -0.5703 0.5074 0.6460
vn -0.0897 -0.6146 0.7837
vn -0.0773 0.1489 0.9858
vn -0.0368 -0.1310 0.9907
vn -0.3208 0.8101 0.4907
vn 0.7480 0.1626 0.6434
vn -0.0944 0.9775 0.1887
vn 0.7505 0.0343 0.6600
vn 0.4579 0.0263 0.8886
vn -0.3015 -0.0222 0.9532
vn -0.1741 -0.0071 0.9847
vn -0.1831 -0.0174 -0.9829
vn 0.1166 0.9932 -0.0047
vn 0.1169 0.9931 -0.0042
vn 0.1163 0.9932 -0.0048
vn -0.4537 0.5011 0.7369
vn -0.1361 0.0071 -0.9907
vn -0.1452 -0.4146 -0.8983
vn -0.2387 0.3169 -0.9179
vn -0.4927 0.0347 -0.8695
vn 0.1362 0.1242 -0.9829
vn 0.6589 0.7521 -0.0179
vn -0.0500 0.5163 -0.8550
vn -0.0076 0.1325 -0.9912
vn -0.4290 -0.0946 -0.8983
vn 0.5790 -0.8086 -0.1047
vn -0.0232 -0.3837 -0.9232
vn -0.0931 -0.5662 0.8190
vn -0.2453 -0.5576 0.7930
vn 0.0313 -0.1349 -0.9904
vn 0.0091 0.5564 -0.8309
vn 0.4542 -0.2925 -0.8415
vn -0.0327 -0.9694 0.2435
vn 0.0874 -0.9698 -0.2276
vn 0.2032 -0.5561 0.8059
vn 0.0444 0.2689 0.9621
vn -0.5434 0.0086 0.8394
vn 0.2141 -0.1174 0.9697
vn 0.2131 -0.5885 -0.7799
vn 0.3635 -0.4385 -0.8219
vn -0.1598 0.0080 -0.9871
vn -0.2620 0.0926 0.9606
vn 0.4386 -0.0728 0.8957
vn -0.6779 0.6322 -0.3751
vn -0.2403 -0.3577 -0.9024
vn -0.3945 -0.1798 -0.9011
vn -0.5693 -0.1729 -0.8037
vn 0.0373 -0.0052 -0.9993
vn 0.1974 -0.2787 -0.9399
vn -0.7906 0.5899 -0.1642
vn -0.5102 0.8471 0.1489
vn -0.4007 0.8831 -0.2439
vn 0.5458 -0.7783 0.3104
vn 0.1804 -0.3309 0.9263
vn 0.6887 -0.7158 0.1155
vn 0.0602 -0.6227 0.7801
vn -0.0221 -0.1656 0.9859
vn -0.6758 -0.0613 0.7345
vn -0.2190 0.7027 0.6770
vn -0.5151 0.4482 -0.7306
vn 0.6896 0.1609 -0.7061
vn 0.6685 -0.5173 0.5343
vn 0.2213 -0.3169 0.9223
vn 0.2558 -0.4811 0.8385
vn -0.0031 0.3527 -0.9357
vn 0.0687 -0.3882 -0.9190
vn 0.0601 0.0593 -0.9964
vn 0.4556 -0.1958 -0.8684
vn 0.8460 0.5139 -0.1424
vn 0.3139 0.2308 -0.9210
vn -0.2655 -0.8797 -0.3946
vn 0.6342 0.2211 0.7409
vn 0.0943 -0.5414 -0.8354
vn 0.0308 -0.1817 -0.9829
vn 0.5016 0.8651 0.0016
vn 0.9743 -0.1459 -0.1718
vn 0.7399 0.3452 -0.5774
vn 0.7579 0.3436 0.5546
vn 0.9177 -0.3966 0.0257
vn 0.7170 0.6957 -0.0442
vn -0.1160 -0.5959 -0.7946
vn -0.4162 0.0067 -0.9093
vn -0.2573 -0.0056 -0.9663
vn -0.6551 0.2302 -0.7196
vn -0.4316 0.2960 -0.8521
vn -0.7013 0.2435 -0.6700
vn -0.7427 0.3981 -0.5384
vn -0.7233 0.2148 -0.6562
vn 0.9391 -0.0560 -0.3391
vn -0.2657 0.0621 -0.9620
vn -0.5100 0.4285 0.7458
vn -0.2394 -0.2718 0.9321
vn -0.6510 0.1427 0.7456
vn -0.3210 -0.0576 -0.9453
vn -0.1559 -0.6611 -0.7339
vn -0.2486 0.2738 -0.9291
vn 0.0810 0.4558 -0.8864
vn 0.1971 -0.1052 -0.9747
vn 0.0812 0.9961 -0.0335
vn -0.0539 0.9008 -0.4309
vn 0.4958 0.5951 -0.6325
vn 0.5619 0.8269 -0.0238
vn 0.5086 0.6300 -0.5869
vn 0.7441 0.3795 -0.5498
vn 0.7054 0.5970 0.3822
vn -0.4961 0.4868 -0.7189
vn 0.6054 0.1820 0.7749
vn -0.7721 0.2479 0.5851
vn 0.3796 -0.0714 0.9224
vn 0.3468 -0.0007 0.9379
vn -0.8972 -0.4179 0.1429
vn -0.8970 -0.4183 0.1430
vn -0.8970 -0.4182 0.1431
vn 0.3453 -0.3119 0.8852
vn 0.2485 0.6104 0.7521
vn 0.2482 0.6103 0.7523
vn 0.2480 0.6107 0.7520
vn 0.8225 0.0415 0.5673
vn 0.2065 -0.0998 0.9734
vn 0.6669 -0.5178 0.5358
vn 0.3236 -0.5303 -0.7836
vn -0.1238 0.1095 -0.9862
vn 0.5083 -0.1799 0.8422
vn -0.1675 0.2204 0.9609
vn 0.9477 0.3121 0.0663
vn 0.6552 -0.4274 0.6230
vn 0.2532 -0.2953 0.9212
vn 0.4657 -0.2295 0.8547
vn 0.0020 0.9552 0.2960
vn 0.0316 0.9989 0.0343
vn -0.0471 -0.8338 0.5500
vn -0.2145 0.3074 -0.9271
vn 0.4769 -0.0897 0.8744
vn 0.0604 -0.2835 0.9571
vn -0.1675 0.0529 0.9844
vn 0.3614 -0.3212 0.8753
vn 0.0982 0.0655 -0.9930
vn -0.0034 -0.1991 -0.9800
vn -0.0243 -0.7275 -0.6857
vn 0.3329 -0.1502 0.9309
vn 0.2860 -0.0188 0.9581
vn 0.2609 -0.2137 0.9414
vn -0.5166 0.2158 0.8286
vn 0.3654 -0.5227 0.7703
vn -0.0278 -0.3029 -0.9526
vn 0.2807 -0.2446 -0.9281
vn -0.3826 0.3048 -0.8722
vn 0.2626 -0.4461 -0.8556
vn 0.3279 -0.1048 -0.9389
vn -0.6082 0.5565 -0.5661
vn -0.2834 -0.0736 -0.9562
vn 0.0577 -0.0917 -0.9941
vn -0.5344 0.1855 -0.8246
vn -0.1019 -0.0981 0.9899
vn -0.1596 0.4783 -0.8636
vn -0.0435 -0.1167 0.9922
vn -0.4806 -0.2753 0.8326
vn -0.2544 -0.0215 0.9669
vn 0.9860 -0.0585 -0.1562
vn 0.4955 0.8538 -0.1599
vn 0.1742 0.2773 0.9449
vn 0.3882 -0.0100 0.9215
vn 0.1360 0.1558 0.9784
vn 0.6592 -0.6407 0.3935
vn 0.0317 -0.1157 0.9928
vn -0.2997 0.4061 0.8633
vn -0.4503 0.2016 -0.8698
vn 0.2224 0.0183 -0.9748
vn 0.1650 -0.1216 -0.9788
vn -0.1021 0.6833 -0.7230
vn -0.3680 0.5804 -0.7264
vn 0.1747 0.3478 -0.9212
vn 0.4732 -0.5868 0.6571
vn 0.4733 -0.5869 0.6569
vn -0.2036 0.2480 0.9471
vn 0.1176 -0.7308 -0.6724
vn 0.2828 0.4856 0.8272
vn 0.2562 -0.2017 0.9454
vn 0.0422 -0.4944 0.8682
vn -0.0279 0.0218 0.9994
vn 0.3750 -0.8138 0.4439
vn 0.6916 -0.2252 0.6863
vn -0.2366 -0.1355 -0.9621
vn 0.3395 -0.4042 0.8493
vn -0.0332 -0.2230 0.9742
vn -0.1915 -0.2841 0.9395
vn 0.1706 -0.5909 0.7885
vn 0.1372 0.1344 0.9814
vn -0.0424 0.2640 0.9636
vn 0.4907 0.1989 0.8483
vn -0.8579 -0.3390 0.3861
vn -0.2200 0.6826 0.6969
vn -0.1768 -0.0954 0.9796
vn -0.4852 0.2501 0.8379
vn -0.0412 0.4196 0.9068
vn 0.0167 0.1020 0.9946
vn -0.1412 -0.1724 0.9749
vn -0.6927 0.2660 -0.6704
vn -0.1488 -0.0617 -0.9869
vn -0.7509 0.3438 0.5638
vn 0.5252 0.0690 0.8482
vn 0.5250 0.0693 0.8483
vn 0.5251 0.0692 0.8482
vn -0.2590 -0.3207 0.9111
vn -0.1337 -0.1108 0.9848
vn -0.3462 0.2749 0.8970
vn -0.3087 -0.0112 -0.9511
vn 0.2603 0.6699 -0.6953
vn -0.3229 0.2092 0.9230
vn -0.1695 0.6780 0.7153
vn 0.8143 0.3853 0.4341
vn 0.9810 0.0181 -0.1932
vn 0.8170 -0.0456 0.5748
vn -0.8884 0.3742 -0.2660
vn -0.8620 0.4300 0.2685
vn 0.0506 -0.0514 -0.9974
vn -0.0513 -0.0616 -0.9968
vn 0.1230 -0.7638 -0.6336
vn 0.0699 0.3094 -0.9483
vn 0.1783 0.5059 -0.8440
vn 0.2135 0.7822 -0.5853
vn 0.3022 0.7702 -0.5616
vn -0.3014 0.6903 -0.6577
vn 0.1820 -0.7001 0.6905
vn 0.3672 0.2771 -0.8879
vn 0.1688 0.1129 -0.9792
vn 0.5802 0.0349 -0.8137
vn -0.0434 0.4000 -0.9155
vn -0.5444 -0.5977 -0.5886
vn 0.3632 -0.0172 -0.9316
vn -0.5866 -0.3572 -0.7268
vn -0.2350 -0.2070 -0.9497
vn 0.2162 0.1670 0.9619
vn 0.1917 -0.0174 0.9813
vn -0.1533 0.2544 0.9549
vn -0.1052 -0.3389 -0.9349
vn -0.2894 -0.9365 -0.1981
vn -0.2349 -0.9078 -0.3476
vn -0.6282 -0.5495 -0.5508
vn -0.9435 -0.0491 -0.3276
vn -0.9051 0.2298 0.3578
vn -0.3310 -0.5582 -0.7608
vn -0.2230 -0.1136 -0.9682
vn -0.0657 -0.0205 -0.9976
vn 0.2190 -0.4262 -0.8777
vn -0.2640 0.2212 -0.9388
vn -0.1487 0.3831 -0.9116
vn 0.6289 0.7761 0.0467
vn 0.6291 -0.2159 -0.7468
vn 0.0468 -0.5282 0.8478
vn 0.5520 -0.2607 0.7920
vn 0.0460 0.0951 0.9944
vn -0.6022 -0.1809 -0.7776
vn 0.0003 -0.0438 -0.9990
vn 0.5617 -0.6466 -0.5161
vn -0.0000 0.1916 -0.9815
vn 0.2568 -0.0000 -0.9665
vn -0.1160 -0.4681 0.8761
vn -0.3978 0.1596 0.9035
vn 0.2616 -0.5009 0.8250
vn -0.9701 0.0850 0.2273
vn 0.4308 -0.3451 0.8339
vn 0.0681 -0.2778 -0.9582
vn -0.0884 0.0668 -0.9938
vn 0.0879 -0.2314 -0.9689
vn 0.5238 0.0068 -0.8518
vn -0.6862 0.1892 -0.7024
vn -0.9770 -0.2108 -0.0309
vn -0.5202 0.2544 -0.8153
vn -0.7433 -0.3535 0.5679
vn 0.2220 0.0356 -0.9744
vn -0.8282 -0.5493 -0.1113
vn -0.0896 -0.6961 -0.7123
vn -0.1916 -0.0000 -0.9815
vn 0.1052 -0.1240 0.9867
vn 0.2579 0.1239 0.9582
vn -0.0185 -0.3238 0.9460
vn 0.5342 -0.3353 -0.7760
vn 0.3563 -0.3509 -0.8660
vn 0.1079 0.0188 -0.9940
vn 0.0150 -0.0359 -0.9992
vn -0.1239 -0.0082 -0.9923
vn 0.3173 -0.0798 -0.9450
vn 0.5155 0.0449 -0.8557
vn 0.1275 -0.7489 0.6503
vn -0.5537 0.3107 0.7726
vn -0.1902 0.2851 0.9394
vn -0.2823 0.3598 0.8893
vn 0.4694 0.1348 -0.8726
vn 0.0918 0.5958 -0.7979
vn 0.1619 -0.3429 0.9253
vn -0.4590 -0.8250 -0.3296
vn -0.6243 -0.7754 0.0947
vn -0.6338 -0.7712 -0.0587
vn -0.0796 -0.1786 0.9807
vn -0.1601 -0.5706 0.8055
vn -0.1603 -0.5702 0.8057
vn -0.1607 -0.5702 0.8057
vn -0.3249 -0.9352 0.1407
vn -0.4068 -0.0161 0.9134
vn -0.2350 0.2237 0.9459
vn 0.2486 -0.1485 -0.9572
vn 0.7278 -0.1517 -0.6688
vn -0.2226 -0.9671 -0.1234
vn -0.2786 -0.0698 -0.9578
vn -0.6872 -0.0744 -0.7227
vn 0.1281 0.0302 -0.9913
vn -0.3005 -0.1409 -0.9433
vn -0.2429 -0.5411 -0.8051
vn -0.0297 -0.2427 -0.9696
vn 0.3158 -0.0128 0.9488
vn -0.6183 0.3052 -0.7243
vn 0.5541 -0.2162 -0.8039
vn -0.0901 0.1586 -0.9832
vn -0.3403 0.2320 -0.9112
vn -0.3855 0.0585 -0.9208
vn 0.0515 0.2319 0.9714
vn -0.8597 0.1999 -0.4700
vn -0.2826 -0.4520 -0.8461
vn 0.2951 -0.4233 -0.8566
vn 0.4309 0.1665 -0.8869
vn 0.2116 0.3673 -0.9057
vn -0.0739 0.0175 0.9971
vn -0.3102 -0.0288 -0.9502
vn 0.9558 0.2782 -0.0950
vn 0.7783 0.1948 0.5969
vn 0.6232 0.1123 -0.7740
vn 0.7054 -0.3189 -0.6330
vn 0.4407 -0.2652 -0.8576
vn -0.0242 -0.3133 -0.9493
vn 0.0831 0.4229 -0.9023
vn -0.1064 0.4692 -0.8766
vn -0.1754 0.2043 0.9631
vn 0.0960 0.1009 -0.9903
vn 0.1087 -0.2612 -0.9591
vn -0.1627 -0.0619 -0.9847
vn -0.4489 -0.4540 0.7697
vn 0.2321 -0.2497 -0.9401
vn 0.0438 -0.4657 -0.8838
vn -0.0908 -0.3143 0.9450
vn -0.1575 0.6868 0.7096
vn 0.0120 0.5155 0.8568
vn -0.7498 -0.1278 -0.6492
vn -0.8589 -0.0447 0.5102
vn -0.9280 0.0255 0.3718
vn 0.0211 -0.3727 0.9277
vn -0.7777 0.2594 -0.5726
vn -0.4179 0.9079 0.0325
vn -0.7538 0.5731 -0.3214
vn -0.4363 -0.4416 0.7840
vn -0.7621 -0.5373 0.3613
vn -0.3989 0.2133 -0.8918
vn -0.2544 -0.0255 -0.9668
vn 0.2643 -0.5218 -0.8111
vn -0.0183 0.0674 -0.9976
vn -0.1955 -0.0455 -0.9797
vn 0.9833 0.1795 -0.0303
vn -0.9891 -0.0574 -0.1356
vn 0.2250 0.3665 -0.9028
vn 0.0378 -0.5123 -0.8580
vn -0.3075 -0.3017 -0.9024
vn 0.1236 0.2802 0.9519
vn -0.1733 0.8806 0.4410
vn 0.1033 -0.2051 -0.9733
vn 0.3359 0.1173 0.9345
vn 0.2038 -0.0581 0.9773
vn -0.7608 0.6085 0.2257
vn -0.3775 0.3750 0.8467
vn 0.0683 -0.4774 0.8760
vn 0.4230 -0.1301 0.8967
vn -0.1917 0.7467 0.6369
vn -0.3466 0.3798 0.8576
vn -0.5381 0.5165 0.6660
vn -0.2914 0.2789 0.9150
vn 0.0521 0.7214 0.6905
vn 0.5857 0.6866 -0.4307
vn -0.1824 0.7186 -0.6711
vn -0.1611 0.7091 0.6864
vn 0.1047 0.5510 0.8279
vn 0.8109 -0.1506 0.5655
vn 0.0946 0.6558 0.7490
vn -0.4906 0.1472 0.8589
vn -0.3554 0.1755 0.9181
vn -0.8250 0.5156 -0.2312
vn 0.1981 -0.0299 0.9797
vn 0.2565 -0.1311 0.9576
vn -0.6190 0.2254 0.7524
vn -0.1192 0.2501 0.9609
vn 0.1259 0.3020 0.9450
vn -0.3845 -0.1818 0.9050
vn 0.7503 -0.5657 0.3422
vn 0.4530 -0.0651 0.8891
vn 0.2156 0.2065 -0.9544
vn 0.3467 -0.0177 -0.9378
vn 0.3114 0.1446 0.9392
vn -0.0184 0.4831 0.8754
vn 0.3215 0.3270 0.8887
vn -0.0036 0.1553 0.9879
vn 0.3852 -0.4151 0.8242
vn 0.1522 0.9229 -0.3537
vn 0.5200 -0.3029 -0.7987
vn 0.0394 0.0641 -0.9972
vn 0.2313 0.2000 -0.9521
vn -0.3888 -0.5021 -0.7725
vn -0.1225 0.0361 0.9918
vn 0.8150 -0.5702 0.1027
vn -0.1376 -0.9899 0.0342
vn -0.4128 -0.6651 -0.6223
vn 0.2405 0.0299 -0.9702
vn 0.4597 -0.4547 0.7629
vn -0.0480 -0.2695 0.9618
vn 0.7361 -0.6426 -0.2126
vn -0.1559 -0.6989 -0.6980
vn 0.5228 -0.2009 -0.8285
vn 0.4521 -0.0083 -0.8919
vn 0.6810 -0.0622 0.7297
vn 0.0090 0.6208 -0.7839
vn 0.7264 0.0265 -0.6868
vn 0.8073 0.0202 -0.5898
vn -0.1110 -0.2726 -0.9557
vn -0.2886 0.2566 -0.9224
vn -0.5601 0.4799 -0.6752
vn 0.4318 0.5577 -0.7089
vn 0.6378 -0.2068 0.7419
vn 0.0941 -0.0258 0.9952
vn 0.4105 0.2369 0.8805
vn 0.9831 0.0056 -0.1830
vn -0.4015 0.2186 0.8894
vn -0.4437 -0.0212 0.8959
vn 0.0685 -0.5495 0.8327
vn -0.0739 0.3318 0.9404
vn -0.0000 0.2568 -0.9665
vn -0.8269 -0.0472 -0.5603
vn 0.0200 0.0177 -0.9996
vn 0.3711 -0.2058 0.9055
vn 0.3614 -0.1061 0.9263
vn -0.9395 0.2984 0.1682
vn -0.4641 0.3372 -0.8191
vn -0.5824 -0.1557 -0.7978
vn 0.3243 -0.4684 -0.8218
vn 0.0193 -0.1650 0.9861
vn 0.2361 0.0335 -0.9712
vn -0.5405 -0.6553 0.5277
vn -0.1930 -0.6031 -0.7739
vn -0.4965 0.1918 -0.8466
vn 0.0524 -0.1012 -0.9935
vn 0.0647 -0.4988 0.8643
vn 0.4392 -0.4060 0.8014
vn 0.5535 -0.2815 -0.7838
vn 0.9514 -0.1767 -0.2524
vn -0.2568 -0.0000 -0.9665
vn -0.1673 -0.8376 -0.5200
vn -0.6965 -0.4818 0.5317
vn -0.1474 0.9563 0.2525
vn -0.2445 0.3054 0.9203
vn -0.0226 0.1514 0.9882
vn -0.2449 -0.7184 0.6511
vn 0.3314 0.4244 0.8427
vn 0.3314 0.4245 0.8426
vn 0.3318 0.4243 0.8426
vn -0.2766 -0.8243 0.4940
vn -0.7831 0.5960 -0.1775
vn -0.1326 -0.8040 -0.5797
vn -0.1326 -0.8040 -0.5796
vn -0.1323 -0.8039 -0.5799
vn -0.3992 0.1070 -0.9106
vn 0.2345 0.6905 -0.6842
vn -0.6485 0.5906 -0.4803
vn -0.7661 0.4891 0.4171
vn 0.0201 0.1955 -0.9805
vn 0.2643 0.7735 -0.5761
vn 0.8263 -0.5563 0.0876
vn 0.6087 -0.7237 -0.3252
vn -0.1699 -0.4603 -0.8714
vn 0.8154 -0.4961 0.2982
vn 0.0830 -0.2008 -0.9761
vn 0.2794 -0.5849 -0.7614
vn -0.2619 0.9404 -0.2171
vn -0.1633 -0.3409 -0.9258
vn 0.7519 -0.6168 0.2329
vn -0.2416 -0.3426 0.9079
vn 0.5575 0.3115 0.7695
vn 0.2420 0.2540 0.9364
vn -0.2676 0.3943 -0.8792
vn -0.0024 0.5688 -0.8224
vn 0.1062 0.8812 -0.4607
vn 0.1728 0.0953 0.9803
vn 0.4263 -0.0810 -0.9010
vn 0.1046 -0.2603 0.9598
vn 0.0315 -0.2559 0.9662
vn 0.3404 -0.0745 -0.9373
vn 0.3915 -0.0895 -0.9158
vn 0.4753 -0.5260 0.7053
vn 0.0603 0.1247 0.9904
vn 0.3626 -0.0834 0.9282
vn 0.2607 0.0795 -0.9621
vn 0.6443 0.7436 -0.1786
vn -0.8867 0.1525 0.4365
vn 0.6602 -0.2455 0.7099
vn 0.8236 -0.1264 0.5529
vn -0.4281 0.0206 0.9035
vn -0.4465 0.0607 0.8927
vn 0.3126 0.5743 0.7566
vn 0.6156 0.2260 0.7550
vn -0.1674 0.0773 0.9829
vn 0.3242 0.1062 0.9400
vn 0.2746 0.9522 -0.1339
vn -0.9508 0.1092 0.2898
vn -0.9509 0.1095 0.2895
vn 0.0884 -0.4118 0.9070
vn 0.7107 -0.6069 0.3558
vn 0.8363 -0.0112 -0.5482
vn 0.0981 -0.0198 -0.9950
vn -0.7642 0.2746 -0.5836
vn -0.0825 0.7424 0.6648
vn 0.0386 0.3864 0.9215
vn 0.8560 0.4951 -0.1489
vn 0.7264 0.5943 -0.3453
vn 0.4660 0.3699 -0.8038
vn 0.1248 0.3059 -0.9438
vn 0.4740 -0.4878 -0.7330
vn -0.1395 -0.1470 0.9793
vn -0.7584 -0.1793 -0.6266
vn -0.2568 -0.0000 0.9665
vn 0.1604 -0.2018 0.9662
vn 0.1717 -0.1958 0.9655
vn 0.1730 -0.1945 0.9655
vn 0.3547 -0.1768 -0.9181
vn 0.4038 0.6422 0.6516
vn -0.4960 0.0049 -0.8683
vn -0.9125 -0.0513 -0.4059
vn -0.8147 -0.0772 -0.5748
vn -0.9514 -0.0143 -0.3077
vn 0.2356 0.0260 -0.9715
vn 0.3064 0.9444 0.1194
vn 0.5291 -0.4876 -0.6945
vn -0.2451 0.5354 -0.8083
vn 0.1727 0.7914 0.5864
vn -0.9077 0.0094 -0.4196
vn -0.9036 0.0139 -0.4282
vn -0.8941 0.0338 -0.4467
vn 0.8304 -0.2434 -0.5012
vn -0.1509 0.6775 0.7199
vn 0.6789 0.1321 -0.7222
vn -0.2238 -0.1573 0.9618
vn -0.0196 0.0315 0.9993
vn -0.2383 0.2074 0.9488
vn 0.4010 -0.3710 0.8376
vn 0.7106 -0.0390 0.7025
vn 0.0678 0.1008 -0.9926
vn -0.7061 -0.6212 -0.3398
vn -0.2828 -0.4780 0.8316
vn 0.4684 -0.0462 -0.8823
vn 0.8153 -0.3315 -0.4747
vn 0.3829 0.4112 -0.8273
vn 0.5057 0.0541 -0.8610
vn 0.6494 -0.2417 0.7210
vn 0.4799 -0.4781 -0.7356
vn -0.0539 -0.0112 0.9985
vn 0.8523 -0.1037 0.5127
vn 0.3823 -0.0437 0.9230
vn 0.4465 -0.0494 0.8934
vn 0.1227 0.8088 0.5752
vn -0.0182 0.0272 0.9995
vn -0.7351 0.6341 -0.2400
vn 0.5987 -0.5847 0.5475
vn -0.0301 0.2186 0.9753
vn -0.1963 0.2659 -0.9438
vn -0.5979 0.2507 0.7613
vn 0.6613 0.3163 0.6801
vn -0.6778 0.5599 0.4766
vn 0.2907 -0.4591 0.8395
vn -0.6972 -0.7163 0.0298
vn -0.5426 -0.5599 -0.6262
vn -0.3279 -0.5116 -0.7942
vn -0.3802 0.3374 -0.8612
vn -0.3496 -0.1654 0.9222
vn 0.5738 0.0692 -0.8161
vn -0.0071 0.9350 -0.3545
vn -0.7802 -0.2078 0.5900
vn -0.9320 -0.0314 -0.3612
vn 0.2218 -0.1882 0.9568
vn 0.5945 0.6895 -0.4137
vn -0.6837 -0.0077 0.7297
vn -0.5504 0.1610 -0.8192
vn 0.8273 -0.0347 0.5607
vn -0.8438 -0.0775 0.5310
vn 0.0828 -0.0647 0.9945
vn -0.6454 0.1260 -0.7534
vn 0.5365 0.5368 0.6512
vn 0.7084 0.2362 -0.6651
vn -0.8555 -0.0474 0.5156
vn -0.9355 0.1405 0.3241
vn -0.1554 -0.7092 -0.6877
vn 0.0388 -0.0249 -0.9989
vn -0.4896 0.4529 -0.7451
vn -0.0674 0.0036 -0.9977
vn -0.9157 0.2634 -0.3035
vn -0.1481 0.1094 -0.9829
vn -0.0204 0.0118 -0.9997
vn -0.0402 0.0319 -0.9987
vn -0.0397 0.0069 -0.9992
vn -0.0103 0.0065 -0.9999
vn -0.0061 -0.0002 -1.0000
vn 0.9523 -0.0069 -0.3051
vn 0.6716 0.0839 -0.7361
vn -0.3462 0.9380 0.0178
vn -0.4595 0.3490 -0.8168
vn -0.0581 0.8350 -0.5472
vn 0.1054 0.0745 0.9916
vn -0.0038 0.0011 1.0000
vn 0.0203 0.0332 0.9992
vn 0.0051 0.0002 1.0000
vn 0.9882 -0.1318 -0.0781
vt 0.506590 0.318200
vt 0.506590 0.200740
vt 0.560590 0.259470
vt 0.854380 0.695980
vt 0.853860 0.695510
vt 0.854170 0.695610
vt 0.930890 0.541855
vt 0.932901 0.540813
vt 0.939824 0.545579
vt 0.646080 0.992737
vt 0.643364 0.993935
vt 0.639673 0.992243
vt 0.636784 0.989602
vt 0.635250 0.991498
vt 0.768723 0.555192
vt 0.770199 0.559428
vt 0.766249 0.566073
vt 0.820193 0.406998
vt 0.795508 0.404403
vt 0.804342 0.404736
vt 0.771191 0.551588
vt 0.766701 0.550050
vt 0.752978 0.855131
vt 0.803888 0.836426
vt 0.769635 0.870994
vt 0.760071 0.568134
vt 0.757439 0.569971
vt 0.751711 0.568582
vt 0.524934 0.441182
vt 0.521599 0.434094
vt 0.524190 0.429984
vt 0.528959 0.484877
vt 0.521785 0.469869
vt 0.526226 0.468644
vt 0.854640 0.695230
vt 0.854250 0.695370
vt 0.599075 0.428644
vt 0.576861 0.411442
vt 0.577229 0.409346
vt 0.820265 0.823505
vt 0.814664 0.816400
vt 0.839975 0.816896
vt 0.887288 0.733577
vt 0.899335 0.734509
vt 0.895156 0.736001
vt 0.824088 0.213873
vt 0.822224 0.060542
vt 0.827788 0.213620
vt 0.237026 0.842510
vt 0.262572 0.825875
vt 0.308917 0.838536
vt 0.246289 0.811630
vt 0.250255 0.814707
vt 0.247145 0.814437
vt 0.750580 0.604695
vt 0.655238 0.661129
vt 0.735384 0.612203
vt 0.734371 0.808244
vt 0.734998 0.803537
vt 0.743380 0.797278
vt 0.216658 0.293316
vt 0.207949 0.301351
vt 0.202510 0.302693
vt 0.948556 0.528186
vt 0.951632 0.537349
vt 0.947370 0.537687
vt 0.630293 0.397886
vt 0.634663 0.404388
vt 0.628166 0.398469
vt 0.745804 0.734624
vt 0.748197 0.729843
vt 0.754268 0.732793
vt 0.175394 0.297057
vt 0.175337 0.311911
vt 0.172648 0.313146
vt 0.632770 0.633004
vt 0.308305 0.144616
vt 0.300222 0.144420
vt 0.810207 0.409374
vt 0.798882 0.412059
vt 0.310823 0.457271
vt 0.311780 0.461916
vt 0.309919 0.458916
vt 0.817957 0.059652
vt 0.821798 0.205364
vt 0.556979 0.399900
vt 0.579882 0.372481
vt 0.587340 0.367421
vt 0.162921 0.277958
vt 0.176662 0.295620
vt 0.224741 0.239473
vt 0.213028 0.223481
vt 0.229052 0.214437
vt 0.925594 0.840754
vt 0.933518 0.838282
vt 0.931521 0.843449
vt 0.867376 0.420332
vt 0.862711 0.413096
vt 0.864831 0.409994
vt 0.930691 0.714538
vt 0.925007 0.703915
vt 0.930738 0.704701
vt 0.640859 0.392477
vt 0.637104 0.392228
vt 0.616613 0.372907
vt 0.247888 0.785060
vt 0.246095 0.787968
vt 0.237893 0.783504
vt 0.187644 0.364026
vt 0.172941 0.350060
vt 0.174893 0.350271
vt 0.853470 0.695650
vt 0.853950 0.695260
vt 0.854710 0.693660
vt 0.855220 0.693240
vt 0.854800 0.693390
vt 0.508326 0.946684
vt 0.502720 0.956768
vt 0.500468 0.954288
vt 0.687406 0.446133
vt 0.682554 0.442890
vt 0.710623 0.428215
vt 0.344960 0.087885
vt 0.407795 0.089057
vt 0.320866 0.082568
vt 0.922445 0.582286
vt 0.919870 0.584108
vt 0.911123 0.583032
vt 0.946616 0.542491
vt 0.949613 0.543715
vt 0.761781 0.810457
vt 0.777476 0.239257
vt 0.572430 0.979405
vt 0.920926 0.588223
vt 0.925268 0.588286
vt 0.939106 0.543807
vt 0.911559 0.585218
vt 0.914274 0.586668
vt 0.940723 0.541808
vt 0.913296 0.458276
vt 0.952040 0.528451
vt 0.913250 0.460152
vt 0.929422 0.589783
vt 0.928159 0.595177
vt 0.931235 0.596799
vt 0.821437 0.831993
vt 0.817542 0.839951
vt 0.815094 0.838308
vt 0.938323 0.691288
vt 0.920627 0.692043
vt 0.513763 0.379058
vt 0.488593 0.375849
vt 0.494049 0.376860
vt 0.254305 0.397481
vt 0.232407 0.403057
vt 0.230609 0.401025
vt 0.228047 0.375270
vt 0.223633 0.376975
vt 0.221794 0.365882
vt 0.662056 0.391368
vt 0.650559 0.396349
vt 0.643609 0.395411
vt 0.130689 0.741236
vt 0.129186 0.737795
vt 0.135120 0.741975
vt 0.913265 0.667920
vt 0.304665 0.746626
vt 0.319025 0.745211
vt 0.319260 0.748409
vt 0.961443 0.408593
vt 0.954575 0.376059
vt 0.989185 0.399330
vt 0.180432 0.827806
vt 0.183436 0.829834
vt 0.180416 0.833838
vt 0.959955 0.849095
vt 0.961741 0.851256
vt 0.956595 0.870091
vt 0.238435 0.735008
vt 0.207698 0.723020
vt 0.199500 0.717634
vt 0.668653 0.797157
vt 0.676813 0.805313
vt 0.668773 0.801872
vt 0.956946 0.730164
vt 0.959222 0.730586
vt 0.955030 0.732469
vt 0.714666 0.426460
vt 0.794249 0.443188
vt 0.882831 0.471634
vt 0.862624 0.480558
vt 0.956089 0.727402
vt 0.718623 0.408368
vt 0.704762 0.382300
vt 0.706936 0.376836
vt 0.724859 0.735682
vt 0.726874 0.739602
vt 0.721516 0.738188
vt 0.827994 0.243306
vt 0.817916 0.250805
vt 0.826785 0.241613
vt 0.232325 0.439962
vt 0.299599 0.431674
vt 0.241448 0.440868
vt 0.939312 0.387531
vt 0.938238 0.385515
vt 0.941112 0.387779
vt 0.473710 0.946540
vt 0.468136 0.935683
vt 0.471468 0.936536
vt 0.915436 0.734149
vt 0.937821 0.389316
vt 0.846972 0.426738
vt 0.846416 0.422267
vt 0.848055 0.424566
vt 0.189287 0.618977
vt 0.150764 0.620234
vt 0.193114 0.617662
vt 0.541579 0.415315
vt 0.536402 0.423497
vt 0.531418 0.426794
vt 0.913131 0.508985
vt 0.904324 0.489998
vt 0.011211 0.807362
vt 0.013885 0.808922
vt 0.011595 0.811705
vt 0.020627 0.816542
vt 0.951237 0.712577
vt 0.927836 0.724986
vt 0.948051 0.706013
vt 0.930973 0.836836
vt 0.935829 0.841473
vt 0.938185 0.843574
vt 0.309125 0.823914
vt 0.303228 0.823804
vt 0.307850 0.801110
vt 0.948802 0.693893
vt 0.927995 0.722182
vt 0.933294 0.873606
vt 0.940256 0.875452
vt 0.938566 0.878401
vt 0.477809 0.951041
vt 0.025617 0.021066
vt 0.038679 0.028940
vt 0.944539 0.407138
vt 0.944136 0.396610
vt 0.943723 0.882982
vt 0.939768 0.880918
vt 0.935888 0.884453
vt 0.923295 0.728297
vt 0.177367 0.330548
vt 0.195612 0.313425
vt 0.199203 0.313492
vt 0.952501 0.413563
vt 0.942378 0.414401
vt 0.909828 0.399293
vt 0.916994 0.401035
vt 0.920989 0.407638
vt 0.534109 0.358185
vt 0.524618 0.351978
vt 0.526390 0.350527
vt 0.919441 0.841179
vt 0.913080 0.850462
vt 0.916492 0.397985
vt 0.926986 0.699526
vt 0.911866 0.843551
vt 0.910558 0.394351
vt 0.987506 0.691274
vt 0.980141 0.692628
vt 0.987901 0.688951
vt 0.682809 0.371075
vt 0.681362 0.376600
vt 0.679775 0.370509
vt 0.910979 0.879725
vt 0.634828 0.618423
vt 0.369710 0.314888
vt 0.325034 0.331179
vt 0.321545 0.310789
vt 0.495074 0.364093
vt 0.506464 0.350393
vt 0.508165 0.351331
vt 0.742239 0.774645
vt 0.727589 0.742921
vt 0.824590 0.393413
vt 0.820510 0.372787
vt 0.826951 0.378890
vt 0.889619 0.754153
vt 0.885785 0.748986
vt 0.886281 0.747068
vt 0.531129 0.351279
vt 0.524420 0.347387
vt 0.846484 0.274941
vt 0.855503 0.278957
vt 0.982561 0.904930
vt 0.924952 0.482450
vt 0.912989 0.462143
vt 0.723086 0.414511
vt 0.757821 0.410837
vt 0.742030 0.412260
vt 0.954544 0.529924
vt 0.915301 0.432425
vt 0.910955 0.668100
vt 0.914346 0.669839
vt 0.879192 0.802819
vt 0.882339 0.812406
vt 0.884636 0.819233
vt 0.276832 0.444218
vt 0.237508 0.446680
vt 0.297885 0.437586
vt 0.740290 0.832807
vt 0.736848 0.838889
vt 0.734834 0.833714
vt 0.547086 0.943638
vt 0.550594 0.944335
vt 0.549048 0.946485
vt 0.551674 0.947803
vt 0.737837 0.831093
vt 0.539737 0.944302
vt 0.745829 0.825514
vt 0.568311 0.965937
vt 0.564995 0.968763
vt 0.568687 0.970365
vt 0.864408 0.843218
vt 0.866964 0.839128
vt 0.883297 0.847416
vt 0.765791 0.816283
vt 0.757718 0.814421
vt 0.756414 0.805744
vt 0.916729 0.427698
vt 0.917177 0.413263
vt 0.854462 0.242658
vt 0.860269 0.243058
vt 0.868838 0.250173
vt 0.901847 0.688742
vt 0.892359 0.690618
vt 0.886509 0.692736
vt 0.509054 0.973627
vt 0.526697 0.957032
vt 0.531516 0.958400
vt 0.674614 0.363863
vt 0.742649 0.810368
vt 0.746920 0.816372
vt 0.744810 0.815618
vt 0.550018 0.957317
vt 0.548687 0.959293
vt 0.543407 0.959452
vt 0.568279 0.977908
vt 0.759267 0.802763
vt 0.741666 0.812870
vt 0.908407 0.738728
vt 0.909175 0.736113
vt 0.530507 0.953034
vt 0.545597 0.961126
vt 0.807192 0.828268
vt 0.770688 0.874946
vt 0.537885 0.966380
vt 0.753071 0.804193
vt 0.756578 0.801717
vt 0.751311 0.806298
vt 0.739461 0.815746
vt 0.737471 0.815355
vt 0.177279 0.291946
vt 0.163474 0.274328
vt 0.164212 0.272661
vt 0.824498 0.299309
vt 0.824365 0.306264
vt 0.821890 0.307051
vt 0.314177 0.438090
vt 0.338697 0.424154
vt 0.311140 0.441496
vt 0.736338 0.798370
vt 0.838947 0.303503
vt 0.737392 0.788415
vt 0.210774 0.359081
vt 0.195947 0.369683
vt 0.212487 0.354728
vt 0.185860 0.822635
vt 0.199645 0.788848
vt 0.201741 0.790511
vt 0.606815 0.433244
vt 0.603990 0.432504
vt 0.638187 0.407875
vt 0.923524 0.417738
vt 0.177155 0.273119
vt 0.204465 0.313710
vt 0.310568 0.770719
vt 0.314587 0.772808
vt 0.312459 0.773941
vt 0.816378 0.243023
vt 0.838713 0.299814
vt 0.837237 0.296362
vt 0.846883 0.290598
vt 0.856548 0.789809
vt 0.860727 0.799819
vt 0.852941 0.806221
vt 0.520152 0.375495
vt 0.890943 0.660880
vt 0.907120 0.591792
vt 0.888273 0.668640
vt 0.828067 0.285657
vt 0.827400 0.275635
vt 0.587062 0.334271
vt 0.587222 0.345556
vt 0.582851 0.337653
vt 0.714187 0.768417
vt 0.705732 0.772075
vt 0.711920 0.765522
vt 0.881642 0.461435
vt 0.876384 0.461148
vt 0.835945 0.430961
vt 0.763015 0.409278
vt 0.764741 0.398984
vt 0.765093 0.409983
vt 0.772717 0.803830
vt 0.804406 0.794991
vt 0.512896 0.944578
vt 0.511706 0.947713
vt 0.730814 0.772696
vt 0.721402 0.768746
vt 0.721113 0.761336
vt 0.717759 0.767166
vt 0.861532 0.270561
vt 0.860759 0.276599
vt 0.841588 0.279794
vt 0.839758 0.275042
vt 0.313163 0.728171
vt 0.315096 0.736305
vt 0.310609 0.723345
vt 0.867203 0.275590
vt 0.194318 0.366894
vt 0.176459 0.335805
vt 0.343471 0.419390
vt 0.378918 0.448967
vt 0.343714 0.422416
vt 0.825987 0.266721
vt 0.766646 0.745188
vt 0.761429 0.741415
vt 0.720884 0.413324
vt 0.784439 0.070144
vt 0.812707 0.199360
vt 0.785849 0.195083
vt 0.811246 0.822150
vt 0.813534 0.834881
vt 0.228391 0.211855
vt 0.887069 0.476186
vt 0.865043 0.483314
vt 0.575708 0.216630
vt 0.574155 0.225017
vt 0.219758 0.173967
vt 0.226778 0.184418
vt 0.216552 0.170374
vt 0.622641 0.391922
vt 0.617846 0.392111
vt 0.968503 0.692614
vt 0.866889 0.244397
vt 0.823382 0.253898
vt 0.819953 0.254936
vt 0.823553 0.248237
vt 0.660706 0.800934
vt 0.384630 0.355251
vt 0.378556 0.354351
vt 0.391522 0.339715
vt 0.770383 0.749094
vt 0.768466 0.751083
vt 0.231967 0.373071
vt 0.229823 0.374776
vt 0.741521 0.707689
vt 0.748488 0.728197
vt 0.304704 0.042398
vt 0.310069 0.047910
vt 0.307131 0.426012
vt 0.304148 0.432357
vt 0.648192 0.393201
vt 0.627222 0.362438
vt 0.667795 0.359388
vt 0.300022 0.727793
vt 0.240399 0.737140
vt 0.853393 0.238573
vt 0.843817 0.233790
vt 0.844194 0.232379
vt 0.809543 0.243212
vt 0.809847 0.249820
vt 0.801446 0.239891
vt 0.835198 0.237261
vt 0.831632 0.243054
vt 0.775581 0.747412
vt 0.774617 0.744814
vt 0.777495 0.741341
vt 0.134829 0.301541
vt 0.583198 0.488585
vt 0.534665 0.486169
vt 0.596388 0.488650
vt 0.298259 0.430630
vt 0.285947 0.390579
vt 0.324653 0.345558
vt 0.841279 0.236781
vt 0.905427 0.590215
vt 0.233339 0.784419
vt 0.135533 0.621666
vt 0.142442 0.621669
vt 0.147021 0.623350
vt 0.533918 0.371043
vt 0.590554 0.352310
vt 0.442740 0.431152
vt 0.866063 0.265173
vt 0.860923 0.251582
vt 0.863726 0.250000
vt 0.798657 0.402669
vt 0.795265 0.397066
vt 0.546940 0.965925
vt 0.182874 0.766314
vt 0.138053 0.750803
vt 0.140022 0.746942
vt 0.856655 0.214062
vt 0.852499 0.216781
vt 0.854505 0.214602
vt 0.744378 0.711652
vt 0.743775 0.708802
vt 0.154305 0.402317
vt 0.165522 0.394079
vt 0.154317 0.403906
vt 0.853115 0.212003
vt 0.192764 0.653889
vt 0.176008 0.654417
vt 0.198138 0.653038
vt 0.674011 0.435262
vt 0.654180 0.414912
vt 0.657810 0.416275
vt 0.746640 0.708022
vt 0.228599 0.208698
vt 0.683890 0.376447
vt 0.661858 0.393342
vt 0.813943 0.211749
vt 0.810889 0.204163
vt 0.233203 0.780595
vt 0.959829 0.348056
vt 0.970817 0.369240
vt 0.817665 0.050147
vt 0.550578 0.962181
vt 0.552958 0.961982
vt 0.677305 0.441062
vt 0.683048 0.439889
vt 0.815855 0.065440
vt 0.808218 0.065890
vt 0.268590 0.447565
vt 0.272015 0.448001
vt 0.270837 0.450002
vt 0.205183 0.315902
vt 0.215789 0.323176
vt 0.771364 0.588036
vt 0.775081 0.556953
vt 0.776986 0.547401
vt 0.526826 0.450736
vt 0.519227 0.451285
vt 0.250760 0.822883
vt 0.224681 0.827000
vt 0.673793 0.496966
vt 0.527980 0.746274
vt 0.847296 0.814738
vt 0.858561 0.827726
vt 0.856905 0.848446
vt 0.196666 0.403892
vt 0.217241 0.400597
vt 0.219865 0.401843
vt 0.880638 0.386007
vt 0.886117 0.383407
vt 0.888777 0.385394
vt 0.163989 0.325312
vt 0.277401 0.687007
vt 0.286380 0.687719
vt 0.533557 0.289514
vt 0.516587 0.290997
vt 0.531232 0.288007
vt 0.900494 0.830953
vt 0.900359 0.833770
vt 0.896251 0.830591
vt 0.895158 0.874288
vt 0.881035 0.864370
vt 0.883664 0.861648
vt 0.251005 0.486185
vt 0.253012 0.490921
vt 0.251459 0.491595
vt 0.918685 0.734797
vt 0.758615 0.590064
vt 0.662816 0.631671
vt 0.904747 0.434812
vt 0.910509 0.461339
vt 0.875360 0.386175
vt 0.832761 0.523362
vt 0.824902 0.518397
vt 0.829902 0.518731
vt 0.897914 0.438476
vt 0.877288 0.388702
vt 0.879800 0.436319
vt 0.894021 0.436547
vt 0.823770 0.408796
vt 0.795339 0.421675
vt 0.886648 0.731524
vt 0.879823 0.727916
vt 0.885477 0.822896
vt 0.888838 0.824990
vt 0.808383 0.210995
vt 0.275458 0.783634
vt 0.270708 0.787788
vt 0.774552 0.818128
vt 0.780947 0.823043
vt 0.772448 0.824068
vt 0.593833 0.336891
vt 0.593944 0.349297
vt 0.851464 0.797223
vt 0.888478 0.472493
vt 0.878058 0.722307
vt 0.886476 0.821592
vt 0.660299 0.805640
vt 0.213756 0.359830
vt 0.224084 0.259370
vt 0.198712 0.502264
vt 0.543931 0.751819
vt 0.821611 0.276805
vt 0.889045 0.694423
vt 0.875934 0.710906
vt 0.879471 0.698145
vt 0.870069 0.838140
vt 0.871722 0.836028
vt 0.871716 0.840966
vt 0.915231 0.730790
vt 0.925304 0.716098
vt 0.884598 0.784974
vt 0.883461 0.789760
vt 0.883652 0.783321
vt 0.381154 0.345969
vt 0.368906 0.348660
vt 0.370236 0.340055
vt 0.867258 0.393725
vt 0.864654 0.399346
vt 0.861253 0.403951
vt 0.233095 0.375960
vt 0.233513 0.377601
vt 0.873859 0.707648
vt 0.760780 0.396698
vt 0.762981 0.396595
vt 0.829656 0.376128
vt 0.837023 0.370192
vt 0.832936 0.374710
vt 0.763991 0.754147
vt 0.873679 0.714459
vt 0.845166 0.386513
vt 0.843168 0.384538
vt 0.847996 0.386395
vt 0.173145 0.319449
vt 0.161969 0.329902
vt 0.874819 0.431535
vt 0.882124 0.434706
vt 0.859715 0.851825
vt 0.855257 0.850109
vt 0.138104 0.842378
vt 0.126076 0.841409
vt 0.905776 0.883794
vt 0.837456 0.382767
vt 0.263216 0.821767
vt 0.303397 0.829684
vt 0.827337 0.871926
vt 0.824677 0.871157
vt 0.824091 0.855141
vt 0.741331 0.733638
vt 0.837879 0.393088
vt 0.862912 0.406025
vt 0.783459 0.814839
vt 0.782925 0.818600
vt 0.211688 0.249013
vt 0.218416 0.289023
vt 0.207630 0.298105
vt 0.864968 0.424097
vt 0.840086 0.837011
vt 0.852516 0.856118
vt 0.848157 0.856149
vt 0.627133 0.585843
vt 0.865842 0.421416
vt 0.832316 0.381036
vt 0.835270 0.415413
vt 0.829993 0.430633
vt 0.290715 0.779501
vt 0.227030 0.842759
vt 0.447489 0.486409
vt 0.864135 0.801084
vt 0.866686 0.797267
vt 0.866306 0.802807
vt 0.863164 0.799045
vt 0.893881 0.846563
vt 0.893073 0.855012
vt 0.859642 0.245521
vt 0.847919 0.241052
vt 0.571730 0.223379
vt 0.571807 0.217486
vt 0.850984 0.424120
vt 0.850181 0.428196
vt 0.844653 0.426753
vt 0.845072 0.821111
vt 0.901159 0.388481
vt 0.899129 0.384925
vt 0.447721 0.433616
vt 0.824638 0.399481
vt 0.823171 0.403165
vt 0.220240 0.414939
vt 0.196672 0.414148
vt 0.196248 0.407806
vt 0.501420 0.971632
vt 0.835594 0.438239
vt 0.791847 0.396459
vt 0.728134 0.809347
vt 0.729960 0.814344
vt 0.726395 0.813343
vt 0.827646 0.830723
vt 0.819796 0.829150
vt 0.200102 0.657444
vt 0.198014 0.663015
vt 0.177899 0.657108
vt 0.669445 0.821117
vt 0.665307 0.804025
vt 0.675612 0.814151
vt 0.907032 0.692666
vt 0.921291 0.695443
vt 0.196057 0.717588
vt 0.188320 0.713155
vt 0.326345 0.340090
vt 0.195549 0.619601
vt 0.200363 0.653435
vt 0.132201 0.302090
vt 0.156726 0.276747
vt 0.793469 0.411512
vt 0.794349 0.418238
vt 0.772518 0.709675
vt 0.828079 0.578639
vt 0.830722 0.580246
vt 0.150428 0.624691
vt 0.153505 0.638134
vt 0.311100 0.868266
vt 0.309677 0.849407
vt 0.313150 0.870719
vt 0.584841 0.311771
vt 0.598499 0.298244
vt 0.588833 0.315110
vt 0.308660 0.827810
vt 0.310105 0.829155
vt 0.305959 0.824762
vt 0.254035 0.487024
vt 0.256772 0.490262
vt 0.131738 0.744063
vt 0.511958 0.290741
vt 0.594252 0.298031
vt 0.256491 0.485562
vt 0.742171 0.819961
vt 0.245047 0.471554
vt 0.247015 0.464877
vt 0.250446 0.463590
vt 0.645897 0.581470
vt 0.310197 0.066128
vt 0.304118 0.828110
vt 0.670476 0.437095
vt 0.652905 0.414187
vt 0.220144 0.489153
vt 0.231735 0.477994
vt 0.235407 0.478441
vt 0.322297 0.815269
vt 0.363164 0.814655
vt 0.352892 0.816080
vt 0.315000 0.805542
vt 0.348489 0.798260
vt 0.346288 0.806160
vt 0.879830 0.431746
vt 0.291754 0.478398
vt 0.295543 0.474112
vt 0.298895 0.477323
vt 0.307845 0.471406
vt 0.307650 0.480386
vt 0.321729 0.479926
vt 0.300203 0.485155
vt 0.296034 0.670174
vt 0.269002 0.445625
vt 0.819176 0.247229
vt 0.813668 0.242336
vt 0.270782 0.825720
vt 0.306085 0.458333
vt 0.308029 0.462052
vt 0.300865 0.438844
vt 0.304369 0.437917
vt 0.305234 0.440618
vt 0.223387 0.445182
vt 0.232840 0.442800
vt 0.235458 0.444296
vt 0.833219 0.296636
vt 0.231004 0.438242
vt 0.232671 0.430461
vt 0.314974 0.741228
vt 0.313804 0.723405
vt 0.384131 0.448527
vt 0.299000 0.729908
vt 0.282601 0.702732
vt 0.278939 0.702414
vt 0.284909 0.701199
vt 0.284771 0.705369
vt 0.286516 0.706347
vt 0.281263 0.705794
vt 0.619139 0.394479
vt 0.606954 0.390684
vt 0.280794 0.707915
vt 0.312384 0.776101
vt 0.325511 0.754371
vt 0.225586 0.157467
vt 0.182152 0.198024
vt 0.222675 0.155413
vt 0.316292 0.770629
vt 0.323470 0.767626
vt 0.704832 0.408132
vt 0.696830 0.402083
vt 0.272836 0.789563
vt 0.278943 0.789984
vt 0.281725 0.785213
vt 0.250411 0.793479
vt 0.599901 0.356999
vt 0.895855 0.386463
vt 0.741905 0.817851
vt 0.033814 0.820669
vt 0.029347 0.819332
vt 0.038099 0.817855
vt 0.032846 0.817186
vt 0.016108 0.799265
vt 0.019383 0.794365
vt 0.027514 0.790871
vt 0.505342 0.348713
vt 0.516206 0.348110
vt 0.776531 0.416387
vt 0.774540 0.412951
vt 0.776449 0.409314
vt 0.876240 0.722612
vt 0.500482 0.376329
vt 0.488112 0.369577
vt 0.484557 0.372831
vt 0.657567 0.391060
vt 0.384633 0.445369
vt 0.062311 0.802198
vt 0.060425 0.802398
vt 0.056667 0.797590
vt 0.779869 0.530583
vt 0.778501 0.538462
vt 0.893005 0.063103
vt 0.212576 0.246304
vt 0.189302 0.260501
vt 0.213082 0.244509
vt 0.051108 0.813769
vt 0.052816 0.809943
vt 0.050030 0.809427
vt 0.604886 0.429071
vt 0.487153 0.373023
vt 0.530680 0.434666
vt 0.527366 0.433351
vt 0.533925 0.430970
vt 0.173213 0.346771
vt 0.173713 0.364605
vt 0.167072 0.353270
vt 0.158395 0.344912
vt 0.170346 0.341635
vt 0.171590 0.343129
vt 0.870960 0.857283
vt 0.872001 0.865054
vt 0.833933 0.581712
vt 0.214190 0.326582
vt 0.211880 0.322012
vt 0.157047 0.347400
vt 0.166871 0.356184
vt 0.156283 0.343034
vt 0.163227 0.345823
vt 0.153982 0.346217
vt 0.912663 0.691775
vt 0.128770 0.376566
vt 0.131115 0.373212
vt 0.135884 0.381956
vt 0.126051 0.372518
vt 0.129977 0.371087
vt 0.201745 0.315772
vt 0.051598 0.866501
vt 0.156315 0.330484
vt 0.161086 0.332404
vt 0.152191 0.328559
vt 0.155670 0.333269
vt 0.312759 0.357230
vt 0.229988 0.398832
vt 0.246207 0.780942
vt 0.315197 0.766991
vt 0.467879 0.936013
vt 0.553211 0.721119
vt 0.545478 0.732346
vt 0.317722 0.353594
vt 0.320251 0.348541
vt 0.709628 0.419737
vt 0.713423 0.424675
vt 0.718841 0.755302
vt 0.721939 0.755456
vt 0.247830 0.494463
vt 0.253623 0.501266
vt 0.760736 0.412104
vt 0.757501 0.413679
vt 0.598275 0.425172
vt 0.575661 0.405563
vt 0.258345 0.491391
vt 0.781020 0.748340
vt 0.763324 0.777575
vt 0.127485 0.369820
vt 0.866804 0.854143
vt 0.780139 0.740481
vt 0.785374 0.710709
vt 0.792606 0.728935
vt 0.678758 0.809587
vt 0.033340 0.013286
vt 0.036153 0.007947
vt 0.039116 0.009980
vt 0.860682 0.846439
vt 0.030456 0.013589
vt 0.033580 0.018650
vt 0.589768 0.358294
vt 0.592963 0.360478
vt 0.641012 0.395943
vt 0.686496 0.399123
vt 0.700422 0.401221
vt 0.328374 0.760101
vt 0.927177 0.370857
vt 0.948781 0.381374
vt 0.135990 0.387953
vt 0.169520 0.379820
vt 0.171139 0.379982
vt 0.531352 0.367392
vt 0.532099 0.370085
vt 0.528299 0.373121
vt 0.854390 0.693540
vt 0.854940 0.694030
vt 0.224372 0.160805
vt 0.186011 0.198868
vt 0.183940 0.198610
vt 0.226857 0.179731
vt 0.307311 0.464158
vt 0.328538 0.463626
vt 0.197309 0.618754
vt 0.189719 0.615984
vt 0.926950 0.879029
vt 0.927527 0.887934
vt 0.821398 0.265305
vt 0.306982 0.432585
vt 0.759707 0.773504
vt 0.941488 0.403518
vt 0.452610 0.259470
vt 0.561210 0.259470
vt 0.506910 0.318540
vt 0.228472 0.202197
vt 0.842081 0.824654
vt 0.835771 0.823364
vt 0.775322 0.421537
vt 0.775439 0.419906
vt 0.773662 0.407540
vt 0.181115 0.654849
vt 0.282721 0.389761
vt 0.306709 0.366340
vt 0.287334 0.388228
vt 0.140080 0.619631
vt 0.173560 0.703757
vt 0.560366 0.924422
vt 0.198858 0.786986
vt 0.176284 0.830629
vt 0.860152 0.413812
vt 0.136679 0.621428
vt 0.218076 0.295396
vt 0.633399 0.599872
vt 0.850903 0.498898
vt 0.859942 0.491687
vt 0.199455 0.303524
vt 0.197395 0.299604
vt 0.250178 0.510256
vt 0.193267 0.319770
vt 0.178399 0.306917
vt 0.845656 0.364163
vt 0.838051 0.359598
vt 0.574712 0.403550
vt 0.549104 0.405139
vt 0.547976 0.408745
vt 0.599345 0.432413
vt 0.602041 0.434649
vt 0.177915 0.327661
vt 0.678965 0.439120
vt 0.599281 0.393351
vt 0.597997 0.392049
vt 0.604930 0.389451
vt 0.592937 0.392106
vt 0.835395 0.520744
vt 0.522776 0.376753
vt 0.364158 0.353752
vt 0.366659 0.355688
vt 0.534780 0.365366
vt 0.536546 0.359049
vt 0.954320 0.538704
vt 0.585012 0.363449
vt 0.828505 0.333764
vt 0.865175 0.889814
vt 0.829280 0.350705
vt 0.762899 0.570900
vt 0.790561 0.409307
vt 0.597116 0.352597
vt 0.772808 0.413657
vt 0.639160 0.405167
vt 0.631150 0.396618
vt 0.617711 0.368202
vt 0.631669 0.356162
vt 0.624457 0.362407
vt 0.219887 0.239939
vt 0.219621 0.237568
vt 0.903736 0.433426
vt 0.890987 0.434435
vt 0.209606 0.226336
vt 0.212194 0.227649
vt 0.207168 0.221578
vt 0.466963 0.935915
vt 0.697939 0.369314
vt 0.185013 0.204273
vt 0.819753 0.294562
vt 0.713116 0.451978
vt 0.705856 0.453133
vt 0.705824 0.451703
vt 0.832292 0.517536
vt 0.846127 0.503640
vt 0.680009 0.397046
vt 0.675904 0.399743
vt 0.698696 0.405391
vt 0.630345 0.357256
vt 0.151044 0.629698
vt 0.155265 0.635734
vt 0.153862 0.636401
vt 0.541977 0.282928
vt 0.539721 0.282168
vt 0.542462 0.279115
vt 0.014177 0.800068
vt 0.717535 0.567866
vt 0.017424 0.819559
vt 0.008956 0.815070
vt 0.018493 0.818240
vt 0.521591 0.483974
vt 0.518448 0.467868
vt 0.181028 0.273537
vt 0.178796 0.272702
vt 0.531468 0.482828
vt 0.127914 0.379388
vt 0.125995 0.377585
vt 0.126382 0.357847
vt 0.124989 0.356439
vt 0.127290 0.342910
vt 0.300293 0.725711
vt 0.216391 0.398620
vt 0.949426 0.874185
vt 0.954690 0.842338
vt 0.153069 0.400288
vt 0.158665 0.397201
vt 0.313170 0.779078
vt 0.167389 0.388029
vt 0.172460 0.381305
vt 0.234411 0.860872
vt 0.228209 0.732896
vt 0.239938 0.738493
vt 0.817986 0.812344
vt 0.847500 0.794445
vt 0.315592 0.858048
vt 0.600660 0.294479
vt 0.596250 0.295316
vt 0.596816 0.313987
vt 0.601825 0.298755
vt 0.645289 0.552206
vt 0.741624 0.567548
vt 0.603629 0.293051
vt 0.194112 0.208289
vt 0.927700 0.756605
vt 0.953699 0.753069
vt 0.906929 0.781449
vt 0.171456 0.362927
vt 0.170373 0.364763
vt 0.683195 0.368978
vt 0.672107 0.359255
vt 0.687514 0.376885
vt 0.239344 0.780707
vt 0.246688 0.782934
vt 0.700555 0.374285
vt 0.466230 0.933882
vt 0.466268 0.934269
vt 0.468822 0.940178
vt 0.466465 0.935856
vt 0.881339 0.802425
vt 0.189668 0.368008
vt 0.387394 0.339224
vt 0.383049 0.346867
vt 0.741662 0.376668
vt 0.728516 0.416034
vt 0.865315 0.882300
vt 0.620944 0.375340
vt 0.658337 0.406443
vt 0.902349 0.392052
vt 0.967094 0.737647
vt 0.222658 0.255225
vt 0.470734 0.939522
vt 0.779550 0.221859
vt 0.783998 0.203501
vt 0.129200 0.304422
vt 0.131841 0.305628
vt 0.135021 0.308689
vt 0.662210 0.496545
vt 0.666185 0.497840
vt 0.133756 0.295116
vt 0.854480 0.693270
vt 0.853980 0.693700
vt 0.633372 0.411574
vt 0.305251 0.449417
vt 0.241387 0.793142
vt 0.215854 0.792784
vt 0.207330 0.788764
vt 0.672574 0.444761
vt 0.673681 0.442126
vt 0.638608 0.412217
vt 0.841321 0.499774
vt 0.531550 0.358720
vt 0.109833 0.124240
vt 0.092343 0.134632
vt 0.785338 0.704306
vt 0.776317 0.705405
vt 0.170386 0.696432
vt 0.172472 0.707661
vt 0.151818 0.740907
vt 0.679561 0.400887
vt 0.653831 0.408868
vt 0.781828 0.354897
vt 0.854250 0.692910
vt 0.786629 0.197447
vt 0.123224 0.841546
vt 0.123903 0.839164
vt 0.118936 0.843959
vt 0.122705 0.846117
vt 0.800547 0.228680
vt 0.442426 0.432749
vt 0.440513 0.434094
vt 0.445341 0.436748
vt 0.684464 0.448204
vt 0.116038 0.149665
vt 0.893485 0.388574
vt 0.381956 0.314095
vt 0.386415 0.315378
vt 0.385218 0.339224
vt 0.934601 0.539503
vt 0.683202 0.778274
vt 0.122997 0.740447
vt 0.373391 0.357037
vt 0.853082 0.374216
vt 0.769501 0.710135
vt 0.190044 0.692260
vt 0.652715 0.797938
vt 0.925241 0.596121
vt 0.344036 0.417624
vt 0.530719 0.353252
vt 0.243161 0.813954
vt 0.276571 0.446542
vt 0.283614 0.788144
vt 0.233458 0.371841
vt 0.313869 0.671205
vt 0.303942 0.669475
vt 0.837636 0.829762
vt 0.844958 0.827334
vt 0.234473 0.795569
vt 0.313306 0.463205
vt 0.195531 0.429957
vt 0.219305 0.432658
vt 0.202434 0.721717
vt 0.188360 0.714980
vt 0.867546 0.873183
vt 0.248548 0.809247
vt 0.870250 0.289782
vt 0.514753 0.978195
vt 0.517158 0.979460
vt 0.524585 0.714492
vt 0.850441 0.358744
vt 0.157633 0.756162
vt 0.171509 0.761780
vt 0.143151 0.745219
vt 0.389364 0.313065
vt 0.126466 0.738202
vt 0.811927 0.596595
vt 0.258290 0.688002
vt 0.300966 0.314785
vt 0.310018 0.426363
vt 0.314120 0.435524
vt 0.827704 0.307472
vt 0.556847 0.973541
vt 0.221031 0.422234
vt 0.222855 0.419423
vt 0.234265 0.420129
vt 0.238119 0.444408
vt 0.991626 0.392512
vt 0.979008 0.367243
vt 0.452600 0.259470
vt 0.816296 0.403041
vt 0.554471 0.493968
vt 0.853730 0.694910
vt 0.781746 0.286132
vt 0.740718 0.533545
vt 0.501493 0.378758
vt 0.515772 0.380694
vt 0.220781 0.362341
vt 0.222949 0.372183
vt 0.315913 0.764656
vt 0.677635 0.796954
vt 0.737265 0.732732
vt 0.477234 0.947776
vt 0.477609 0.951193
vt 0.314623 0.830699
vt 0.195169 0.668614
vt 0.918185 0.887993
vt 0.901114 0.845887
vt 0.763867 0.586330
vt 0.862810 0.264747
vt 0.739084 0.413177
vt 0.311438 0.062088
vt 0.313285 0.054020
vt 0.917207 0.422112
vt 0.884231 0.691526
vt 0.904035 0.690615
vt 0.895824 0.737611
vt 0.934546 0.424604
vt 0.596362 0.249774
vt 0.206602 0.375640
vt 0.198434 0.381079
vt 0.146991 0.157771
vt 0.225022 0.242185
vt 0.774851 0.807200
vt 0.796439 0.792429
vt 0.762054 0.738318
vt 0.869311 0.486589
vt 0.530902 0.487792
vt 0.656394 0.798964
vt 0.314775 0.426613
vt 0.746519 0.675392
vt 0.621825 0.366401
vt 0.902238 0.593085
vt 0.229769 0.781626
vt 0.543682 0.971312
vt 0.203027 0.774519
vt 0.547307 0.964194
vt 0.218875 0.823772
vt 0.176630 0.483199
vt 0.195726 0.402773
vt 0.770830 0.556104
vt 0.762984 0.592044
vt 0.826812 0.413655
vt 0.234823 0.790883
vt 0.291900 0.704517
vt 0.226668 0.408926
vt 0.221107 0.260571
vt 0.139900 0.733540
vt 0.899720 0.880010
vt 0.864977 0.370061
vt 0.440560 0.088516
vt 0.919662 0.553629
vt 0.901595 0.532612
vt 0.436352 0.487079
vt 0.907907 0.388684
vt 0.196644 0.422285
vt 0.697270 0.776542
vt 0.718069 0.814688
vt 0.870363 0.371342
vt 0.586610 0.945272
vt 0.828513 0.308968
vt 0.332052 0.482317
vt 0.596634 0.362120
vt 0.876948 0.724998
vt 0.510058 0.681528
vt 0.312833 0.149948
vt 0.957253 0.719919
vt 0.892478 0.778258
vt 0.890288 0.760485
vt 0.886588 0.073705
vt 0.783258 0.532504
vt 0.894380 0.056877
vt 0.788645 0.395042
vt 0.049746 0.862900
vt 0.271867 0.491232
vt 0.790951 0.743343
vt 0.506910 0.200400
vt 0.242252 0.715862
vt 0.567482 0.924374
vt 0.257493 0.508879
vt 0.284485 0.484038
vt 0.862769 0.216335
vt 0.871497 0.033121
vt 0.891760 0.038586
vt 0.680588 0.778556
vt 0.788526 0.539507
vt 0.861650 0.553936
vt 0.884766 0.900313
vt 0.823018 0.338878
vt 0.747257 0.849663
vt 0.892049 0.640525
vt 0.894587 0.782820
vt 0.935460 0.767767
vt 0.088461 0.125029
vt 0.695554 0.366720
vt 0.721146 0.374469
vt 0.626530 0.491587
vt 0.100158 0.166154
vt 0.837703 0.586547
vt 0.781440 0.358199
vt 0.847500 0.353439
vt 0.030387 0.787806
vt 0.567825 0.211852
vt 0.550893 0.268809
vt 0.989950 0.384151
vt 0.994117 0.388497
s 1
usemtl 材质.005
f 2516/2699/3631 2519/2700/3632 2517/2701/3633
f 2513/2702/3634 2516/2703/3631 2517/2704/3633
f 2515/2733/3660 2517/2704/3633 2519/2734/3632
f 2512/2810/3736 2518/2811/3737 2516/2703/3631
f 2521/2812/3738 2515/2813/3739 2523/2814/3740
f 2520/3632/4542 2513/3633/4543 2521/2812/3738
f 2521/3648/3738 2522/3649/4560 2520/3650/4542
f 2518/2811/3737 2515/2733/3660 2519/2734/3632
f 2522/3810/4560 2512/3811/4718 2520/3632/4542
f 2522/3810/4560 2515/2813/3739 2514/3832/4737
f 2516/2699/3631 2518/3898/3737 2519/2700/3632
f 2513/2702/3634 2512/2810/3736 2516/2703/3631
f 2515/2733/3660 2513/2702/3634 2517/2704/3633
f 2512/2810/3736 2514/3901/4810 2518/2811/3737
f 2521/2812/3738 2513/3633/4543 2515/2813/3739
f 2520/3632/4542 2512/3811/4718 2513/3633/4543
f 2521/3648/3738 2523/3985/3740 2522/3649/4560
f 2518/2811/3737 2514/3901/4810 2515/2733/3660
f 2522/3810/4560 2514/3832/4737 2512/3811/4718
f 2522/3810/4560 2523/2814/3740 2515/2813/3739
usemtl 材质.001
f 2561/2705/3635 2582/2706/3636 2566/2707/3637
f 2535/2708/3638 2532/2709/3639 2533/2710/3640
f 2534/2711/3641 2533/2710/3640 2536/2712/3642
f 2536/2713/3642 2533/2714/3640 2532/2715/3639
f 2990/2716/3643 3002/2717/3644 2525/2718/3645
f 2541/2719/3646 2536/2713/3642 2539/2720/3647
f 2913/2721/3648 2969/2722/3649 2894/2723/3650
f 2537/2724/3651 2538/2725/3652 2540/2726/3653
f 3437/2727/3654 3632/2728/3655 3438/2729/3656
f 3430/2730/3657 3434/2731/3658 3435/2732/3659
f 3323/2735/3661 3319/2736/3662 3322/2737/3663
f 3005/2738/3664 3007/2739/3665 2977/2740/3666
f 2873/2741/3667 2676/2742/3668 2685/2743/3669
f 2834/2744/3670 2935/2745/3671 2835/2746/3672
f 3055/2747/3673 3072/2748/3674 3018/2749/3675
f 3627/2750/3676 3629/2751/3677 3628/2752/3678
f 2543/2753/3679 2547/2754/3680 2545/2755/3681
f 2741/2756/3682 2745/2757/3683 2742/2758/3684
f 3299/2759/3685 3215/2760/3686 3301/2761/3687
f 2585/2762/3688 2573/2763/3689 2576/2764/3690
f 3364/2765/3691 3508/2766/3692 3509/2767/3693
f 2815/2768/3694 2821/2769/3695 2820/2770/3696
f 3308/2771/3697 3309/2772/3698 3310/2773/3699
f 2552/2774/3700 2560/2775/3701 2577/2776/3702
f 3002/2717/3644 3003/2777/3703 3009/2778/3704
f 3638/2779/3705 3639/2780/3706 3077/2781/3707
f 2915/2782/3708 2834/2744/3670 2842/2783/3709
f 3317/2784/3710 3333/2785/3711 3348/2786/3712
f 3497/2787/3713 3307/2788/3714 3308/2771/3697
f 3374/2789/3715 3381/2790/3716 3376/2791/3717
f 2641/2792/3718 2628/2793/3719 2620/2794/3720
f 2955/2795/3721 2954/2796/3722 2917/2797/3723
f 2631/2798/3724 2645/2799/3725 2639/2800/3726
f 3362/2801/3727 3361/2802/3728 3355/2803/3729
f 3581/2804/3730 3582/2805/3731 3599/2806/3732
f 3463/2807/3733 3179/2808/3734 3177/2809/3735
f 2752/2815/3741 2761/2816/3742 2751/2817/3743
f 3394/2818/3744 3389/2819/3745 3224/2820/3746
f 2558/2821/3747 2556/2822/3748 2559/2823/3749
f 2557/2824/3750 2564/2825/3751 2560/2826/3701
f 2565/2827/3752 2563/2828/3753 2566/2707/3637
f 2707/2829/3754 2783/2830/3755 2730/2831/3756
f 2567/2832/3757 2564/2825/3751 2568/2833/3758
f 2570/2834/3759 2565/2827/3752 2566/2707/3637
f 2560/2826/3701 2564/2825/3751 2571/2835/3760
f 2571/2835/3760 2564/2825/3751 2572/2836/3761
f 2572/2836/3761 2564/2825/3751 2567/2832/3757
f 2576/2764/3690 2565/2827/3752 2574/2837/3762
f 2574/2837/3762 2565/2827/3752 2570/2834/3759
f 2565/2827/3752 2576/2764/3690 2573/2763/3689
f 2679/2838/3763 2586/2839/3764 2864/2840/3765
f 2568/2833/3758 2569/2841/3766 2575/2842/3767
f 2575/2842/3767 2569/2841/3766 2579/2843/3768
f 2570/2834/3759 2566/2707/3637 2582/2706/3636
f 2997/2844/3769 2981/2845/3770 2994/2846/3771
f 2536/2713/3642 2634/2847/3772 2666/2848/3773
f 3150/2849/3774 3153/2850/3775 3152/2851/3776
f 3552/2852/3777 3093/2853/3778 3567/2854/3779
f 3572/2855/3780 3571/2856/3781 3578/2857/3782
f 3403/2858/3783 3399/2859/3784 3400/2860/3785
f 3542/2861/3786 3541/2862/3787 3538/2863/3788
f 2579/2843/3768 2674/2864/3789 2575/2842/3767
f 3095/2865/3790 3570/2866/3791 3094/2867/3792
f 2604/2868/3793 2595/2869/3794 2614/2870/3795
f 3609/2871/3796 3606/2872/3797 3592/2873/3798
f 2601/2874/3799 2594/2875/3800 2603/2876/3801
f 3596/2877/3802 3614/2878/3803 3617/2879/3804
f 3251/2880/3805 3246/2881/3806 3252/2882/3807
f 2602/2883/3808 2598/2884/3809 2600/2885/3810
f 3224/2820/3746 3225/2886/3811 3394/2818/3744
f 3012/2887/3812 2903/2888/3813 2929/2889/3814
f 2598/2884/3809 2602/2883/3808 2605/2890/3815
f 2602/2883/3808 2600/2885/3810 2605/2890/3815
f 3484/2891/3816 3222/2892/3817 3221/2893/3818
f 2797/2894/3819 2788/2895/3820 2780/2896/3821
f 2807/2897/3822 2793/2898/3823 2808/2899/3824
f 3085/2900/3825 3130/2901/3826 3084/2902/3827
f 2592/2903/3828 2607/2904/3829 2613/2905/3830
f 3228/2906/3831 3218/2907/3832 3217/2908/3833
f 2650/2909/3834 2685/2743/3669 2676/2742/3668
f 2607/2904/3829 2592/2903/3828 2612/2910/3835
f 2612/2910/3835 2592/2903/3828 2613/2905/3830
f 2968/2911/3836 2975/2912/3837 2527/2913/3838
f 3271/2914/3839 3290/2915/3840 3270/2916/3841
f 3168/2917/3842 3171/2918/3843 3170/2919/3844
f 2589/2920/3845 2591/2921/3846 2582/2706/3636
f 3422/2922/3847 3419/2923/3848 3421/2924/3849
f 3424/2925/3850 3421/2924/3849 3419/2923/3848
f 2615/2926/3851 2627/2927/3852 2622/2928/3853
f 2628/2793/3854 2617/2929/3855 2618/2930/3856
f 2619/2931/3857 2620/2794/3720 2618/2930/3856
f 3023/2932/3858 3024/2933/3859 3039/2934/3860
f 2614/2935/3795 2622/2928/3853 2634/2847/3772
f 2631/2798/3724 2627/2927/3852 2632/2936/3861
f 2628/2793/3854 2618/2930/3856 2620/2794/3720
f 2621/2937/3862 2609/2938/3863 2635/2939/3864
f 3232/2940/3865 3243/2941/3866 3253/2942/3867
f 2595/2869/3794 2644/2943/3868 2630/2944/3869
f 2635/2939/3864 2629/2945/3870 2636/2946/3871
f 2636/2946/3871 2629/2945/3870 2637/2947/3872
f 2640/2948/3873 2632/2936/3861 2627/2927/3852
f 3193/2949/3874 3305/2950/3875 3304/2951/3876
f 2637/2947/3872 2621/2937/3862 2635/2939/3864
f 2635/2939/3864 2636/2946/3871 2637/2947/3872
f 2604/2868/3793 2638/2952/3877 2649/2953/3878
f 2663/2954/3879 2654/2955/3880 2655/2956/3881
f 3341/2957/3882 3147/2958/3883 3344/2959/3884
f 2647/2960/3885 2641/2792/3718 2667/2961/3886
f 2654/2955/3880 2648/2962/3887 2655/2956/3881
f 2634/2847/3772 2639/2800/3726 2657/2963/3888
f 2658/2964/3889 2647/2960/3885 2667/2961/3886
f 2660/2965/3890 2648/2962/3887 2654/2955/3880
f 2649/2966/3878 2638/2967/3877 2670/2968/3891
f 3477/2969/3892 3472/2970/3893 3473/2971/3894
f 2672/2972/3895 2658/2964/3889 2667/2961/3886
f 2551/2973/3896 2535/2708/3638 2533/2710/3640
f 3624/2974/3897 3560/2975/3898 3564/2976/3899
f 3156/2977/3900 3159/2978/3901 3160/2979/3902
f 2820/2770/3696 2760/2980/3903 2779/2981/3904
f 2965/2982/3905 2889/2983/3906 2939/2984/3907
f 2658/2985/3889 2677/2986/3908 2686/2987/3909
f 3345/2988/3910 3344/2959/3884 3145/2989/3911
f 2760/2980/3903 2771/2990/3912 2754/2991/3913
f 2606/2992/3914 2603/2876/3801 2595/2869/3794
f 2864/2840/3765 2665/2993/3915 2684/2994/3916
f 3483/2995/3917 3235/2996/3918 3486/2997/3919
f 2580/2998/3920 2679/2838/3763 2862/2999/3921
f 2624/3000/3922 2674/2864/3922 2590/3001/3922
f 2930/3002/3923 2932/3003/3924 2909/3004/3925
f 3081/3005/3926 3059/3006/3927 3129/3007/3928
f 2698/3008/3929 2693/3009/3930 2696/3010/3931
f 2694/3011/3932 2692/3012/3933 2702/3013/3934
f 2702/3013/3934 2692/3012/3933 2699/3014/3935
f 2698/3008/3936 2696/3010/3937 2701/3015/3938
f 2700/3016/3939 2694/3011/3932 2702/3013/3934
f 2705/3017/3940 2698/3008/3929 2701/3015/3941
f 2699/3014/3935 2695/3018/3942 2703/3019/3943
f 2703/3019/3943 2702/3013/3934 2699/3014/3935
f 2703/3019/3943 2695/3018/3942 2706/3020/3944
f 2951/3021/3945 2942/3022/3946 2879/3023/3947
f 2697/3024/3948 2706/3020/3944 2695/3018/3942
f 2707/2829/3754 2704/3025/3949 2709/3026/3950
f 2861/3027/3951 2669/3028/3952 2655/2956/3881
f 2799/3029/3953 2806/3030/3954 2763/3031/3955
f 2875/3032/3956 2897/3033/3957 2904/3034/3958
f 2720/3035/3959 2718/3036/3960 2731/3037/3961
f 3473/2971/3894 3474/3038/3962 3477/2969/3892
f 2723/3039/3963 2710/3040/3964 2717/3041/3965
f 2708/3042/3966 2715/3043/3967 2721/3044/3968
f 2729/3045/3969 2703/3019/3943 2706/3020/3944
f 2707/2829/3754 2709/3026/3950 2735/3046/3970
f 2723/3039/3963 2717/3041/3965 2724/3047/3971
f 2652/3048/3972 2685/2743/3669 2662/3049/3973
f 2714/3050/3974 2731/3037/3961 2718/3036/3960
f 2721/3044/3968 2715/3043/3967 2726/3051/3975
f 3004/3052/3976 2927/3053/3977 2894/2723/3650
f 2731/3037/3961 2714/3050/3974 2738/3054/3978
f 2709/3026/3950 2736/3055/3979 2739/3056/3980
f 2736/3055/3979 2709/3026/3950 2722/3057/3981
f 2724/3047/3971 2725/3058/3982 2740/3059/3983
f 2709/3026/3984 2739/3056/3985 2735/3046/3986
f 2723/3039/3963 2724/3047/3971 2740/3059/3983
f 3311/3060/3987 3495/3061/3988 3494/3062/3989
f 2744/3063/3990 2734/3064/3991 2729/3065/3969
f 3636/3066/3992 3633/3067/3993 3082/3068/3994
f 2742/2758/3684 2745/2757/3683 2748/3069/3995
f 2738/3070/3978 2748/3069/3995 2745/2757/3683
f 2749/3071/3996 2742/2758/3684 2748/3069/3995
f 3464/3072/3997 3461/3073/3998 3183/3074/3999
f 3607/3075/4000 3610/3076/4001 3612/3077/4002
f 3320/3078/4003 3321/3079/4004 3506/3080/4005
f 2649/2953/3878 2675/3081/4006 2655/2956/3881
f 3311/3060/3987 3312/3082/4007 3210/3083/4008
f 3118/3084/4009 3067/3085/4010 3119/3086/4011
f 2810/3087/4012 2834/2744/3670 2835/2746/3672
f 2743/3088/4013 2746/3089/4014 2755/3090/4015
f 2963/3091/4016 2964/3092/4017 2967/3093/4018
f 3152/2851/3776 3154/3094/4019 3150/2849/3774
f 2656/3095/4020 2584/3096/4021 2680/3097/4022
f 2753/3098/4023 2744/3063/3990 2759/3099/4024
f 3415/3100/4025 3346/3101/4026 3414/3102/4027
f 2761/3103/3742 2719/3104/4028 2764/3105/4029
f 2908/3106/4030 2928/3107/4031 2988/3108/4032
f 3234/3109/4033 3272/3110/4034 3237/3111/4035
f 3007/2739/3665 2524/3112/4036 3013/3113/4037
f 2756/3114/4038 2757/3115/4039 2752/2815/3741
f 2762/3116/4040 2750/3117/4041 2769/3118/4042
f 2761/3103/3742 2764/3105/4029 2751/3119/3743
f 2768/3120/4043 2690/3121/4044 2754/2991/3913
f 2771/2990/3912 2758/3122/4045 2770/3123/4046
f 3101/3124/4047 3097/3125/4048 3099/3126/4049
f 2751/3119/3743 2764/3105/4029 2769/3118/4042
f 2756/3127/4038 2690/3121/4044 2768/3120/4043
f 2750/3117/4041 2751/3119/3743 2769/3118/4042
f 3183/3074/3999 3479/3128/4050 3182/3129/4051
f 3634/3130/4052 3138/3131/4053 3635/3132/4054
f 2753/3098/4023 2759/3099/4024 2774/3133/4055
f 2803/3134/4056 2804/3135/4057 2820/2770/3696
f 3221/2893/3818 3481/3136/4058 3484/2891/3816
f 2913/3137/3648 2846/3138/4059 2845/3139/4060
f 3006/3140/4061 2998/3141/4062 3004/3052/3976
f 3377/3142/4063 3376/2791/3717 3381/2790/3716
f 2626/3143/4064 2918/3144/4065 2929/2889/3814
f 3441/3145/4066 3440/3146/4067 3430/2730/3657
f 3384/3147/4068 3382/3148/4069 3238/3149/4070
f 3512/3150/4071 3364/2765/3691 3510/3151/4072
f 2536/2713/3642 2537/2724/3651 2604/3152/3793
f 2792/3153/4073 2763/3031/3955 2806/3030/3954
f 2790/3154/4074 2782/3155/4075 2796/3156/4076
f 3248/3157/4077 3251/2880/3805 3252/2882/3807
f 3536/3158/4078 3547/3159/4079 3543/3160/4080
f 2798/3161/4081 2784/3162/4082 2803/3134/4056
f 3572/2855/3780 3575/3163/4083 3573/3164/4084
f 2830/3165/4085 2823/3166/4086 2797/2894/3819
f 2573/2763/3689 2580/3167/3920 2562/3168/4087
f 3133/3169/4088 3135/3170/4089 3130/2901/3826
f 3401/3171/4090 3360/3172/4091 3475/3173/4092
f 3596/2877/3802 3103/3174/4093 3603/3175/4094
f 2812/3176/4095 2824/3177/4096 2822/3178/4097
f 2795/3179/4098 2791/3180/4099 2787/3181/4100
f 2816/3182/4101 2794/3183/4102 2807/2897/3822
f 2801/3184/4103 2802/3185/4104 2819/3186/4105
f 3500/3187/4106 3495/3061/3988 3497/2787/3713
f 3197/3188/4107 3441/3189/4066 3448/3190/4108
f 3134/3191/4109 3553/3192/4110 3561/3193/4111
f 2817/3194/4112 2794/3183/4102 2816/3182/4101
f 2578/3195/4113 2560/2826/3701 2571/2835/3760
f 3585/3196/4114 3599/2806/3732 3582/2805/3731
f 3295/3197/4115 3291/3198/4116 3294/3199/4117
f 2817/3194/4112 2816/3182/4101 2824/3177/4096
f 3339/3200/4118 3352/3201/4119 3529/3202/4120
f 2772/3203/4121 2786/3204/4122 2781/3205/4123
f 2820/2770/3696 2821/2769/3695 2823/3166/4086
f 2525/2718/3645 2996/3206/4124 2989/3207/4125
f 2732/3208/4126 2738/3054/3978 2721/3044/3968
f 3611/3209/4127 3622/3210/4128 3623/3211/4129
f 2831/3212/4130 2826/3213/4130 2689/3214/4130
f 2828/3215/4131 2830/3165/4085 2833/3216/4132
f 3459/3217/4133 3446/3218/4134 3443/3219/4135
f 2689/3214/4136 2826/3213/4137 2838/3220/4138
f 3279/3221/4139 3284/3222/4140 3278/3223/4141
f 3518/3224/4142 3365/3225/4143 3396/3226/4144
f 2837/3227/4145 2828/3215/4131 2833/3216/4132
f 2689/3214/4136 2838/3220/4138 2831/3212/4146
f 2837/3227/4145 2833/3216/4132 2830/3165/4085
f 3377/3142/4063 3381/2790/3716 3375/3228/4147
f 3471/3229/4148 3402/3230/4149 3403/2858/3783
f 2846/3138/4059 2840/3231/4150 2844/3232/4151
f 3623/3211/4129 3600/3233/4152 3599/2806/3732
f 2595/2869/3794 2594/3234/3800 2593/3235/4153
f 2943/3236/4154 2915/2782/3708 2994/2846/3771
f 2732/3208/4126 2716/3237/4155 2712/3238/4156
f 3389/2819/3745 3517/3239/4157 3390/3240/4158
f 2927/3241/3977 2846/3138/4059 2894/3242/3650
f 3642/3243/4159 3643/3244/4160 3036/3245/4161
f 3209/3246/4162 3210/3083/4008 3185/3247/4163
f 2848/3248/4164 2851/3249/4165 2855/3250/4166
f 3437/2727/3654 3174/3251/4167 3436/3252/4168
f 3606/2872/3797 3127/3253/4169 3625/3254/4170
f 3515/3255/4171 3435/2732/3659 3259/3256/4172
f 2976/3257/4173 2957/3258/4174 2946/3259/4175
f 3100/3260/4176 3568/3261/4177 3580/3262/4178
f 2866/3263/4179 2678/3264/4180 2682/3265/4181
f 3205/3266/4182 3500/3187/4106 3308/2771/3697
f 3107/3267/4183 3560/2975/3898 3106/3268/4184
f 3417/3269/4185 3162/3270/4186 3418/3271/4187
f 2685/3272/3669 2651/3273/4188 2873/3274/3667
f 2859/3275/4189 2869/3276/4190 2880/3277/4191
f 3027/3278/4192 3030/3279/4193 3031/3280/4194
f 2650/2909/3834 2623/3281/4195 2662/3049/3973
f 2541/3282/3646 2549/3283/4196 2551/2973/3896
f 2874/3284/4197 2861/3027/3951 2862/2999/3921
f 2679/2838/3763 2864/2840/3765 2871/3285/4198
f 2864/2840/3765 2684/2994/3916 2871/3285/4198
f 2678/3264/4180 2866/3263/4179 2865/3286/4199
f 2656/3287/4020 2680/3288/4022 2885/3289/4200
f 2874/3284/4197 2862/2999/3921 2886/3290/4201
f 2631/2798/3724 2634/2847/3772 2627/2927/3852
f 2866/3263/4202 2877/3291/4203 2865/3286/4204
f 2941/3292/4205 2901/3293/4206 2886/3290/4201
f 3009/2778/3704 2985/3294/4207 2524/3295/4036
f 2872/3296/4208 2873/2741/3667 2900/3297/4209
f 2873/3274/3667 2651/3273/4188 2898/3298/4210
f 2900/3299/4209 2873/3274/3667 2898/3298/4210
f 2836/3300/4211 2840/3231/4150 2787/3181/4100
f 3122/3301/4212 3119/3086/4011 3123/3302/4213
f 3002/3303/3644 2995/3304/4214 2970/3305/4215
f 2901/3293/4206 2874/3284/4197 2886/3290/4201
f 3416/3306/4216 3351/3307/4217 3415/3100/4025
f 2885/3289/4200 2963/3091/4016 2980/3308/4218
f 2928/3107/4031 2882/3309/4219 2903/2888/3813
f 3580/3262/4178 3571/2856/3781 3093/2853/3778
f 2872/3296/4208 2900/3297/4209 2921/3310/4220
f 2898/3298/4221 2921/3311/4221 2900/3299/4221
f 3244/3312/4222 3465/3313/4223 3489/3314/4224
f 3240/3315/4225 3259/3256/4172 3242/3316/4226
f 2767/3317/4227 2791/3180/4099 2795/3179/4098
f 2887/3318/4228 2920/3319/4229 2919/3320/4230
f 2530/3321/4231 2891/3322/4232 2910/3323/4233
f 2640/2948/3873 2646/3324/4234 2643/3325/4235
f 2904/3326/3958 2919/3327/4230 2937/3328/4236
f 3546/3329/4237 3550/3330/4238 3551/3331/4239
f 2896/3332/4240 2923/3333/4241 2936/3334/4242
f 3572/2855/3780 3574/3335/4243 3579/3336/4244
f 2931/3337/4245 2919/3320/4230 2920/3319/4229
f 3233/3338/4246 3273/3339/4247 3234/3109/4033
f 2926/3340/4248 2916/3341/4249 2933/3342/4250
f 2804/3135/4057 2778/3343/4251 2820/2770/3696
f 2931/3337/4245 2920/3319/4229 2932/3344/3924
f 2530/3321/4231 2910/3323/4233 2942/3022/3946
f 2944/3345/4252 2934/3346/4253 2529/3347/4254
f 3206/3348/4255 3211/3349/4256 3309/2772/3698
f 2945/3350/4257 2924/3351/4258 2941/3292/4205
f 2530/3321/4231 2942/3022/3946 2891/3322/4232
f 2946/3259/4259 2925/3352/4260 2938/3353/4259
f 3592/2873/3798 3522/3354/4261 3523/3355/4262
f 2860/3356/4263 2948/3357/4264 2933/3342/4250
f 3070/3358/4265 3041/3359/4266 3018/2749/3675
f 2935/3360/3671 2943/3361/4154 2952/3362/4267
f 2779/2981/3904 2811/3363/4268 2815/2768/3694
f 2944/3345/4252 2529/3347/4254 2953/3364/4269
f 2954/2796/3722 2940/3365/4270 2917/2797/3723
f 3008/3366/4271 3004/3052/3976 3001/3367/4272
f 3492/3368/4273 3313/3369/4274 3300/3370/4275
f 2945/3350/4257 2941/3292/4205 2956/3371/4276
f 2959/3372/4277 2922/3373/4278 2905/3374/4279
f 2558/2821/3747 2626/3143/4064 2553/3375/4280
f 2934/3346/4253 2944/3345/4252 2953/3364/4269
f 2949/3376/4281 2945/3350/4257 2956/3371/4276
f 2947/3377/4282 2972/3378/4283 3000/3379/4284
f 3118/3084/4009 3630/3380/4285 3599/2806/3732
f 2740/3059/3983 2741/2756/3682 2723/3039/3963
f 3640/3381/4286 3524/3382/4287 3625/3254/4170
f 2962/3383/4288 2961/3384/4289 2950/3385/4290
f 2961/3384/4289 2962/3383/4288 2966/3386/4291
f 2962/3383/4288 2950/3385/4290 2964/3092/4017
f 2964/3092/4017 2961/3384/4289 2966/3386/4291
f 2966/3386/4292 2962/3383/4292 2964/3092/4292
f 2686/3387/3909 2687/3388/4293 2946/3259/4175
f 2785/3389/4294 2786/3204/4122 2789/3390/4295
f 3440/3146/4067 3439/3391/4296 3432/3392/4297
f 2960/3393/4298 2527/2913/3838 2975/2912/3837
f 2968/2911/4299 2528/3394/4300 2979/3395/4301
f 2977/2740/3666 2976/3257/4173 2526/3396/4302
f 2648/2962/3887 2664/3397/4303 2531/3398/4304
f 3632/2728/3655 3533/3399/4305 3438/2729/3656
f 2965/2982/3905 2971/3400/4306 2982/3401/4307
f 3569/3402/4308 3097/3403/4048 3101/3404/4047
f 2719/3405/4028 2720/3035/3959 2764/3105/4029
f 2971/3400/4306 2947/3377/4282 2985/3294/4207
f 2985/3294/4207 2990/2716/3643 2982/3401/4309
f 2993/3406/4310 2524/3295/4036 3000/3379/4284
f 2987/3407/4311 2989/3207/4125 2996/3206/4124
f 2737/3408/4312 2713/3409/4313 2720/3410/3959
f 2992/3411/4314 2997/2844/3769 2999/3412/4315
f 3000/3379/4284 2988/3108/4032 2993/3406/4310
f 3276/3413/4316 3282/3414/4317 3286/3415/4318
f 3243/3416/3866 3247/3417/4319 3245/3418/4320
f 2878/3419/4321 2681/3420/4322 2645/2799/3725
f 3002/2717/3644 2996/3206/4124 2525/2718/3645
f 3617/2879/3804 3616/3421/4323 3619/3422/4324
f 3559/3423/4325 3551/3331/4239 3550/3330/4238
f 3268/3424/4326 3277/3425/4327 3278/3223/4141
f 3499/3426/4328 3496/3427/4329 3495/3061/3988
f 3008/3366/4271 3007/2739/3665 3006/3140/4061
f 3008/3428/4271 3009/2778/3704 3011/3429/4330
f 2936/3334/4242 2960/3393/4298 2529/3347/4254
f 2841/3430/4331 2857/3431/4332 2899/3432/4333
f 2698/3008/3929 2704/3025/3949 2695/3018/3942
f 3295/3197/4115 3293/3433/4334 3287/3434/4335
f 3014/3435/4336 3034/3436/4337 3015/3437/4338
f 3456/3438/4339 3454/3439/4340 3457/3440/4341
f 3021/3441/4342 3023/2932/3858 3020/3442/4343
f 3021/3441/4344 3022/3443/4344 3023/2932/4344
f 3023/2932/3858 3022/3443/4345 3024/2933/3859
f 3030/3279/4193 3029/3444/4346 3032/3445/4347
f 3537/3446/4348 3161/3447/4349 3458/3448/4350
f 2757/3115/4039 2714/3050/3974 2718/3036/3960
f 3029/3444/4346 3027/3278/4192 3028/3449/4351
f 2711/3450/4352 2717/3041/3965 2710/3040/3964
f 2626/3143/4064 2882/3309/4219 2589/2920/4353
f 3026/3451/4354 3038/3452/4355 3037/3453/4356
f 2548/3454/4357 2553/3375/4280 2561/3455/3635
f 3024/2933/3859 3022/3443/4345 3042/3456/4358
f 3041/3359/4266 3024/2933/3859 3042/3456/4358
f 3365/3225/4143 3519/3457/4359 3397/3458/4360
f 3047/3459/4361 3046/3460/4362 3045/3461/4363
f 3045/3461/4363 3038/3452/4355 3026/3451/4354
f 3025/3462/4364 3046/3463/4362 3047/3464/4361
f 3043/3465/4365 3044/3466/4366 3038/3467/4355
f 3042/3456/4358 3022/3443/4345 3021/3441/4342
f 2945/3350/4257 2955/2795/3721 2906/3468/4367
f 3048/3469/4368 3049/3470/4369 3050/3471/4370
f 3049/3470/4369 3051/3472/4371 3050/3471/4370
f 3052/3473/4372 3054/3474/4373 3053/3475/4374
f 3559/3423/4325 3105/3476/4375 3560/2975/3898
f 3246/2881/3806 3247/3417/4319 3252/2882/3807
f 3059/3006/3927 3641/3477/4376 3642/3243/4159
f 2800/3478/4377 2809/3479/4378 2810/3087/4012
f 3070/3358/4265 3071/3480/4379 3072/2748/3674
f 2716/3237/4155 2708/3042/3966 2712/3238/4156
f 3078/3481/4380 3077/2781/3707 3076/3482/4381
f 3638/2779/3705 3077/2781/3707 3078/3481/4380
f 3080/3483/4382 3128/3484/4383 3079/3485/4384
f 3081/3005/3926 3080/3483/4382 3079/3485/4384
f 3081/3005/3926 3079/3485/4384 3082/3068/3994
f 2794/3183/4102 2796/3156/4076 2807/2897/3822
f 3060/3486/4385 3062/3487/4386 3061/3488/4387
f 2747/3489/4388 2770/3123/4046 2758/3122/4045
f 2708/3042/3966 2714/3050/3974 2702/3013/3934
f 3085/2900/3825 3090/3490/4389 3088/3491/4390
f 3096/3492/4391 3097/3125/4048 3570/2866/3791
f 2645/2799/3725 2657/2963/3888 2639/2800/3726
f 3300/3370/4275 3299/2759/3685 3301/2761/3687
f 3101/3124/4047 3099/3126/4049 3100/3493/4176
f 3528/3494/4392 3054/3474/4373 3051/3472/4371
f 3099/3126/4049 3096/3492/4391 3102/3495/4393
f 2823/3166/4086 2811/3363/4268 2788/2895/3820
f 3109/3496/4394 3112/3497/4395 3108/3498/4396
f 3114/3499/4397 3109/3496/4398 3110/3500/4399
f 3109/3496/4394 3108/3498/4396 3110/3500/4400
f 3113/3501/4401 3112/3497/4402 3109/3496/4403
f 3113/3501/4404 3109/3496/4405 3114/3499/4406
f 3511/3502/4407 3331/3503/4408 3510/3151/4072
f 3112/3497/4395 3113/3501/4404 3115/3504/4409
f 2801/3184/4103 2798/3161/4081 2802/3185/4104
f 3119/3086/4011 3067/3085/4010 3120/3505/4410
f 3094/2867/3792 3570/2866/3791 3065/3506/4411
f 3264/3507/4412 3386/3508/4413 3265/3509/4414
f 3121/3510/4415 3063/3511/4416 3067/3085/4010
f 3225/2886/3811 3223/3512/4417 3407/3513/4418
f 3126/3514/4419 3123/3302/4213 3125/3515/4420
f 3123/3302/4213 3124/3516/4421 3125/3515/4420
f 3069/3517/4422 3123/3302/4213 3126/3514/4419
f 3171/2918/3843 3348/2786/3712 3354/3518/4423
f 2673/3519/4424 2678/3264/4180 2531/3398/4304
f 3134/3191/4109 3133/3169/4088 3130/2901/3826
f 3135/3170/4089 3080/3483/4382 3129/3007/3928
f 2726/3051/3975 2732/3208/4126 2721/3044/3968
f 3401/3171/4090 3403/2858/3783 3400/2860/3785
f 3461/3073/3998 3464/3072/3997 3465/3313/4223
f 2711/3450/4352 2725/3058/3982 2691/3520/4425
f 3426/3521/4426 3427/3522/4427 3167/3523/4428
f 3167/3523/4428 3427/3522/4427 3144/3524/4429
f 3423/3525/4430 3418/3526/4187 3162/3527/4186
f 3158/3528/4431 3145/2989/4432 3146/3529/4433
f 3102/3495/4393 3603/3175/4094 3103/3174/4093
f 3282/3530/4317 3281/3531/4434 3283/3532/4435
f 2921/3310/4220 2909/3533/3925 2932/3344/3924
f 3151/3534/4436 3152/2851/3776 3153/2850/3775
f 3158/3528/4431 3155/3535/4437 3140/3536/4438
f 3146/3529/4433 3160/2979/3902 3159/2978/3901
f 3146/3529/4433 3159/2978/3901 3158/3528/4431
f 3472/2970/3893 3403/2858/3783 3411/3537/4439
f 2666/2848/3773 2590/3001/4440 2579/2843/3768
f 3634/3130/4052 3139/3538/4441 3528/3494/4392
f 3143/3539/4442 3164/3540/4443 3163/3541/4444
f 2850/3542/4445 2853/3543/4446 2851/3544/4165
f 3493/3545/4447 3368/3546/4448 3370/3547/4449
f 3429/3548/4450 3166/3549/4451 3143/3539/4442
f 3167/3523/4428 3144/3524/4429 3165/3550/4452
f 3429/3548/4450 3426/3521/4426 3167/3523/4428
f 3429/3548/4450 3167/3523/4428 3166/3549/4451
f 3166/3549/4451 3164/3540/4443 3143/3539/4442
f 3511/3502/4407 3508/2766/3692 3325/3551/4453
f 3147/2958/3883 3160/2979/3902 3146/3529/4433
f 3156/2977/4454 3157/3552/4455 3155/3535/4437
f 3155/3535/4437 3157/3552/4455 3140/3536/4438
f 3170/2919/3844 3173/3553/4456 3172/3554/4457
f 3169/3555/4458 3173/3553/4456 3170/2919/3844
f 3178/3556/4459 3177/2809/4460 3179/2808/4459
f 3466/3557/4461 3180/3558/4462 3189/3559/4463
f 3187/3560/4464 3181/3561/4465 3178/3556/4466
f 2922/3373/4278 2892/3562/4467 2888/3563/4468
f 2841/3430/4331 2899/3432/4333 2858/3564/4469
f 3184/3565/4470 3186/3566/4471 3185/3247/4163
f 3209/3246/4162 3186/3566/4471 3184/3565/4470
f 2621/2937/3862 2620/2794/3720 2609/2938/3863
f 3195/3567/4472 3189/3559/4463 3196/3568/4473
f 3196/3568/4473 3189/3559/4463 3180/3558/4462
f 3189/3559/4463 3190/3569/4474 3188/3570/4475
f 3190/3569/4474 3189/3559/4463 3194/3571/4476
f 3194/3571/4477 3189/3559/4477 3195/3567/4477
f 2868/3572/4478 2875/3032/3956 2666/2848/3773
f 3198/3573/4479 3199/3574/4480 3176/3575/4481
f 3448/3576/4108 3200/3577/4482 3198/3573/4479
f 3198/3573/4479 3200/3577/4482 3199/3574/4480
f 3208/3578/4483 3209/3246/4162 3184/3565/4470
f 2968/2911/4484 2960/3393/4298 2528/3394/4485
f 3165/3550/4452 3166/3549/4451 3167/3523/4428
f 3142/3579/4486 3432/3392/4297 3439/3391/4296
f 3213/3580/4487 3205/3266/4488 3211/3349/4489
f 3213/3580/4490 3211/3349/4256 3191/3581/4491
f 3204/3582/4492 3213/3580/4492 3212/3583/4492
f 3579/3336/4244 3557/3584/4493 3566/3585/4494
f 3118/3084/4009 3597/3586/4495 3631/3587/4496
f 3084/2902/3827 3061/3488/4387 3062/3487/4386
f 3218/2907/4497 3219/3588/4498 3217/2908/4499
f 3257/3589/4500 3251/2880/3805 3260/3590/4501
f 3558/3591/4502 3557/3584/4493 3565/3592/4503
f 3129/3007/3928 3084/2902/3827 3130/2901/3826
f 3227/3593/4504 3226/3594/4505 3224/2820/3746
f 2775/3595/4506 2779/2981/3904 2777/3596/4507
f 3017/3597/4508 3031/3280/4194 3016/3598/4509
f 2897/3033/3957 2868/3572/4510 2878/3419/4321
f 3234/3109/4033 3236/3599/4511 3235/2996/3918
f 3237/3111/4512 3487/3600/4513 3236/3599/4511
f 3324/3601/4514 3322/2737/3663 3318/3602/4515
f 3030/3279/4193 3033/3603/4516 3031/3280/4194
f 2801/3184/4103 2813/3604/4517 2765/3605/4518
f 3201/3606/4519 3194/3571/4520 3200/3577/4482
f 2880/3277/4191 2892/3562/4467 2911/3607/4521
f 2818/3608/4522 2839/3609/4523 2829/3610/4524
f 3245/3418/4320 3246/2881/3806 3255/3611/4525
f 3255/3612/4525 3246/3613/3806 3254/3614/4526
f 2684/2994/3916 2586/2839/3764 2585/2762/3688
f 2879/3023/3947 2914/3615/4527 2951/3021/3945
f 3245/3616/4320 3255/3612/4525 3256/3617/4528
f 3245/3616/4320 3256/3617/4528 3243/2941/3866
f 3248/3157/4077 3252/2882/3807 3247/3417/4319
f 3247/3417/4319 3244/3312/4222 3248/3157/4077
f 3353/3618/4529 3349/3619/4530 3348/2786/3712
f 3361/2802/3728 3363/3620/4531 3355/2803/3729
f 3406/3621/4532 3409/3622/4533 3407/3513/4418
f 3063/3511/4416 3064/3623/4534 3060/3486/4385
f 2606/3624/3914 2599/3625/4535 2607/2904/3829
f 3459/3217/4133 3175/3626/4536 3198/3573/4479
f 3459/3217/4133 3445/3627/4537 3449/3628/4538
f 3340/3629/4539 3336/3630/4540 3335/3631/4541
f 3383/3634/4544 3488/3635/4545 3385/3636/4546
f 3238/3149/4547 3383/3634/4544 3239/3637/4548
f 3049/3470/4369 3056/3638/4549 3074/3639/4550
f 3270/2916/3841 3267/3640/4551 3268/3424/4326
f 3267/3640/4551 3270/2916/3841 3269/3641/4552
f 3268/3424/4553 3271/2914/4553 3270/2916/4553
f 2642/3642/4554 2653/3643/4555 2641/2792/3718
f 2571/2835/3760 2584/3096/4021 2578/3195/4113
f 2776/3644/4556 2759/3099/4024 2729/3065/3969
f 3135/3170/4089 3136/3645/4557 3080/3483/4382
f 2735/3046/3970 2766/3646/4558 2765/3605/4518
f 2648/2962/3887 2633/3647/4559 2644/2943/3868
f 3382/3148/4069 3239/3637/4548 3298/3651/4561
f 2859/3275/4189 2687/3388/4293 2860/3356/4263
f 3276/3413/4316 3278/3223/4141 3277/3425/4327
f 2526/3396/4302 2978/3652/4562 2986/3653/4563
f 3282/3530/4317 3276/3654/4316 3280/3655/4564
f 3274/3656/4565 3283/3532/4435 3281/3531/4434
f 3286/3415/4318 3284/3222/4140 3285/3657/4566
f 3555/3658/4567 3556/3659/4568 3554/3660/4569
f 3205/3266/4182 3309/2772/3698 3211/3349/4256
f 3296/3661/4570 3270/2916/3841 3290/2915/3840
f 3562/3662/4571 3106/3268/4184 3112/3497/4395
f 3291/3198/4116 3293/3433/4572 3294/3199/4117
f 3046/3463/4362 3043/3465/4365 3045/3461/4363
f 2992/3411/4314 3006/3140/4061 3005/2738/3664
f 2693/3663/3930 2699/3014/3935 2692/3012/3933
f 3613/3664/4573 3609/2871/3796 3608/3665/4574
f 2958/3666/4575 2923/3333/4241 2940/3365/4270
f 3297/3667/4576 3295/3197/4115 3296/3661/4570
f 3300/3370/4275 3313/3369/4274 3299/2759/3685
f 3299/2759/3685 3313/3369/4274 3216/3668/4577
f 2550/3669/4578 2902/3670/4579 2588/3671/4580
f 3301/2761/3687 3215/2760/3686 3303/3672/4581
f 3302/3673/4582 3301/2761/4583 3303/3672/4584
f 3015/3674/4338 3050/3471/4370 3053/3475/4374
f 3304/2951/4585 3209/3246/4585 3208/3578/4585
f 3207/3675/4586 3304/2951/3876 3208/3578/4483
f 3305/2950/3875 3210/3083/4008 3304/2951/3876
f 3307/2788/3714 3311/3060/3987 3306/3676/4587
f 2887/3318/4228 2904/3034/3958 2897/3033/3957
f 3307/2788/3714 3306/3676/4587 3309/2772/3698
f 2893/3677/4588 2916/3341/4249 2890/3678/4589
f 3206/3348/4255 3309/2772/3698 3306/3676/4587
f 2848/3248/4164 2780/2896/3821 2763/3031/3955
f 2704/3025/3949 2707/2829/3754 2697/3024/3948
f 3136/3645/4557 3128/3484/4383 3080/3483/4382
f 3318/3602/4590 3322/2737/4590 3319/2736/4590
f 3318/3602/4515 3319/2736/3662 3326/3679/4591
f 3316/3680/4592 3317/2784/3710 3315/3681/4593
f 3314/3682/4594 3321/3079/4595 3504/3683/4596
f 3193/2949/3874 3187/3560/4464 3192/3684/4597
f 3390/3240/4158 3366/3685/4598 3224/2820/3746
f 3323/2735/3661 3321/3079/4595 3314/3682/4594
f 3331/3503/4408 3327/3686/4599 3328/3687/4600
f 3330/3688/4601 3328/3687/4600 3329/3689/4602
f 2716/3237/4155 2726/3051/3975 2715/3043/3967
f 2616/3690/4603 2551/2973/3896 2552/2774/3700
f 3335/3631/4604 3334/3691/4604 3154/3094/4604
f 3133/3169/4088 3534/3692/4605 3548/3693/4606
f 3340/3629/4539 3335/3631/4541 3154/3094/4019
f 3337/3694/4607 3338/3695/4608 3339/3200/4118
f 3154/3094/4019 3334/3691/4609 3150/2849/3774
f 3043/3465/4365 3025/3462/4364 3039/2934/3860
f 3336/3630/4540 3337/3694/4607 3339/3200/4118
f 3338/3695/4608 3337/3694/4607 3341/2957/3882
f 3145/2989/4432 3344/2959/3884 3146/3529/4433
f 3193/2949/3874 3207/3675/4586 3182/3129/4051
f 3344/2959/3884 3147/2958/3883 3146/3529/4433
f 2563/2828/3753 2573/2763/3689 2562/3696/4087
f 3347/3697/4610 3348/2786/3712 3333/2785/3711
f 2854/3698/4611 2852/3699/4612 2867/3700/4613
f 2537/2724/3651 2535/3701/3638 2538/2725/4614
f 3002/2717/3644 3008/3428/4271 3001/3702/4272
f 3351/3307/4217 3350/3703/4615 3352/3201/4119
f 3350/3703/4615 3354/3518/4423 3349/3619/4530
f 3280/3655/4564 3275/3704/4616 3274/3656/4565
f 3042/3456/4358 3020/3442/4343 3041/3359/4266
f 3507/3705/4617 3364/2765/3691 3521/3706/4618
f 2892/3562/4467 2925/3352/4619 2911/3607/4521
f 3357/3707/4620 3354/3518/4423 3412/3708/4621
f 3359/3709/4622 3357/3707/4620 3412/3708/4621
f 3328/3687/4600 3327/3686/4599 3318/3602/4515
f 3372/3710/4623 3378/3711/4623 3374/2789/4623
f 3377/3142/4063 3375/3228/4147 3376/2791/3717
f 2883/3712/4624 2901/3293/4206 2907/3713/4625
f 3379/3714/4626 3381/2790/3716 3373/3715/4627
f 3379/3714/4626 3380/3716/4628 3381/2790/3716
f 3489/3314/4224 3492/3368/4273 3493/3545/4447
f 3478/3717/4629 3220/3718/4630 3218/2907/4631
f 3384/3147/4068 3238/3149/4547 3239/3637/4548
f 3387/3719/4632 3386/3508/4413 3385/3636/4546
f 2750/3117/4041 2754/2991/3913 2690/3121/4044
f 2730/3720/3756 2767/3317/4227 2729/3065/3969
f 3393/3721/4633 3392/3722/4633 3391/3723/4633
f 2913/2721/3648 2970/3305/4215 2995/3304/4214
f 3397/3458/4634 3396/3226/4634 3365/3225/4634
f 3400/2860/3785 3399/2859/4635 3363/3620/4531
f 3362/2801/3727 3401/3171/4090 3400/2860/3785
f 3279/3221/4139 3286/3415/4318 3285/3657/4566
f 2884/3724/4636 2671/3725/4637 2616/3690/4603
f 2557/2824/3750 2568/2833/3758 2564/2825/3751
f 3408/3726/4638 3406/3621/4532 3405/3727/4639
f 3410/3728/4640 3223/3512/4417 3226/3594/4505
f 3271/2914/4641 3278/3223/4141 3293/3433/4642
f 3412/3708/4643 3360/3172/4643 3413/3729/4643
f 3412/3708/4621 3413/3729/4644 3359/3709/4622
f 3292/3730/4645 3289/3731/4646 3288/3732/4647
f 3325/3551/4453 3323/2735/3661 3324/3601/4514
f 3420/3733/4648 3417/3269/4185 3418/3271/4187
f 3422/3734/4649 3420/3733/4649 3418/3271/4649
f 3422/3734/3847 3421/3735/3849 3420/3733/4648
f 3419/2923/3848 3418/3736/4187 3423/3525/4430
f 2544/3737/4650 2540/2726/3653 2535/3701/3638
f 3421/2924/3849 3428/3738/4651 3420/3739/4648
f 3425/3740/4652 3428/3738/4651 3421/2924/3849
f 3150/2849/3774 3335/3631/4541 3339/3200/4118
f 3360/3172/4091 3357/3707/4620 3359/3709/4622
f 3434/2731/3658 3142/3741/4486 3141/3742/4653
f 3369/3743/4654 3302/3673/4655 3514/3744/4656
f 3437/2727/3654 3173/3553/4456 3174/3251/4167
f 3435/2732/3659 3433/3745/4657 3430/2730/3657
f 3198/3573/4479 3197/3746/4107 3448/3747/4108
f 3435/2732/3659 3434/2731/3658 3141/3742/4653
f 3318/3602/4515 3329/3689/4602 3328/3687/4600
f 2632/2936/3861 2643/3325/4235 2631/2798/3724
f 2645/2799/3725 2872/3296/4208 2920/3319/4229
f 3214/3748/4658 3202/3749/4659 3203/3750/4660
f 2665/2993/3915 2864/2840/3765 2586/2839/3764
f 3104/3751/4661 3098/3752/4662 3099/3126/4049
f 2601/2874/3799 2611/3753/4663 2610/3754/4664
f 3442/3755/4665 3447/3756/4666 3459/3217/4133
f 3120/3505/4410 3068/3757/4667 3124/3516/4421
f 3115/3504/4409 3114/3499/4406 3110/3500/4400
f 3444/3758/4668 3480/3759/4669 3446/3218/4134
f 3055/2747/3673 3014/3435/4336 3073/3760/4670
f 3602/3761/4671 3604/3762/4672 3614/2878/3803
f 3010/3763/4673 2884/3724/4636 2983/3764/4674
f 3015/3765/4338 3025/3462/4364 3045/3461/4363
f 3452/3766/4675 3454/3439/4340 3453/3767/4676
f 3460/3768/4677 3454/3439/4340 3455/3769/4678
f 3453/3767/4676 3454/3439/4340 3458/3448/4350
f 2544/3737/4650 2546/3770/4679 2542/3771/4680
f 2735/3046/3970 2778/3343/4251 2784/3162/4082
f 3452/3766/4675 3455/3769/4678 3454/3439/4340
f 3451/3772/4681 3455/3769/4678 3452/3766/4675
f 3388/3773/4682 3379/3714/4626 3385/3636/4546
f 3463/2807/3733 3479/3128/4050 3461/3073/3998
f 3464/3072/3997 3183/3074/3999 3465/3313/4223
f 2597/3774/4683 2593/3775/4153 2601/3776/3799
f 3196/3568/4473 3450/3777/4684 3467/3778/4685
f 3196/3568/4473 3180/3558/4462 3450/3777/4684
f 3181/3561/4465 3182/3129/4051 3178/3556/4466
f 3468/3779/4686 3474/3038/3962 3476/3780/4687
f 3475/3173/4092 3476/3780/4687 3474/3038/3962
f 3468/3779/4688 3469/3781/4689 3471/3229/4148
f 3468/3779/4686 3471/3229/4690 3477/2969/3892
f 3599/2806/3732 3601/3782/4691 3598/3783/4692
f 3470/3784/4693 3221/2893/4693 3222/2892/4693
f 3478/3717/4629 3221/3785/3818 3470/3786/4694
f 3221/3785/3818 3478/3717/4629 3219/3588/4498
f 3221/3785/3818 3219/3588/4498 3218/2907/4497
f 3221/3785/3818 3218/2907/4497 3220/3787/4695
f 3217/3788/4696 3219/3588/4696 3220/3787/4696
f 2930/3002/3923 2919/3327/4230 2931/3789/4245
f 3428/3738/4651 3427/3522/4427 3426/3521/4426
f 3463/2807/3733 3461/3073/3998 3462/3790/4697
f 3449/3628/4538 3466/3557/4461 3480/3759/4669
f 3546/3329/4237 3544/3791/4698 3549/3792/4699
f 3492/3368/4273 3514/3744/4656 3493/3545/4447
f 3176/3575/4481 3459/3217/4133 3198/3573/4479
f 3298/3651/4561 3388/3773/4682 3238/3149/4547
f 3433/3745/4657 3441/3189/4066 3430/2730/3657
f 3427/3522/4427 3425/3740/4652 3424/2925/3850
f 3427/3522/4427 3424/2925/3850 3144/3524/4429
f 3507/3705/4617 3363/3620/4531 3408/3726/4638
f 3182/3129/4051 3181/3561/4465 3193/2949/3874
f 3221/2893/3818 3229/3793/4700 3234/3109/4033
f 3483/2995/3917 3482/3794/4701 3481/3136/4058
f 3448/3190/4108 3441/3189/4066 3515/3255/4171
f 2835/2746/3672 2856/3795/4702 2838/3220/4138
f 3357/3707/4620 3356/3796/4703 3355/2803/3729
f 3072/2748/3674 3127/3253/4169 3070/3358/4265
f 3486/2997/4704 3487/3600/4513 3483/2995/4705
f 3395/3797/4706 3408/3726/4638 3405/3727/4639
f 3394/2818/3744 3391/3723/4707 3392/3722/4708
f 2668/3798/4709 2682/3265/4181 2673/3519/4424
f 2598/2884/3809 2596/3799/4710 2600/2885/3810
f 3488/3635/4545 3388/3773/4682 3385/3636/4546
f 3379/3714/4626 3373/3715/4627 3378/3711/4711
f 3490/3800/4712 3493/3545/4447 3370/3547/4449
f 3229/3793/4700 3219/3588/4498 3231/3801/4713
f 2836/3300/4211 2829/3802/4524 2839/3803/4523
f 2619/2931/3857 2611/3753/4663 2609/2938/3863
f 3494/3062/3989 3495/3061/3988 3496/3427/4329
f 3511/3502/4407 3364/2765/3691 3509/2767/3693
f 3503/3804/4714 3502/3805/4715 3203/3750/4660
f 3502/3805/4715 3499/3426/4328 3501/3806/4716
f 3503/3804/4714 3499/3426/4328 3502/3805/4715
f 3503/3807/4714 3515/3255/4171 3499/3808/4328
f 3292/3730/4645 3287/3434/4335 3293/3433/4642
f 3240/3315/4225 3498/3809/4717 3499/3808/4328
f 2816/3182/4101 2822/3178/4097 2824/3177/4096
f 3321/3079/4004 3520/3812/4719 3506/3080/4005
f 3508/2766/3692 3506/3080/4005 3520/3812/4719
f 3057/3813/4720 3027/3278/4192 3026/3451/4354
f 3583/3814/4721 3589/3815/4722 3605/3816/4723
f 3330/3688/4601 3512/3150/4071 3510/3151/4072
f 3302/3673/4655 3312/3082/4007 3514/3744/4656
f 2917/2797/3723 2923/3333/4241 2896/3332/4240
f 3312/3082/4007 3368/3546/4448 3514/3744/4656
f 2760/2980/3903 2749/3071/3996 2755/3090/4015
f 3517/3239/4157 3516/3817/4724 3513/3818/4725
f 3519/3457/4359 3517/3239/4157 3513/3818/4725
f 3518/3224/4142 3366/3685/4598 3517/3239/4157
f 3467/3778/4685 3449/3628/4538 3445/3627/4537
f 2883/3712/4624 2861/3027/3951 2874/3284/4726
f 3379/3714/4626 3372/3710/4727 3385/3636/4546
f 3505/3819/4728 3506/3080/4005 3507/3705/4617
f 3013/3113/4037 2912/3820/4729 2884/3724/4636
f 2660/2965/3890 2668/3798/4709 2664/3397/4303
f 3517/3239/4157 3366/3685/4598 3390/3240/4158
f 3004/3052/3976 2995/3304/4214 3001/3367/4272
f 3341/2957/3882 3337/3694/4607 3343/3821/4730
f 3343/3821/4730 3337/3694/4607 3340/3629/4539
f 2770/3123/4046 2794/3183/4102 2789/3390/4295
f 3255/3612/4525 3257/3822/4500 3241/3823/4731
f 2542/3771/4680 2862/2999/3921 2670/2968/3891
f 2858/3564/4469 2845/3824/4060 2843/3825/4732
f 3438/2729/3656 3316/3680/4592 3168/2917/3842
f 3564/3826/3899 3620/3827/4733 3595/3828/4734
f 3288/3732/4647 3289/3731/4646 3287/3434/4335
f 3405/3727/4639 3404/3829/4735 3398/3830/4736
f 3267/3640/4551 3277/3425/4327 3268/3424/4326
f 2987/3407/4311 2857/3831/4332 2989/3207/4125
f 2845/3833/4060 2844/3232/4151 2836/3300/4211
f 2907/3713/4625 2924/3351/4258 2945/3350/4738
f 3237/3111/4512 3236/3599/4511 3234/3109/4033
f 3463/2807/3733 3178/3556/4466 3479/3128/4050
f 3171/2918/3843 3169/3555/4458 3170/2919/3844
f 3331/3503/4408 3330/3688/4601 3510/3151/4072
f 3525/3834/4739 3527/3835/4739 3523/3355/4739
f 3525/3834/4740 3526/3836/4741 3527/3835/4742
f 3524/3837/4743 3525/3834/4743 3523/3355/4743
f 3524/3837/4744 3526/3836/4745 3525/3834/4746
f 3556/3659/4568 3561/3193/4111 3553/3192/4110
f 2783/2830/3755 2825/3838/4747 2787/3181/4100
f 3529/3202/4120 3533/3399/4305 3532/3839/4748
f 3531/3840/4749 3532/3839/4750 3530/3841/4751
f 3529/3202/4120 3532/3839/4748 3531/3840/4752
f 3532/3839/4753 3533/3399/4753 3530/3841/4753
f 3406/3621/4532 3410/3728/4640 3404/3829/4735
f 3173/3553/4456 3367/3842/4754 3262/3843/4755
f 2877/3291/4756 2682/3265/4181 2683/3844/4757
f 3613/3664/4573 3583/3814/4721 3605/3816/4723
f 3623/3211/4129 3537/3446/4348 3538/2863/3788
f 3541/3845/3787 3540/3846/4758 3545/3847/4759
f 2570/2834/3759 2581/3848/4760 2574/2837/3762
f 3537/3446/4348 3542/2861/3786 3538/2863/3788
f 2704/3025/3949 2701/3849/3941 2710/3040/3964
f 3537/3446/4348 3539/3850/4761 3542/2861/3786
f 3540/3846/4758 3544/3791/4698 3545/3847/4759
f 3535/3851/4762 3546/3329/4237 3547/3159/4763
f 3548/3693/4606 3546/3329/4237 3535/3851/4762
f 2691/3520/4425 2724/3047/3971 2717/3041/3965
f 3550/3330/4238 3548/3693/4606 3534/3692/4605
f 2934/3346/4253 2948/3357/4264 2895/3852/4764
f 2832/3853/4765 2819/3186/4105 2802/3185/4104
f 3373/3715/4627 3374/2789/3715 3378/3711/4711
f 3199/3574/4480 3196/3568/4473 3445/3627/4537
f 3563/3854/4766 3562/3662/4571 3564/3826/3899
f 3531/3840/4752 3528/3494/4392 3139/3538/4441
f 3249/3855/4767 3259/3256/4172 3251/2880/3805
f 2583/3856/4768 2674/2864/3789 2624/3000/4769
f 3552/2852/3777 3555/3658/4567 3553/3192/4110
f 3137/3857/4770 3636/3066/3992 3079/3485/4384
f 3338/3695/4608 3342/3858/4771 3345/2988/4772
f 3127/3253/4169 3590/3859/4773 3629/2751/3677
f 3643/3244/4160 3083/3860/4774 3036/3245/4161
f 3040/3861/4775 3125/3515/4420 3124/3516/4421
f 3204/3582/4776 3501/3806/4716 3499/3426/4328
f 3573/3164/4084 3575/3163/4083 3574/3335/4243
f 3575/3163/4083 3576/3862/4777 3574/3335/4243
f 3577/3863/4778 3105/3476/4375 3578/3864/3782
f 3574/3335/4243 3576/3862/4777 3579/3336/4244
f 3199/3574/4480 3194/3571/4520 3195/3567/4472
f 3098/3752/4662 3580/3262/4178 3568/3261/4177
f 3555/3658/4567 3554/3660/4569 3553/3192/4110
f 3558/3591/4502 3565/3592/4503 3561/3193/4111
f 2974/3865/4779 2973/3866/4780 2922/3373/4278
f 2681/3420/4322 2666/2848/3773 2657/2963/3888
f 3584/3867/4781 3583/3814/4721 3069/3517/4422
f 2568/2833/3758 2583/3856/4768 2567/2832/3757
f 3056/3638/4549 3639/2780/3706 3075/3868/4782
f 3064/3623/4534 3065/3869/4411 3087/3870/4783
f 2949/3376/4281 2958/3666/4575 2954/2796/3722
f 3367/3842/4754 3516/3817/4724 3392/3722/4708
f 3601/3782/4784 3597/3586/4784 3598/3783/4784
f 3603/3175/4094 3602/3761/4671 3596/2877/3802
f 3589/3815/4722 3612/3077/4002 3605/3816/4785
f 3616/3421/4786 3615/3871/4787 3618/3872/4788
f 3592/2873/4789 3608/3665/4789 3609/2871/4789
f 2856/3795/4702 2870/3873/4790 2867/3700/4613
f 3612/3077/4002 3610/3076/4001 3605/3816/4785
f 3566/3585/4494 3552/2852/3777 3567/2854/3779
f 3626/3874/4791 3069/3517/4422 3070/3358/4265
f 2752/2815/3741 2750/3875/4041 2690/3121/4044
f 3043/3465/4365 3039/2934/3860 3044/3466/4366
f 2737/3876/4312 2738/3054/3978 2745/3877/3683
f 3615/3871/4792 3617/2879/3804 3614/2878/3803
f 3618/3872/4788 3604/3762/4672 3620/3827/4733
f 3424/2925/3850 3423/3525/4430 3164/3540/4443
f 3141/3742/4653 3436/3252/4168 3262/3878/4755
f 2831/3212/4146 2792/3153/4073 2812/3176/4095
f 2870/3873/4790 2869/3276/4190 2881/3879/4793
f 3611/3209/4794 3594/3880/4795 3593/3881/4795
f 3538/2863/3788 3621/3882/4796 3623/3211/4129
f 3145/2989/4432 3543/3160/4080 3346/3101/4026
f 3601/3782/4691 3595/3828/4734 3597/3586/4495
f 2789/3390/4295 2824/3177/4096 2799/3029/3953
f 3590/3859/4773 3627/2750/3676 3628/2752/3678
f 3627/2750/3676 3590/3859/4773 3626/3874/4791
f 3583/3814/4721 3123/3302/4213 3069/3517/4422
f 3162/3527/4186 3163/3541/4444 3164/3540/4443
f 3500/3187/4106 3204/3582/4776 3499/3426/4328
f 3527/3835/4742 3458/3448/4350 3426/3521/4426
f 3590/3859/4773 3628/2752/3678 3629/2751/3677
f 3539/3883/4761 3543/3160/4080 3540/3884/4758
f 3415/3100/4025 3539/3883/4761 3457/3440/4341
f 2857/3885/4332 2867/3700/4613 2889/2983/3906
f 3634/3130/4052 3635/3132/4054 3633/3067/3993
f 3142/3579/4486 3526/3836/4741 3524/3837/4287
f 3116/3886/4797 3563/3887/4766 3107/3267/4183
f 3079/3485/4384 3636/3066/3992 3082/3068/3994
f 3224/2820/4798 3389/2819/3745 3390/3240/4158
f 3132/3888/4799 3547/3159/4079 3136/3645/4557
f 3083/3860/4774 3081/3005/3926 3082/3068/3994
f 3079/3485/4384 3128/3484/4383 3637/3889/4800
f 3077/2781/3707 3639/2780/3706 3076/3482/4381
f 2729/3045/3969 2733/3890/4801 2728/3891/4802
f 3600/3233/4152 3595/3828/4734 3601/3782/4691
f 3122/3301/4212 3581/2804/3730 3630/3380/4285
f 3091/3892/4803 3086/3893/4804 3087/3870/4783
f 3088/3491/4390 3089/3894/4805 3085/2900/3825
f 3641/3477/4376 3081/3005/3926 3643/3244/4160
f 2675/3081/4006 2862/2999/3921 2861/3027/3951
f 3078/3481/4380 3076/3482/4381 3056/3638/4549
f 3061/3488/4387 3058/3895/4806 3059/3006/3927
f 2622/3896/3853 2593/3235/4153 2596/3897/4710
f 3032/3445/4347 3028/3449/4351 3033/3603/4516
f 3032/3445/4347 3029/3444/4346 3028/3449/4351
f 2561/2705/3635 2589/2920/4353 2582/2706/3636
f 2525/2718/3645 2984/3899/4807 2990/2716/3643
f 2990/2716/3643 3003/2777/3703 3002/2717/3644
f 2913/2721/3648 2995/3304/4214 2969/2722/3649
f 3438/2729/3656 3172/3554/4457 3437/2727/3654
f 3437/2727/3654 3436/3252/4168 3632/2728/3655
f 3323/2735/3661 3314/3682/4594 3319/2736/3662
f 2526/3396/4302 2986/3653/4563 3005/2738/3664
f 3005/2738/3664 3006/3140/4061 3007/2739/3665
f 3007/2739/3665 3010/3763/4673 2977/2740/3666
f 2977/2740/3666 2526/3396/4302 3005/2738/3664
f 2873/2741/3667 2872/3296/4208 2676/2742/3668
f 2834/2744/3670 2915/2782/3708 2935/2745/3671
f 3055/2747/3673 3640/3381/4286 3072/2748/3674
f 3072/2748/3674 3071/3480/4379 3018/2749/3675
f 3018/2749/3675 3034/3436/4337 3055/2747/3673
f 3627/2750/3676 3626/3874/4791 3629/2751/3677
f 2543/2753/3679 2554/3900/4808 2547/2754/3680
f 2741/2756/3682 2737/3408/4312 2745/2757/3683
f 3299/2759/3685 3216/3668/4577 3215/2760/3686
f 2585/2762/3688 2586/2839/3764 2573/2763/3689
f 3364/2765/3691 3506/3080/4005 3508/2766/3692
f 2815/2768/3694 2811/3363/4268 2821/2769/3695
f 3308/2771/3697 3307/2788/3714 3309/2772/3698
f 2552/2774/3700 2549/3283/4196 2560/2775/3701
f 3638/2779/3705 3075/3868/4782 3639/2780/3706
f 2998/3141/4062 2999/3412/4315 2997/2844/3769
f 2998/3141/4062 2997/2844/3769 2994/2846/3771
f 2927/3241/3977 2998/3141/4062 2994/2846/3771
f 2793/2898/3823 2796/3156/4076 2782/3155/4075
f 2782/3155/4075 2776/3644/4556 2795/3179/4098
f 2793/2898/3823 2782/3155/4075 2795/3179/4098
f 2809/3479/4378 2793/2898/3823 2795/3179/4098
f 2809/3479/4378 2795/3179/4098 2842/2783/3709
f 2927/3241/3977 2994/2846/3771 2915/2782/3708
f 2834/2744/3670 2809/3479/4378 2842/2783/3709
f 2842/2783/3709 2927/3241/3977 2915/2782/3708
f 3317/2784/3710 3316/3680/4592 3333/2785/3711
f 3497/2787/3713 3495/3061/3988 3307/2788/3714
f 3374/2789/3715 3373/3715/4627 3381/2790/3716
f 2641/2792/3718 2617/2929/3855 2628/2793/3719
f 2955/2795/3721 2949/3376/4809 2954/2796/3722
f 2631/2798/3724 2643/3325/4235 2645/2799/3725
f 3355/2803/3729 3356/3796/4703 3362/2801/3727
f 3362/2801/3727 3400/2860/3785 3361/2802/3728
f 3581/2804/3730 3122/3301/4212 3582/2805/3731
f 3463/2807/3733 3462/3790/4697 3179/2808/3734
f 2752/2815/3741 2757/3115/4039 2761/2816/3742
f 2729/3045/3969 2706/3020/3944 2707/2829/3754
f 2707/2829/3754 2735/3046/3970 2765/3902/4518
f 2765/3902/4518 2813/3604/4517 2783/2830/3755
f 2783/2830/3755 2787/3181/4100 2791/3180/4099
f 2730/2831/3756 2729/3045/3969 2707/2829/3754
f 2783/2830/3755 2791/3180/4099 2730/2831/3756
f 2707/2829/3754 2765/3902/4518 2783/2830/3755
f 2679/2838/3763 2580/2998/3920 2586/2839/3764
f 2997/2844/3769 2992/3411/4314 2981/2845/3770
f 2666/2848/3773 2554/3900/4808 2543/3903/3679
f 2543/3903/3679 2539/2720/3647 2536/2713/3642
f 2536/2713/3642 2614/2935/3795 2634/2847/3772
f 2634/2847/3772 2657/2963/3888 2666/2848/3773
f 2666/2848/3773 2543/3903/3679 2536/2713/3642
f 3152/2851/4811 3148/3904/4812 3150/2849/4813
f 3150/2849/3774 3149/3905/4814 3153/2850/3775
f 3552/2852/3777 3553/3192/4110 3093/2853/3778
f 3105/3906/4375 3559/3423/4325 3565/3592/4503
f 3105/3906/4375 3565/3592/4503 3576/3862/4777
f 3571/2856/3781 3577/3907/4778 3578/2857/3782
f 3578/2857/3782 3105/3906/4375 3576/3862/4777
f 3572/2855/3780 3579/3336/4244 3571/2856/3781
f 3578/2857/3782 3576/3862/4777 3572/2855/3780
f 3403/2858/3783 3402/3230/4149 3399/2859/3784
f 3542/2861/3786 3540/3884/4758 3541/2862/3787
f 2579/2843/3768 2590/3001/4440 2674/2864/3789
f 3064/3623/4534 3066/3908/4815 3095/2865/3790
f 3095/2865/3790 3096/3492/4391 3570/2866/3791
f 3094/2867/3792 3064/3623/4534 3095/2865/3790
f 2604/2868/3793 2649/2953/3878 2595/2869/3794
f 2595/2869/3794 2593/3235/4153 2614/2870/3795
f 3609/2871/3796 3607/3075/4000 3606/2872/3797
f 3596/2877/3802 3602/3761/4671 3614/2878/3803
f 3251/2880/3805 3254/3909/4526 3246/2881/3806
f 3224/2820/3746 3226/3594/4505 3225/2886/3811
f 2929/2889/3814 2588/3671/4580 3012/2887/3812
f 3012/2887/3812 2524/3295/4036 2903/2888/3813
f 3484/2891/3816 3481/3136/4058 3222/2892/3817
f 2797/2894/3819 2805/3910/4816 2788/2895/3820
f 2807/2897/3822 2796/3156/4076 2793/2898/3823
f 2793/2898/3823 2800/3478/4377 2808/2899/3824
f 2808/2899/3824 2816/3182/4101 2807/2897/3822
f 3085/2900/3825 3134/3191/4109 3130/2901/3826
f 3084/2902/3827 3062/3487/4386 3085/2900/3825
f 3217/2908/3833 3230/3911/4817 3232/3912/4818
f 3228/2906/3831 3231/3801/4819 3218/2907/3832
f 3217/2908/3833 3232/3912/4818 3228/2906/3831
f 2676/2742/3668 2646/3324/4234 2650/2909/3834
f 2650/2909/3834 2662/3049/3973 2685/2743/3669
f 2968/2911/3836 2979/3395/4820 2975/2912/3837
f 2589/2920/3845 2882/3309/4219 2591/2921/3846
f 2591/2921/3846 2581/3848/4760 2582/2706/3636
f 3422/2922/3847 3418/3736/4187 3419/2923/3848
f 3424/2925/3850 3425/3740/4652 3421/2924/3849
f 2615/2926/3851 2623/3281/4195 2627/2927/3852
f 3039/2934/3860 3025/3462/4364 3019/3913/4821
f 3019/3913/4821 3020/3442/4343 3023/2932/3858
f 3024/2933/3859 3041/3359/4266 3039/2934/3860
f 3039/2934/3860 3019/3913/4821 3023/2932/3858
f 3253/2942/3867 3295/3197/4115 3287/3434/4335
f 3287/3434/4335 3284/3222/4140 3286/3415/4318
f 3286/3415/4318 3283/3914/4435 3274/3656/4565
f 3274/3656/4565 3272/3110/4034 3273/3339/4247
f 3273/3339/4247 3233/3338/4246 3229/3793/4700
f 3232/2940/3865 3230/3911/4822 3476/3780/4687
f 3273/3339/4247 3229/3793/4700 3232/2940/3865
f 3286/3415/4318 3274/3656/4565 3273/3339/4247
f 3253/2942/3867 3287/3434/4335 3286/3415/4318
f 3243/2941/3866 3256/3617/4528 3253/2942/3867
f 3350/3703/4615 3416/3306/4216 3243/2941/3866
f 3475/3173/4092 3412/3708/4621 3350/3703/4615
f 3232/2940/3865 3476/3780/4687 3475/3173/4092
f 3253/2942/3867 3286/3415/4318 3273/3339/4247
f 3232/2940/3865 3475/3173/4092 3350/3703/4615
f 3253/2942/3867 3273/3339/4247 3232/2940/3865
f 3232/2940/3865 3350/3703/4615 3243/2941/3866
f 2630/2944/3869 2599/3625/4535 2595/2869/3794
f 2595/2869/3794 2649/2953/3878 2644/2943/3868
f 2644/2943/3868 2633/3647/4559 2630/2944/3869
f 3193/2949/3874 3192/3684/4597 3305/2950/3875
f 2655/2956/3881 2669/3028/3952 2663/2954/3879
f 2663/2954/3879 2660/2965/3890 2654/2955/3880
f 3344/2959/3884 3342/3858/4771 3341/2957/3882
f 3341/2957/3882 3343/3821/4730 3147/2958/3883
f 3477/2969/3892 3471/3229/4690 3472/2970/3893
f 2667/2961/3886 2653/3643/4555 2659/3915/4823
f 2672/2972/3895 2677/3916/3908 2658/2964/3889
f 2667/2961/3886 2659/3915/4823 2672/2972/3895
f 2533/2710/3640 2534/3917/3641 2551/2973/3896
f 2551/2973/3896 2550/3669/4578 2535/2708/3638
f 3624/2974/3897 3551/3331/4239 3560/2975/3898
f 3156/2977/3900 3155/3535/4437 3159/2978/3901
f 2779/2981/3904 2815/2768/3694 2820/2770/3696
f 2820/2770/3696 2778/3343/4251 2739/3056/3980
f 2739/3056/3980 2736/3055/3979 2760/2980/3903
f 2760/2980/3903 2777/3596/4507 2779/2981/3904
f 2820/2770/3696 2739/3056/3980 2760/2980/3903
f 2965/2982/3905 2982/3401/4307 2990/2716/3643
f 2990/2716/3643 2984/3899/4807 2889/2983/3906
f 2939/2984/3907 2971/3400/4306 2965/2982/3905
f 2965/2982/3905 2990/2716/3643 2889/2983/3906
f 3345/2988/3910 3342/3858/4771 3344/2959/3884
f 2775/3595/4506 2777/3596/4507 2760/2980/3903
f 2760/2980/3903 2758/3122/4045 2771/2990/3912
f 2771/2990/3912 2773/3918/4824 2772/3203/4121
f 2771/2990/3912 2772/3203/4121 2768/3120/4043
f 2769/3118/4042 2775/3595/4506 2760/2980/3903
f 2762/3116/4040 2769/3118/4042 2760/2980/3903
f 2771/2990/3912 2768/3120/4043 2754/2991/3913
f 2754/2991/3913 2762/3116/4040 2760/2980/3903
f 2595/2869/3794 2599/3625/4535 2606/2992/3914
f 2606/2992/3914 2611/3753/4663 2603/2876/3801
f 3486/2997/4825 3485/3919/4826 3483/2995/4827
f 3483/2995/3917 3481/3136/4058 3235/2996/3918
f 3235/2996/3918 3236/3599/4511 3486/2997/3919
f 2548/3454/4357 2561/3455/3635 2566/3920/3637
f 2548/3454/4357 2566/3920/3637 2563/3921/3753
f 2546/3770/4679 2544/3737/4650 2548/3454/4357
f 2960/3393/4298 2956/3371/4276 2941/3292/4205
f 2528/3394/4485 2960/3393/4298 2941/3292/4205
f 2979/3395/4820 2528/3394/4485 2941/3292/4205
f 2972/3378/4283 2975/2912/3837 2979/3395/4820
f 2574/2837/3762 2581/3848/4760 2591/2921/3846
f 2585/2762/3688 2576/2764/3690 2574/2837/3762
f 2871/3285/4198 2585/2762/3688 2574/2837/3762
f 2574/2837/3762 2591/2921/3846 2908/3106/4030
f 2988/3108/4032 2972/3378/4283 2979/3395/4820
f 2988/3108/4032 2979/3395/4820 2941/3292/4205
f 2871/3285/4198 2574/2837/3762 2908/3106/4030
f 2908/3106/4030 2988/3108/4032 2941/3292/4205
f 2908/3106/4030 2941/3292/4205 2886/3290/4201
f 2679/2838/3763 2871/3285/4198 2908/3106/4030
f 2679/2838/3763 2908/3106/4030 2886/3290/4201
f 2862/2999/3921 2546/3770/4679 2548/3454/4357
f 2548/3454/4357 2563/3921/3753 2562/3168/4087
f 2548/3454/4357 2562/3168/4087 2580/2998/3920
f 2679/2838/3763 2886/3290/4201 2862/2999/3921
f 2862/2999/3921 2548/3454/4357 2580/2998/3920
f 2909/3004/3925 2898/3298/4210 2930/3002/3923
f 2930/3002/3923 2931/3789/4245 2932/3003/3924
f 3081/3005/3926 3641/3477/4376 3059/3006/3927
f 3059/3006/3927 3058/3895/4806 3129/3007/3928
f 3129/3007/3928 3080/3483/4382 3081/3005/3926
f 2951/3021/3945 2957/3258/4174 2942/3022/3946
f 2942/3022/3946 2910/3323/4233 2879/3023/3947
f 2697/3024/3948 2707/2829/3754 2706/3020/3944
f 2655/2956/3881 2675/3081/4006 2861/3027/3951
f 2861/3027/3951 2863/3922/4828 2669/3028/3952
f 2763/3031/3955 2785/3389/4294 2799/3029/3953
f 2799/3029/3953 2812/3176/4095 2806/3030/3954
f 2904/3034/3958 2937/3923/4236 2875/3032/3956
f 2875/3032/3956 2876/3924/4829 2897/3033/3957
f 3473/2971/3894 3475/3173/4092 3474/3038/3962
f 2652/3048/3972 2651/3925/4188 2685/2743/3669
f 2894/2723/3650 2969/2722/3649 3004/3052/3976
f 3004/3052/3976 2998/3141/4062 2927/3053/3977
f 3311/3060/3987 3307/2788/3714 3495/3061/3988
f 3636/3066/3992 3634/3130/4052 3633/3067/3993
f 2738/3070/3978 2743/3088/4013 2748/3069/3995
f 3607/3075/4000 3609/2871/3796 3610/3076/4001
f 3506/3080/4005 3505/3819/4728 3320/3078/4003
f 3320/3078/4003 3504/3683/4830 3321/3079/4004
f 2648/2962/3887 2644/2943/3868 2649/2953/3878
f 2649/2953/3878 2670/3926/3891 2675/3081/4006
f 2655/2956/3881 2648/2962/3887 2649/2953/3878
f 3212/3583/4831 3213/3580/4832 3191/3581/4491
f 3502/3805/4715 3501/3806/4716 3212/3583/4831
f 3201/3606/4519 3214/3748/4658 3203/3750/4660
f 3203/3750/4660 3502/3805/4715 3212/3583/4831
f 3203/3750/4660 3212/3583/4831 3191/3581/4491
f 3190/3569/4474 3201/3606/4519 3203/3750/4660
f 3190/3569/4474 3203/3750/4660 3191/3581/4491
f 3190/3569/4474 3191/3581/4491 3206/3348/4255
f 3188/3570/4475 3190/3569/4474 3206/3348/4255
f 3197/3746/4107 3175/3626/4536 3443/3927/4135
f 3465/3313/4223 3455/3928/4678 3451/3929/4681
f 3461/3073/3998 3465/3313/4223 3451/3929/4681
f 3441/3145/4066 3197/3746/4107 3443/3927/4135
f 3441/3145/4066 3443/3927/4135 3446/3218/4134
f 3461/3073/3998 3451/3929/4681 3441/3145/4066
f 3462/3790/4697 3461/3073/3998 3441/3145/4066
f 3462/3790/4697 3441/3145/4066 3446/3218/4134
f 3187/3560/4464 3178/3556/4466 3179/2808/3734
f 3462/3790/4697 3446/3218/4134 3480/3759/4669
f 3462/3790/4697 3480/3759/4669 3466/3557/4461
f 3179/2808/3734 3462/3790/4697 3466/3557/4461
f 3496/3427/4329 3498/3809/4717 3266/3930/4833
f 3266/3930/4833 3242/3316/4226 3249/3855/4767
f 3249/3855/4767 3265/3509/4414 3386/3508/4413
f 3266/3930/4833 3249/3855/4767 3386/3508/4413
f 3494/3062/3989 3496/3427/4329 3266/3930/4833
f 3311/3060/3987 3494/3062/3989 3266/3930/4833
f 3266/3930/4833 3386/3508/4413 3387/3719/4632
f 3372/3710/4727 3374/2789/3715 3371/3931/4834
f 3372/3710/4727 3371/3931/4834 3490/3800/4712
f 3372/3710/4727 3490/3800/4712 3370/3547/4449
f 3387/3719/4632 3372/3710/4727 3370/3547/4449
f 3387/3719/4632 3370/3547/4449 3368/3546/4448
f 3179/2808/3734 3466/3557/4461 3188/3570/4475
f 3187/3560/4464 3179/2808/3734 3188/3570/4475
f 3187/3560/4464 3188/3570/4475 3206/3348/4255
f 3192/3684/4597 3187/3560/4464 3206/3348/4255
f 3192/3684/4597 3206/3348/4255 3306/3676/4587
f 3305/2950/3875 3192/3684/4597 3306/3676/4587
f 3305/2950/3875 3306/3676/4587 3311/3060/3987
f 3216/3668/4577 3185/3247/4163 3210/3083/4008
f 3210/3083/4008 3305/2950/3875 3311/3060/3987
f 3266/3930/4833 3387/3719/4632 3368/3546/4448
f 3266/3930/4833 3368/3546/4448 3312/3082/4007
f 3215/2760/3686 3216/3668/4577 3210/3083/4008
f 3303/3672/4581 3215/2760/3686 3210/3083/4008
f 3311/3060/3987 3266/3930/4833 3312/3082/4007
f 3312/3082/4007 3303/3672/4581 3210/3083/4008
f 3118/3084/4009 3121/3510/4835 3067/3085/4010
f 2810/3087/4012 2809/3479/4378 2834/2744/3670
f 2967/3093/4018 2980/3308/4218 2963/3091/4016
f 2964/3092/4017 2950/3385/4290 2967/3093/4018
f 3152/2851/3776 3151/3534/4436 3154/3094/4019
f 2656/3095/4020 2578/3195/4113 2584/3096/4021
f 2908/3106/4030 2591/2921/3846 2882/3309/4219
f 2928/3107/4031 2993/3406/4310 2988/3108/4032
f 2908/3106/4030 2882/3309/4219 2928/3107/4031
f 3234/3109/4033 3273/3339/4247 3272/3110/4034
f 3013/3113/4037 3010/3763/4673 3007/2739/3665
f 3007/2739/3665 3011/3932/4330 2524/3112/4036
f 2524/3112/4036 3012/3933/3812 3013/3113/4037
f 3182/3129/4051 3207/3675/4586 3208/3578/4483
f 3208/3578/4483 3184/3565/4470 3183/3074/3999
f 3183/3074/3999 3461/3073/3998 3479/3128/4050
f 3479/3128/4050 3178/3556/4466 3182/3129/4051
f 3182/3129/4051 3208/3578/4483 3183/3074/3999
f 3634/3130/4052 3528/3494/4392 3138/3131/4053
f 2820/2770/3696 2814/3934/4836 2803/3134/4056
f 2803/3134/4056 2784/3162/4082 2804/3135/4057
f 2913/3137/3648 2894/3242/3650 2846/3138/4059
f 3006/3140/4061 2999/3412/4315 2998/3141/4062
f 2929/2889/3814 2903/2888/3813 2626/3143/4064
f 2626/3143/4064 2661/3935/4837 2918/3144/4065
f 3441/3145/4066 3451/3772/4681 3452/3766/4675
f 3440/3146/4067 3432/3936/4297 3430/2730/3657
f 3441/3145/4066 3452/3766/4675 3440/3146/4067
f 3512/3150/4071 3521/3706/4618 3364/2765/3691
f 2604/3152/3793 2614/2935/3795 2536/2713/3642
f 2536/2713/3642 2532/2715/3639 2537/2724/3651
f 2537/2724/3651 2638/2967/3877 2604/3152/3793
f 3248/3157/4077 3250/3937/4838 3251/2880/3805
f 3536/3158/4078 3131/3938/4839 3136/3645/4557
f 3547/3159/4079 3549/3792/4840 3543/3160/4080
f 3536/3158/4078 3136/3645/4557 3547/3159/4079
f 3572/2855/3780 3576/3862/4777 3575/3163/4083
f 2830/3165/4085 2828/3215/4131 2820/2770/3696
f 2823/3166/4086 2805/3910/4816 2797/2894/3819
f 2830/3165/4085 2820/2770/3696 2823/3166/4086
f 2797/2894/3819 2847/3939/4841 2830/3165/4085
f 2573/2763/3689 2586/2839/3764 2580/3167/3920
f 3133/3169/4088 3548/3693/4606 3535/3851/4762
f 3535/3851/4762 3132/3888/4799 3135/3170/4089
f 3135/3170/4089 3129/3007/3928 3130/2901/3826
f 3133/3169/4088 3535/3851/4762 3135/3170/4089
f 3475/3173/4092 3473/2971/3894 3472/2970/3893
f 3472/2970/3893 3411/3537/4439 3401/3171/4090
f 3401/3171/4090 3362/2801/3727 3356/3796/4703
f 3356/3796/4703 3358/3940/4842 3360/3172/4091
f 3360/3172/4091 3412/3708/4621 3475/3173/4092
f 3475/3173/4092 3472/2970/3893 3401/3171/4090
f 3401/3171/4090 3356/3796/4703 3360/3172/4091
f 3596/2877/3802 3104/3751/4661 3103/3174/4093
f 2812/3176/4095 2799/3029/3953 2824/3177/4096
f 3500/3187/4106 3499/3426/4328 3495/3061/3988
f 3561/3193/4111 3565/3592/4503 3559/3423/4325
f 3559/3423/4325 3534/3692/4605 3134/3191/4109
f 3134/3191/4109 3085/2900/3825 3089/3894/4805
f 3089/3894/4805 3093/2853/3778 3553/3192/4110
f 3561/3193/4111 3559/3423/4325 3134/3191/4109
f 3134/3191/4109 3089/3894/4805 3553/3192/4110
f 2578/3195/4113 2577/3941/3702 2560/2826/3701
f 3585/3196/4114 3587/3942/4843 3599/2806/3732
f 3295/3197/4115 3297/3667/4576 3291/3198/4116
f 3131/3938/4839 3536/3158/4078 3158/3528/4431
f 3131/3938/4839 3158/3528/4431 3140/3536/4438
f 3637/3889/4800 3128/3484/4383 3131/3938/4839
f 3531/3840/4752 3139/3538/4441 3137/3857/4770
f 3137/3857/4770 3637/3889/4800 3131/3938/4839
f 3131/3938/4839 3140/3536/4438 3157/3552/4455
f 3157/3552/4455 3156/2977/4454 3160/2979/3902
f 3160/2979/3902 3147/2958/3883 3343/3821/4730
f 3343/3821/4730 3340/3629/4539 3154/3094/4019
f 3154/3094/4019 3151/3534/4436 3153/2850/3775
f 3343/3821/4730 3154/3094/4019 3153/2850/3775
f 3157/3552/4455 3160/2979/3902 3343/3821/4730
f 3137/3857/4770 3131/3938/4839 3157/3552/4455
f 3529/3202/4120 3531/3840/4752 3137/3857/4770
f 3438/2729/3656 3533/3399/4305 3529/3202/4120
f 3350/3703/4615 3353/3618/4529 3347/3697/4610
f 3347/3697/4610 3438/2729/3656 3529/3202/4120
f 3529/3202/4120 3137/3857/4770 3157/3552/4455
f 3157/3552/4455 3343/3821/4730 3153/2850/3775
f 3529/3202/4120 3157/3552/4455 3153/2850/3775
f 3350/3703/4615 3347/3697/4610 3529/3202/4120
f 3338/3695/4608 3345/2988/4844 3352/3201/4119
f 3352/3201/4119 3350/3703/4615 3529/3202/4120
f 3529/3202/4120 3153/2850/3775 3149/3905/4814
f 3339/3200/4118 3338/3695/4608 3352/3201/4119
f 3529/3202/4120 3149/3905/4814 3339/3200/4118
f 2772/3203/4121 2773/3918/4824 2786/3204/4122
f 2732/3208/4126 2743/3943/4013 2738/3054/3978
f 3623/3211/4129 3587/3942/4845 3585/3196/4846
f 3585/3196/4846 3588/3944/4847 3611/3209/4127
f 3622/3210/4128 3537/3446/4348 3623/3211/4129
f 3623/3211/4129 3585/3196/4846 3611/3209/4127
f 3611/3209/4127 3594/3880/4848 3622/3210/4128
f 3459/3217/4133 3444/3758/4668 3446/3218/4134
f 3279/3221/4139 3285/3657/4566 3284/3222/4140
f 3518/3224/4142 3517/3239/4157 3365/3225/4143
f 3471/3229/4148 3469/3781/4689 3402/3230/4149
f 3599/2806/3732 3587/3942/4845 3623/3211/4129
f 3623/3211/4129 3621/3882/4796 3600/3233/4152
f 2595/2869/3794 2603/2876/3801 2594/3234/3800
f 2994/2846/3771 2981/2845/3770 2943/3236/4154
f 2943/3236/4154 2935/2745/3671 2915/2782/3708
f 2732/3208/4126 2727/3945/4849 2716/3237/4155
f 3389/2819/3745 3516/3817/4724 3517/3239/4157
f 2927/3241/3977 2842/2783/3709 2846/3138/4059
f 3642/3243/4159 3641/3477/4376 3643/3244/4160
f 3185/3247/4163 3186/3566/4471 3209/3246/4162
f 3209/3246/4162 3304/2951/3876 3210/3083/4008
f 3625/3254/4170 3592/2873/3798 3606/2872/3797
f 3606/2872/3797 3591/3946/4850 3127/3253/4169
f 3259/3256/4851 3263/3947/4851 3240/3315/4851
f 3515/3255/4171 3433/3745/4657 3435/2732/3659
f 3259/3256/4172 3240/3315/4225 3515/3255/4171
f 3435/2732/3659 3260/3590/4501 3259/3256/4172
f 2938/3353/4852 2973/3866/4780 2526/3396/4302
f 2976/3257/4173 2983/3764/4674 2980/3308/4218
f 2938/3353/4852 2526/3396/4302 2976/3257/4173
f 2951/3021/3945 2914/3615/4527 2946/3259/4175
f 2946/3259/4175 2938/3353/4852 2976/3257/4173
f 2976/3257/4173 2980/3308/4218 2967/3093/4018
f 2957/3258/4174 2951/3021/3945 2946/3259/4175
f 2976/3257/4173 2967/3093/4018 2957/3258/4174
f 3100/3260/4176 3099/3948/4049 3568/3261/4177
f 3308/2771/3697 3310/2773/3699 3205/3266/4182
f 3205/3266/4182 3213/3580/4853 3500/3187/4106
f 3500/3187/4106 3497/2787/3713 3308/2771/3697
f 3563/3887/4766 3564/2976/3899 3560/2975/3898
f 3560/2975/3898 3105/3476/4375 3106/3268/4184
f 3107/3267/4183 3563/3887/4766 3560/2975/3898
f 3417/3269/4185 3161/3447/4349 3162/3270/4186
f 3027/3278/4192 3029/3444/4346 3030/3279/4193
f 2640/2948/3873 2627/2927/3852 2623/3281/4195
f 2623/3281/4195 2652/3048/3972 2662/3049/3973
f 2650/2909/3834 2640/2948/3873 2623/3281/4195
f 2534/3949/3641 2536/2713/3642 2541/3282/3646
f 2541/3282/3646 2539/3950/3647 2543/2753/3679
f 2543/2753/3679 2545/2755/3681 2549/3283/4196
f 2549/3283/4196 2552/2774/3700 2551/2973/3896
f 2551/2973/3896 2534/3949/3641 2541/3282/3646
f 2541/3282/3646 2543/2753/3679 2549/3283/4196
f 2631/2798/3724 2639/2800/3726 2634/2847/3772
f 2634/2847/3772 2622/2928/3853 2627/2927/3852
f 2941/3292/4205 2924/3351/4258 2901/3293/4206
f 2524/3295/4036 3011/3429/4330 3009/2778/3704
f 3009/2778/3704 3003/2777/3703 2985/3294/4207
f 2985/3294/4207 2991/3951/4854 2524/3295/4036
f 2836/3300/4211 2844/3232/4151 2840/3231/4150
f 2840/3231/4150 2846/3138/4059 2842/2783/3709
f 2842/2783/3709 2795/3179/4098 2787/3181/4100
f 2787/3181/4100 2825/3838/4747 2836/3300/4211
f 2840/3231/4150 2842/2783/3709 2787/3181/4100
f 3586/3952/4855 3582/2805/3731 3122/3301/4212
f 3122/3301/4212 3630/3380/4285 3119/3086/4011
f 3119/3086/4011 3120/3505/4410 3124/3516/4421
f 3123/3302/4213 3583/3814/4721 3586/3952/4855
f 3119/3086/4011 3124/3516/4421 3123/3302/4213
f 3123/3302/4213 3586/3952/4855 3122/3301/4212
f 3002/3303/3644 3001/3367/4272 2995/3304/4214
f 3416/3306/4216 3350/3703/4615 3351/3307/4217
f 2980/3308/4218 2983/3764/4674 2885/3289/4200
f 2885/3289/4200 2680/3288/4022 2963/3091/4016
f 3098/3752/4662 3104/3751/4661 3111/3953/4856
f 3111/3953/4856 3106/3268/4184 3105/3476/4375
f 3105/3476/4375 3577/3863/4778 3571/2856/3781
f 3571/2856/3781 3566/3585/4494 3092/3954/4857
f 3092/3954/4857 3567/2854/3779 3093/2853/3778
f 3093/2853/3778 3089/3894/4805 3086/3893/4804
f 3086/3893/4804 3569/3402/4308 3580/3262/4178
f 3580/3262/4178 3098/3752/4662 3111/3953/4856
f 3111/3953/4856 3105/3476/4375 3571/2856/3781
f 3571/2856/3781 3092/3954/4857 3093/2853/3778
f 3093/2853/3778 3086/3893/4804 3580/3262/4178
f 3580/3262/4178 3111/3953/4856 3571/2856/3781
f 3298/3651/4561 3239/3637/4548 3383/3634/4544
f 3264/3507/4412 3265/3509/4414 3249/3855/4767
f 3298/3651/4561 3383/3634/4544 3264/3507/4412
f 3374/2789/3715 3376/2791/3717 3375/3228/4147
f 3375/3228/4147 3298/3651/4561 3264/3507/4412
f 3264/3507/4412 3249/3855/4767 3250/3937/4838
f 3250/3937/4838 3248/3157/4077 3244/3312/4222
f 3244/3312/4222 3460/3768/4677 3455/3769/4678
f 3465/3313/4223 3183/3074/3999 3184/3565/4470
f 3244/3312/4222 3455/3769/4678 3465/3313/4223
f 3264/3507/4412 3250/3937/4838 3244/3312/4222
f 3374/2789/3715 3375/3228/4147 3264/3507/4412
f 3489/3314/4224 3490/3800/4712 3371/3931/4834
f 3371/3931/4834 3374/2789/3715 3264/3507/4412
f 3465/3313/4223 3184/3565/4470 3185/3247/4163
f 3216/3668/4577 3313/3369/4274 3491/3955/4858
f 3216/3668/4577 3491/3955/4858 3489/3314/4224
f 3489/3314/4224 3371/3931/4834 3264/3507/4412
f 3185/3247/4163 3216/3668/4577 3489/3314/4224
f 3489/3314/4224 3264/3507/4412 3244/3312/4222
f 3465/3313/4223 3185/3247/4163 3489/3314/4224
f 3242/3316/4226 3266/3930/4833 3240/3315/4225
f 2795/3179/4098 2776/3644/4556 2767/3317/4227
f 2767/3317/4227 2730/3720/3756 2791/3180/4099
f 2640/2948/3873 2650/2909/3834 2646/3324/4234
f 3624/3956/3897 3595/3828/4734 3621/3882/4796
f 3538/2863/3788 3541/3845/3787 3545/3847/4759
f 3624/3956/3897 3621/3882/4796 3538/2863/3788
f 3551/3331/4239 3624/3956/3897 3538/2863/3788
f 3538/2863/3788 3545/3847/4759 3546/3329/4237
f 3546/3329/4237 3548/3693/4606 3550/3330/4238
f 3551/3331/4239 3538/2863/3788 3546/3329/4237
f 3572/2855/3780 3573/3164/4084 3574/3335/4243
f 2804/3135/4057 2784/3162/4082 2778/3343/4251
f 3206/3348/4255 3191/3581/4491 3211/3349/4256
f 3523/3355/4262 3608/3665/4574 3592/2873/3798
f 3522/3354/4261 3524/3837/4287 3523/3355/4262
f 2881/3957/4793 2859/3275/4189 2860/3356/4263
f 2860/3356/4263 2672/2972/3895 2659/3958/4823
f 2659/3958/4823 2895/3852/4764 2948/3357/4264
f 2948/3357/4264 2947/3377/4282 2939/2984/3907
f 2939/2984/3907 2926/3340/4248 2933/3342/4250
f 2893/3677/4588 2881/3957/4793 2860/3356/4263
f 2948/3357/4264 2939/2984/3907 2933/3342/4250
f 2933/3342/4250 2893/3677/4588 2860/3356/4263
f 2860/3356/4263 2659/3958/4823 2948/3357/4264
f 3018/2749/3675 3071/3480/4379 3070/3358/4265
f 3070/3358/4265 3040/3861/4775 3068/3757/4667
f 3070/3358/4265 3068/3757/4667 3039/2934/3860
f 3020/3442/4343 3019/3913/4821 3018/2749/3675
f 3070/3358/4265 3039/2934/3860 3041/3359/4266
f 3041/3359/4266 3020/3442/4343 3018/2749/3675
f 2779/2981/3904 2788/2895/3820 2811/3363/4268
f 3008/3366/4271 3006/3140/4061 3004/3052/3976
f 3301/2761/3687 3369/3743/4654 3492/3368/4273
f 3492/3368/4273 3491/3955/4858 3313/3369/4274
f 3300/3370/4275 3301/2761/3687 3492/3368/4273
f 2553/3375/4280 2550/3669/4578 2555/3959/4859
f 2555/3959/4859 2556/2822/3748 2558/2821/3747
f 2558/2821/3747 2559/3960/3749 2587/3961/4860
f 2587/3961/4860 2661/3935/4837 2626/3143/4064
f 2626/3143/4064 2561/2705/3635 2553/3375/4280
f 2553/3375/4280 2555/3959/4859 2558/2821/3747
f 2558/2821/3747 2587/3961/4860 2626/3143/4064
f 3000/3379/4284 2991/3951/4854 2947/3377/4282
f 2947/3377/4282 2948/3357/4264 2953/3364/4269
f 2972/3378/4283 2988/3108/4032 3000/3379/4284
f 2947/3377/4282 2953/3364/4269 2972/3378/4283
f 3599/2806/3732 3598/3783/4692 3118/3084/4009
f 3118/3084/4009 3119/3086/4011 3630/3380/4285
f 3630/3380/4285 3581/2804/3730 3599/2806/3732
f 2740/3059/3983 2713/3409/4313 2741/2756/3682
f 3127/3253/4169 3072/2748/3674 3640/3381/4286
f 3640/3381/4286 3141/3742/4653 3142/3741/4486
f 3524/3382/4287 3522/3962/4261 3592/2873/3798
f 3640/3381/4286 3142/3741/4486 3524/3382/4287
f 3625/3254/4170 3127/3253/4169 3640/3381/4286
f 3524/3382/4287 3592/2873/3798 3625/3254/4170
f 2914/3615/4527 2879/3023/3947 2686/3387/3909
f 2686/3387/3909 2677/3916/3908 2672/2972/3895
f 2672/2972/3895 2860/3356/4263 2687/3388/4293
f 2687/3388/4293 2880/3277/4191 2911/3607/4521
f 2911/3607/4521 2925/3352/4619 2946/3259/4175
f 2946/3259/4175 2914/3615/4527 2686/3387/3909
f 2686/3387/3909 2672/2972/3895 2687/3388/4293
f 2687/3388/4293 2911/3607/4521 2946/3259/4175
f 2789/3390/4295 2799/3029/3953 2785/3389/4294
f 2785/3389/4294 2781/3205/4123 2786/3204/4122
f 3440/3146/4067 3452/3766/4675 3439/3391/4296
f 2531/3398/4304 2625/3963/4861 2648/2962/3887
f 2648/2962/3887 2660/2965/3890 2664/3397/4303
f 2664/3397/4303 2673/3519/4424 2531/3398/4304
f 3632/2728/3655 3530/3841/4862 3533/3399/4305
f 3101/3404/4047 3100/3260/4176 3580/3262/4178
f 3569/3402/4308 3091/3892/4803 3570/3964/3791
f 3101/3404/4047 3580/3262/4178 3569/3402/4308
f 3569/3402/4308 3570/3964/3791 3097/3403/4048
f 2719/3405/4028 2761/2816/3742 2757/3115/4039
f 2757/3115/4039 2718/3036/3960 2720/3035/3959
f 2720/3035/3959 2713/3965/4313 2764/3105/4029
f 2719/3405/4028 2757/3115/4039 2720/3035/3959
f 2971/3400/4306 2939/2984/3907 2947/3377/4282
f 2947/3377/4282 2991/3951/4854 2985/3294/4207
f 2985/3294/4207 2982/3401/4307 2971/3400/4306
f 2985/3294/4207 3003/2777/3703 2990/2716/3643
f 2993/3406/4310 2928/3107/4031 2903/2888/3813
f 2524/3295/4036 2991/3951/4854 3000/3379/4284
f 2993/3406/4310 2903/2888/3813 2524/3295/4036
f 2737/3408/4312 2741/2756/3682 2713/3409/4313
f 2720/3410/3959 2731/3966/3961 2737/3408/4312
f 3286/3415/4318 3278/3223/4141 3276/3413/4316
f 3282/3414/4317 3283/3914/4435 3286/3415/4318
f 3243/3416/3866 3244/3312/4222 3247/3417/4319
f 2878/3419/4321 2868/3572/4478 2681/3420/4322
f 3617/2879/3804 3615/3871/4863 3616/3421/4323
f 3550/3330/4238 3534/3692/4605 3559/3423/4325
f 3559/3423/4325 3560/2975/3898 3551/3331/4239
f 3499/3426/4328 3498/3809/4717 3496/3427/4329
f 3008/3366/4271 3011/3932/4330 3007/2739/3665
f 2877/3291/4756 2683/3844/4757 2668/3798/4709
f 2668/3798/4709 2663/2954/3879 2669/3028/3952
f 2669/3028/3952 2863/3922/4828 2883/3712/4624
f 2883/3712/4624 2907/3713/4625 2906/3468/4367
f 2906/3468/4367 2955/2795/3721 2917/2797/3723
f 2906/3468/4367 2917/2797/3723 2896/3332/4240
f 2669/3028/3952 2883/3712/4624 2906/3468/4367
f 2877/3291/4756 2668/3798/4709 2669/3028/3952
f 2877/3291/4756 2669/3028/3952 2906/3468/4367
f 2877/3291/4756 2906/3468/4367 2896/3332/4240
f 2865/3286/4199 2877/3291/4756 2896/3332/4240
f 2630/2944/3869 2633/3647/4559 2625/3963/4861
f 2612/2910/3835 2613/2905/3830 2630/2944/3869
f 2611/3753/4663 2606/3624/3914 2612/2910/3835
f 2635/2939/3864 2609/2938/3863 2611/3753/4663
f 2653/3643/4555 2637/2947/3872 2629/2945/3870
f 2629/2945/3870 2635/2939/3864 2611/3753/4663
f 2611/3753/4663 2612/2910/3835 2630/2944/3869
f 2630/2944/3869 2625/3963/4861 2531/3398/4304
f 2611/3753/4663 2630/2944/3869 2531/3398/4304
f 2629/2945/3870 2611/3753/4663 2531/3398/4304
f 2629/2945/3870 2531/3398/4304 2678/3264/4180
f 2653/3643/4555 2629/2945/3870 2678/3264/4180
f 2653/3643/4555 2678/3264/4180 2865/3286/4199
f 2934/3346/4253 2895/3852/4764 2659/3967/4823
f 2659/3967/4823 2653/3643/4555 2865/3286/4199
f 2659/3967/4823 2865/3286/4199 2896/3332/4240
f 2529/3347/4254 2934/3346/4253 2659/3967/4823
f 2972/3378/4283 2953/3364/4269 2529/3347/4254
f 2960/3393/4298 2975/2912/3837 2972/3378/4283
f 2958/3666/4575 2956/3371/4276 2960/3393/4298
f 2659/3967/4823 2896/3332/4240 2936/3334/4242
f 2936/3334/4242 2958/3666/4575 2960/3393/4298
f 2960/3393/4298 2972/3378/4283 2529/3347/4254
f 2529/3347/4254 2659/3967/4823 2936/3334/4242
f 2841/3430/4331 2832/3853/4765 2857/3431/4332
f 2695/3018/3942 2699/3014/3935 2698/3008/3929
f 2698/3008/3929 2705/3017/3940 2704/3025/3949
f 2704/3025/3949 2697/3968/3948 2695/3018/3942
f 3295/3197/4115 3294/3199/4117 3293/3433/4334
f 3456/3438/4339 3458/3448/4350 3454/3439/4340
f 3456/3438/4339 3539/3850/4761 3537/3446/4348
f 3537/3446/4348 3622/3210/4128 3161/3447/4349
f 3161/3447/4349 3417/3269/4185 3458/3448/4350
f 3458/3448/4350 3456/3438/4339 3537/3446/4348
f 2757/3115/4039 2756/3114/4038 2714/3050/3974
f 2711/3450/4352 2691/3520/4425 2717/3041/3965
f 2589/2920/4353 2561/2705/3635 2626/3143/4064
f 2626/3143/4064 2903/2888/3813 2882/3309/4219
f 3365/3225/4143 3517/3239/4157 3519/3457/4359
f 2945/3350/4257 2949/3376/4281 2955/2795/3721
f 3246/2881/3806 3245/3418/4320 3247/3417/4319
f 2800/3478/4377 2793/2898/3823 2809/3479/4378
f 2716/3237/4155 2715/3043/3967 2708/3042/3966
f 2794/3183/4102 2790/3154/4074 2796/3156/4076
f 2703/3019/3943 2729/3045/3969 2728/3969/4802
f 2728/3969/4802 2746/3089/4014 2743/3943/4013
f 2743/3943/4013 2732/3208/4126 2712/3238/4156
f 2728/3969/4802 2743/3943/4013 2712/3238/4156
f 2763/3031/3955 2700/3016/3939 2702/3013/3934
f 2781/3205/4123 2785/3389/4294 2763/3031/3955
f 2756/3127/4038 2768/3120/4043 2772/3203/4121
f 2772/3203/4121 2781/3205/4123 2763/3031/3955
f 2703/3019/3943 2728/3969/4802 2712/3238/4156
f 2703/3019/3943 2712/3238/4156 2708/3042/3966
f 2772/3203/4121 2763/3031/3955 2702/3013/3934
f 2714/3050/3974 2756/3127/4038 2772/3203/4121
f 2721/3044/3968 2738/3054/3978 2714/3050/3974
f 2702/3013/3934 2703/3019/3943 2708/3042/3966
f 2708/3042/3966 2721/3044/3968 2714/3050/3974
f 2714/3050/3974 2772/3203/4121 2702/3013/3934
f 2645/2799/3725 2681/3420/4322 2657/2963/3888
f 3074/3639/4550 3138/3131/4053 3528/3494/4392
f 3528/3494/4392 3530/3841/4862 3632/2728/3655
f 3632/2728/3655 3436/3252/4168 3073/3970/4670
f 3054/3474/4373 3052/3473/4372 3050/3471/4370
f 3632/2728/3655 3073/3970/4670 3054/3474/4373
f 3051/3472/4371 3074/3639/4550 3528/3494/4392
f 3528/3494/4392 3632/2728/3655 3054/3474/4373
f 3054/3474/4373 3050/3471/4370 3051/3472/4371
f 3102/3495/4393 3103/3174/4093 3099/3126/4049
f 3099/3126/4049 3097/3125/4048 3096/3492/4391
f 3096/3492/4391 3095/2865/3790 3102/3495/4393
f 2788/2895/3820 2805/3910/4816 2823/3166/4086
f 2823/3166/4086 2821/2769/3695 2811/3363/4268
f 3511/3502/4407 3327/3686/4599 3331/3503/4408
f 2801/3184/4103 2784/3162/4082 2798/3161/4081
f 3264/3507/4412 3385/3636/4546 3386/3508/4413
f 3407/3513/4418 3409/3622/4533 3225/2886/3811
f 3225/2886/3811 3226/3594/4505 3223/3512/4417
f 3332/3971/4864 3169/3555/4458 3171/2918/3843
f 3171/2918/3843 3168/2917/3842 3315/3681/4593
f 3171/2918/3843 3315/3681/4593 3317/2784/3710
f 3354/3518/4423 3332/3971/4864 3171/2918/3843
f 3348/2786/3712 3349/3619/4530 3354/3518/4423
f 3171/2918/3843 3317/2784/3710 3348/2786/3712
f 2673/3519/4424 2682/3265/4181 2678/3264/4180
f 2726/3051/3975 2727/3945/4849 2732/3208/4126
f 3401/3171/4090 3411/3537/4439 3403/2858/3783
f 2711/3450/4352 2740/3059/3983 2725/3058/3982
f 3102/3495/4393 3604/3762/4672 3603/3175/4094
f 3282/3530/4317 3280/3655/4865 3281/3531/4434
f 2932/3344/3924 2920/3319/4229 2921/3310/4220
f 2921/3310/4220 2898/3972/4866 2909/3533/3925
f 3158/3528/4431 3159/2978/3901 3155/3535/4437
f 3472/2970/3893 3471/3229/4867 3403/2858/3783
f 2549/3283/4196 2545/2755/3681 2547/2754/3680
f 2547/2754/3680 2554/3973/4808 2666/2848/3773
f 2549/3283/4196 2547/2754/3680 2666/2848/3773
f 2557/3974/3750 2560/2775/3701 2549/3283/4196
f 2569/2841/3766 2557/3974/3750 2549/3283/4196
f 2623/3281/4195 2615/2926/3851 2608/3975/4868
f 2608/3975/4868 2598/2884/3809 2605/2890/3815
f 2605/2890/3815 2600/2885/3810 2597/3774/4683
f 2597/3774/4683 2610/3754/4664 2619/2931/3857
f 2619/2931/3857 2618/3976/3856 2617/2929/3855
f 2617/2929/3855 2641/2792/3718 2647/3977/3885
f 2617/2929/3855 2647/3977/3885 2658/2985/3889
f 2597/3774/4683 2619/2931/3857 2617/2929/3855
f 2608/3975/4868 2605/2890/3815 2597/3774/4683
f 2623/3281/4195 2608/3975/4868 2597/3774/4683
f 2597/3774/4683 2617/2929/3855 2658/2985/3889
f 2686/3387/3909 2879/3023/3947 2910/3323/4233
f 2597/3774/4683 2658/2985/3889 2686/3387/3909
f 2652/3048/3972 2623/3281/4195 2597/3774/4683
f 2651/3925/4188 2652/3048/3972 2597/3774/4683
f 2597/3774/4683 2686/3387/3909 2910/3323/4233
f 2891/3322/4232 2942/3022/3946 2957/3258/4174
f 2597/3774/4683 2910/3323/4233 2891/3322/4232
f 2651/3925/4188 2597/3774/4683 2891/3322/4232
f 2891/3322/4232 2957/3258/4174 2967/3093/4018
f 2891/3322/4232 2967/3093/4018 2950/3385/4290
f 2898/3298/4210 2651/3925/4188 2891/3322/4232
f 2930/3002/3923 2898/3298/4210 2891/3322/4232
f 2891/3322/4232 2950/3385/4290 2961/3384/4289
f 2961/3384/4289 2964/3092/4017 2963/3091/4016
f 2680/3097/4022 2584/3096/4021 2572/2836/3761
f 2961/3384/4289 2963/3091/4016 2680/3097/4022
f 2930/3002/3923 2891/3322/4232 2961/3384/4289
f 2937/3328/4236 2930/3002/3923 2961/3384/4289
f 2961/3384/4289 2680/3097/4022 2572/2836/3761
f 2572/2836/3761 2567/2832/3757 2583/3856/4768
f 2572/2836/3761 2583/3856/4768 2624/3000/4769
f 2937/3328/4236 2961/3384/4289 2572/2836/3761
f 2875/3032/3956 2937/3328/4236 2572/2836/3761
f 2875/3032/3956 2572/2836/3761 2624/3000/4769
f 2579/2843/3768 2569/2841/3766 2549/3283/4196
f 2875/3032/3956 2624/3000/4769 2590/3001/4440
f 2579/2843/3768 2549/3283/4196 2666/2848/3773
f 2666/2848/3773 2875/3032/3956 2590/3001/4440
f 3634/3130/4052 3137/3857/4770 3139/3538/4441
f 2851/3544/4165 2849/3978/4869 2850/3542/4445
f 2850/3542/4445 2854/3979/4611 2853/3543/4446
f 2853/3543/4446 2855/3980/4166 2851/3544/4165
f 3493/3545/4447 3514/3744/4656 3368/3546/4448
f 3325/3551/4453 3324/3601/4514 3318/3602/4515
f 3318/3602/4515 3327/3686/4599 3511/3502/4407
f 3511/3502/4407 3509/2767/3693 3508/2766/3692
f 3508/2766/3692 3520/3812/4719 3325/3551/4453
f 3325/3551/4453 3318/3602/4515 3511/3502/4407
f 3189/3559/4463 3188/3570/4475 3466/3557/4461
f 3466/3557/4461 3450/3777/4684 3180/3558/4462
f 2922/3373/4278 2938/3353/4852 2892/3562/4467
f 2892/3562/4467 2869/3276/4190 2888/3563/4468
f 2888/3563/4468 2905/3374/4279 2922/3373/4278
f 2987/3407/4311 2996/3206/4124 3002/2717/3644
f 2818/3608/4522 2801/3184/4103 2819/3186/4105
f 2987/3407/4311 3002/2717/3644 2970/3981/4215
f 2987/3407/4311 2970/3981/4215 2858/3564/4469
f 2818/3608/4522 2819/3186/4105 2841/3430/4331
f 2843/3825/4732 2818/3608/4522 2841/3430/4331
f 2899/3432/4333 2987/3407/4311 2858/3564/4469
f 2858/3564/4469 2843/3825/4732 2841/3430/4331
f 2621/2937/3862 2642/3642/4554 2641/2792/3718
f 2620/2794/3720 2619/2931/3857 2609/2938/3863
f 2621/2937/3862 2641/2792/3718 2620/2794/3720
f 2868/3572/4478 2876/3924/4829 2875/3032/3956
f 2968/2911/4484 2527/2913/3838 2960/3393/4298
f 3165/3550/4452 3164/3540/4443 3166/3549/4451
f 3439/3391/4296 3452/3766/4675 3453/3767/4676
f 3453/3767/4676 3431/3982/4870 3142/3579/4486
f 3142/3579/4486 3430/2730/3657 3432/3392/4297
f 3439/3391/4296 3453/3767/4676 3142/3579/4486
f 3579/3336/4244 3576/3862/4777 3565/3592/4503
f 3557/3584/4493 3555/3658/4567 3566/3585/4494
f 3579/3336/4244 3565/3592/4503 3557/3584/4493
f 3566/3585/4494 3571/2856/3781 3579/3336/4244
f 3118/3084/4009 3598/3783/4692 3597/3586/4495
f 3631/3587/4496 3121/3510/4415 3118/3084/4009
f 3084/2902/3827 3058/3895/4806 3061/3488/4387
f 3257/3589/4500 3254/3909/4526 3251/2880/3805
f 3558/3591/4502 3556/3659/4568 3557/3584/4493
f 3129/3007/3928 3058/3895/4806 3084/2902/3827
f 2775/3595/4506 2788/2895/3820 2779/2981/3904
f 3017/3597/4508 3027/3278/4192 3031/3280/4194
f 3031/3280/4194 3035/3983/4871 3016/3598/4509
f 2878/3419/4321 2887/3318/4228 2897/3033/3957
f 2897/3033/3957 2876/3924/4829 2868/3572/4510
f 3324/3601/4514 3323/2735/3661 3322/2737/3663
f 3030/3279/4193 3032/3445/4347 3033/3603/4516
f 2765/3605/4518 2766/3646/4558 2784/3162/4082
f 2801/3184/4103 2818/3608/4522 2813/3604/4517
f 2765/3605/4518 2784/3162/4082 2801/3184/4103
f 3200/3577/4482 3448/3576/4108 3201/3606/4519
f 3201/3606/4519 3190/3569/4872 3194/3571/4520
f 2880/3277/4191 2869/3276/4190 2892/3562/4467
f 2829/3610/4524 2783/3984/3755 2813/3604/4517
f 2818/3608/4522 2843/3825/4732 2845/3824/4060
f 2829/3610/4524 2813/3604/4517 2818/3608/4522
f 2818/3608/4522 2845/3824/4060 2839/3609/4523
f 2585/2762/3688 2871/3285/4198 2684/2994/3916
f 2684/2994/3916 2665/2993/3915 2586/2839/3764
f 3348/2786/3712 3347/3697/4610 3353/3618/4529
f 3353/3618/4529 3350/3703/4615 3349/3619/4530
f 3361/2802/3728 3400/2860/3785 3363/3620/4531
f 3363/3620/4531 3332/3971/4864 3355/2803/3729
f 3406/3621/4532 3408/3726/4638 3409/3622/4533
f 3059/3006/3927 3037/3453/4356 3038/3452/4355
f 3044/3466/4366 3039/2934/3860 3068/3757/4667
f 3059/3006/3927 3038/3452/4355 3044/3466/4366
f 3060/3486/4385 3061/3488/4387 3059/3006/3927
f 3085/2900/3825 3062/3487/4386 3060/3486/4385
f 3064/3623/4534 3090/3490/4389 3085/2900/3825
f 3631/3587/4496 3066/3908/4815 3064/3623/4534
f 3063/3511/4416 3121/3510/4415 3631/3587/4496
f 3068/3757/4667 3067/3085/4010 3063/3511/4416
f 3059/3006/3927 3044/3466/4366 3068/3757/4667
f 3064/3623/4534 3085/2900/3825 3060/3486/4385
f 3060/3486/4385 3059/3006/3927 3068/3757/4667
f 3063/3511/4416 3631/3587/4496 3064/3623/4534
f 3060/3486/4385 3068/3757/4667 3063/3511/4416
f 2599/3625/4535 2630/2944/3869 2613/2905/3830
f 2607/2904/3829 2612/2910/3835 2606/3624/3914
f 2599/3625/4535 2613/2905/3830 2607/2904/3829
f 3459/3217/4133 3443/3219/4135 3175/3626/4536
f 3449/3628/4538 3444/3758/4668 3459/3217/4133
f 3459/3217/4133 3447/3756/4666 3445/3627/4537
f 3340/3629/4539 3337/3694/4607 3336/3630/4540
f 3385/3636/4546 3264/3507/4873 3383/3634/4544
f 3383/3634/4544 3238/3149/4547 3488/3635/4545
f 3074/3639/4550 3051/3472/4371 3049/3470/4369
f 3049/3470/4369 3057/3813/4720 3056/3638/4549
f 3056/3638/4549 3075/3868/4782 3074/3639/4550
f 2642/3642/4554 2621/2937/3862 2637/2947/3872
f 2653/3643/4555 2667/2961/3886 2641/2792/3718
f 2642/3642/4554 2637/2947/3872 2653/3643/4555
f 2571/2835/3760 2572/2836/3761 2584/3096/4021
f 2776/3644/4556 2782/3155/4075 2790/3154/4074
f 2790/3154/4074 2774/3133/4055 2759/3099/4024
f 2759/3099/4024 2744/3063/3990 2729/3065/3969
f 2729/3065/3969 2767/3317/4227 2776/3644/4556
f 2776/3644/4556 2790/3154/4074 2759/3099/4024
f 3135/3170/4089 3132/3888/4799 3136/3645/4557
f 2648/2962/3887 2625/3963/4861 2633/3647/4559
f 3382/3148/4069 3384/3147/4068 3239/3637/4548
f 2859/3275/4189 2880/3277/4191 2687/3388/4293
f 2526/3396/4302 2973/3866/4780 2978/3652/4562
f 3555/3658/4567 3557/3584/4493 3556/3659/4568
f 3205/3266/4182 3310/2773/3699 3309/2772/3698
f 3291/3198/4116 3297/3667/4576 3296/3661/4570
f 3296/3661/4570 3269/3641/4552 3270/2916/3841
f 3290/2915/3840 3291/3198/4116 3296/3661/4570
f 3117/3986/4874 3620/3827/4733 3562/3662/4571
f 3562/3662/4571 3563/3854/4766 3116/3886/4797
f 3116/3886/4797 3107/3267/4183 3106/3268/4184
f 3106/3268/4184 3111/3953/4856 3110/3500/4400
f 3106/3268/4184 3110/3500/4400 3108/3498/4396
f 3562/3662/4571 3116/3886/4797 3106/3268/4184
f 3115/3504/4409 3117/3986/4874 3562/3662/4571
f 3106/3268/4184 3108/3498/4396 3112/3497/4395
f 3112/3497/4395 3115/3504/4409 3562/3662/4571
f 3046/3463/4362 3025/3462/4364 3043/3465/4365
f 3043/3465/4365 3038/3452/4355 3045/3461/4363
f 3005/2738/3664 2986/3653/4563 2978/3652/4562
f 2978/3652/4562 2974/3865/4779 2992/3411/4314
f 2992/3411/4314 2999/3412/4315 3006/3140/4061
f 3005/2738/3664 2978/3652/4562 2992/3411/4314
f 2693/3663/3930 2698/3987/3929 2699/3014/3935
f 3613/3664/4573 3610/3076/4001 3609/2871/3796
f 2940/3365/4270 2954/2796/3722 2958/3666/4575
f 2958/3666/4575 2936/3334/4242 2923/3333/4241
f 2661/3935/4837 2587/3961/4860 2559/2823/3749
f 2556/2822/3748 2555/3959/4859 2550/3669/4578
f 2661/3935/4837 2559/2823/3749 2556/2822/3748
f 2929/2889/3814 2918/3144/4065 2661/3935/4837
f 3013/3113/4037 3012/3933/3812 2588/3671/4580
f 2588/3671/4580 2929/2889/3814 2661/3935/4837
f 2661/3935/4837 2556/2822/3748 2550/3669/4578
f 2550/3669/4578 2551/2973/3896 2671/3725/4637
f 2671/3725/4637 2912/3820/4729 2902/3670/4579
f 2902/3670/4579 3013/3113/4037 2588/3671/4580
f 2588/3671/4580 2661/3935/4837 2550/3669/4578
f 2550/3669/4578 2671/3725/4637 2902/3670/4579
f 3053/3475/4374 3054/3474/4373 3073/3760/4670
f 3073/3760/4670 3014/3988/4336 3015/3674/4338
f 3015/3674/4338 3016/3598/4509 3035/3983/4871
f 3644/3989/4875 3048/3469/4368 3050/3471/4370
f 3015/3674/4338 3035/3983/4871 3644/3989/4875
f 3053/3475/4374 3073/3760/4670 3015/3674/4338
f 3050/3471/4370 3052/3473/4372 3053/3475/4374
f 3015/3674/4338 3644/3989/4875 3050/3471/4370
f 2887/3318/4228 2919/3320/4230 2904/3034/3958
f 2893/3677/4588 2933/3342/4250 2916/3341/4249
f 2916/3341/4249 2926/3340/4248 2939/2984/3907
f 2939/2984/3907 2889/2983/3906 2890/3678/4589
f 2890/3678/4589 2881/3879/4793 2893/3677/4588
f 2916/3341/4249 2939/2984/3907 2890/3678/4589
f 2827/3990/4876 2852/3991/4612 2850/3992/4445
f 2849/3978/4869 2851/3249/4165 2848/3248/4164
f 2827/3990/4876 2850/3992/4445 2849/3978/4869
f 2763/3031/3955 2792/3153/4073 2827/3990/4876
f 2694/3011/3932 2700/3016/3939 2763/3031/3955
f 2693/3663/3930 2692/3012/3933 2694/3011/3932
f 2780/2896/3821 2696/3993/3931 2693/3663/3930
f 2847/3939/4841 2797/2894/3819 2780/2896/3821
f 2854/3979/4611 2688/3994/4877 2847/3939/4841
f 2855/3250/4166 2853/3543/4446 2854/3979/4611
f 2827/3990/4876 2849/3978/4869 2848/3248/4164
f 2848/3248/4164 2855/3250/4166 2854/3979/4611
f 2854/3979/4611 2847/3939/4841 2780/2896/3821
f 2780/2896/3821 2693/3663/3930 2694/3011/3932
f 2763/3031/3955 2827/3990/4876 2848/3248/4164
f 2780/2896/3821 2694/3011/3932 2763/3031/3955
f 2848/3248/4164 2854/3979/4611 2780/2896/3821
f 3136/3645/4557 3131/3938/4839 3128/3484/4383
f 3193/2949/3874 3181/3561/4465 3187/3560/4464
f 2716/3237/4155 2727/3945/4849 2726/3051/3975
f 2552/2774/3700 2577/3995/3702 2616/3690/4603
f 2616/3690/4603 2671/3725/4637 2551/2973/3896
f 3133/3169/4088 3134/3191/4109 3534/3692/4605
f 3193/2949/3874 3304/2951/3876 3207/3675/4586
f 2563/2828/3753 2565/2827/3752 2573/2763/3689
f 2854/3698/4611 2850/3996/4445 2852/3699/4612
f 2852/3699/4612 2856/3795/4702 2867/3700/4613
f 2867/3700/4613 2688/3997/4877 2854/3698/4611
f 2537/2724/3651 2532/2715/3639 2535/3701/3638
f 3002/2717/3644 3009/2778/3704 3008/3428/4271
f 3274/3656/4565 3281/3531/4434 3280/3655/4564
f 3280/3655/4564 3276/3654/4316 3275/3704/4616
f 3042/3456/4358 3021/3441/4342 3020/3442/4343
f 3507/3705/4617 3506/3080/4005 3364/2765/3691
f 2892/3562/4467 2938/3353/4852 2925/3352/4619
f 3357/3707/4620 3355/2803/3729 3332/3971/4864
f 3354/3518/4423 3350/3703/4615 3412/3708/4621
f 3357/3707/4620 3332/3971/4864 3354/3518/4423
f 2883/3712/4624 2874/3284/4726 2901/3293/4206
f 3489/3314/4224 3491/3955/4858 3492/3368/4273
f 3478/3717/4629 3470/3784/4878 3220/3718/4630
f 3218/2907/4631 3231/3801/4713 3478/3717/4629
f 2750/3117/4041 2762/3116/4040 2754/2991/3913
f 2913/2721/3648 2858/3998/4469 2970/3305/4215
f 3279/3221/4139 3278/3223/4141 3286/3415/4318
f 2884/3724/4636 2912/3820/4729 2671/3725/4637
f 2557/2824/3750 2569/2841/4879 2568/2833/3758
f 3226/3594/4505 3227/3593/4504 3410/3728/4640
f 3410/3728/4640 3407/3513/4418 3223/3512/4417
f 3291/3198/4116 3290/2915/3840 3271/2914/4641
f 3271/2914/4641 3268/3424/4326 3278/3223/4141
f 3278/3223/4141 3284/3222/4140 3287/3434/4335
f 3278/3223/4141 3287/3434/4335 3289/3731/4646
f 3293/3433/4642 3291/3198/4116 3271/2914/4641
f 3278/3223/4141 3289/3731/4646 3293/3433/4642
f 3292/3730/4645 3293/3433/4642 3289/3731/4646
f 3325/3551/4453 3321/3079/4004 3323/2735/3661
f 2535/3701/3638 2550/3669/4578 2553/3375/4280
f 2553/3375/4280 2548/3454/4357 2544/3737/4650
f 2544/3737/4650 2542/3771/4680 2540/2726/3653
f 2540/2726/3653 2538/2725/3652 2535/3701/3638
f 2535/3701/3638 2553/3375/4280 2544/3737/4650
f 3339/3200/4118 3149/3905/4814 3150/2849/3774
f 3150/2849/3774 3334/3691/4609 3335/3631/4541
f 3335/3631/4541 3336/3630/4540 3339/3200/4118
f 3359/3709/4622 3413/3729/4644 3360/3172/4091
f 3360/3172/4091 3358/3940/4842 3357/3707/4620
f 3434/2731/3658 3430/2730/3657 3142/3741/4486
f 3369/3743/4654 3301/2761/3687 3302/3673/4655
f 3437/2727/3654 3172/3554/4457 3173/3553/4456
f 3198/3573/4479 3175/3626/4536 3197/3746/4107
f 3318/3602/4515 3326/3679/4591 3329/3689/4602
f 2632/2936/3861 2640/2948/3873 2643/3325/4235
f 2887/3318/4228 2878/3419/4321 2645/2799/3725
f 2645/2799/3725 2643/3325/4235 2646/3324/4234
f 2646/3324/4234 2676/2742/3668 2872/3296/4208
f 2872/3296/4208 2921/3310/4220 2920/3319/4229
f 2920/3319/4229 2887/3318/4228 2645/2799/3725
f 2645/2799/3725 2646/3324/4234 2872/3296/4208
f 3214/3748/4658 3201/3606/4519 3202/3749/4659
f 3098/3752/4662 3568/3261/4177 3099/3126/4049
f 3099/3126/4049 3103/3174/4093 3104/3751/4661
f 2601/2874/3799 2603/2876/3801 2611/3753/4663
f 3120/3505/4410 3067/3085/4010 3068/3757/4667
f 3068/3757/4667 3040/3861/4775 3124/3516/4421
f 3115/3504/4409 3113/3501/4404 3114/3499/4406
f 3055/2747/3673 3034/3436/4337 3014/3435/4336
f 3602/3761/4671 3603/3175/4094 3604/3762/4672
f 3604/3762/4672 3615/3871/4787 3614/2878/3803
f 2884/3724/4636 2616/3999/4603 2577/3941/3702
f 2577/3941/3702 2578/3195/4113 2656/3287/4020
f 2656/3287/4020 2885/3289/4200 2983/3764/4674
f 2983/3764/4674 2976/3257/4173 2977/2740/3666
f 2884/3724/4636 2577/3941/3702 2656/3287/4020
f 2983/3764/4674 2977/2740/3666 3010/3763/4673
f 2884/3724/4636 2656/3287/4020 2983/3764/4674
f 3017/3597/4508 3016/3598/4509 3015/3765/4338
f 3015/3765/4338 3034/3436/4337 3018/2749/3675
f 3018/2749/3675 3019/3913/4821 3025/3462/4364
f 3025/3462/4364 3047/3459/4361 3045/3461/4363
f 3045/3461/4363 3017/3597/4508 3015/3765/4338
f 3015/3765/4338 3018/2749/3675 3025/3462/4364
f 3460/3768/4677 3457/3440/4341 3454/3439/4340
f 2784/3162/4082 2766/3646/4558 2735/3046/3970
f 2735/3046/3970 2739/3056/3980 2778/3343/4251
f 3388/3773/4682 3380/3716/4628 3379/3714/4626
f 2601/3776/3799 2610/4000/4664 2597/3774/4683
f 2597/3774/4683 2596/3897/4710 2593/3775/4153
f 2593/3775/4153 2594/4001/3800 2601/3776/3799
f 3468/3779/4686 3477/2969/3892 3474/3038/3962
f 3599/2806/3732 3600/3233/4152 3601/3782/4691
f 2930/3002/3923 2937/3328/4236 2919/3327/4230
f 3428/3738/4651 3425/3740/4652 3427/3522/4427
f 3449/3628/4538 3450/3777/4684 3466/3557/4461
f 3480/3759/4669 3444/3758/4668 3449/3628/4538
f 3549/3792/4699 3547/3159/4880 3546/3329/4237
f 3546/3329/4237 3545/3847/4759 3544/3791/4698
f 3492/3368/4273 3369/3743/4654 3514/3744/4656
f 3176/3575/4481 3442/3755/4665 3459/3217/4133
f 3298/3651/4561 3375/3228/4147 3381/2790/3716
f 3381/2790/3716 3380/3716/4628 3388/3773/4682
f 3388/3773/4682 3488/3635/4545 3238/3149/4547
f 3238/3149/4547 3382/3148/4069 3298/3651/4561
f 3298/3651/4561 3381/2790/3716 3388/3773/4682
f 3227/3593/4504 3224/2820/3746 3366/3685/4598
f 3366/3685/4598 3518/3224/4142 3396/3226/4881
f 3397/3458/4360 3519/3457/4359 3513/3818/4725
f 3227/3593/4504 3366/3685/4598 3396/3226/4881
f 3397/3458/4360 3513/3818/4725 3320/3078/4882
f 3227/3593/4504 3396/3226/4881 3397/3458/4360
f 3404/3829/4735 3410/3728/4640 3227/3593/4504
f 3398/3830/4883 3404/3829/4735 3227/3593/4504
f 3397/3458/4360 3320/3078/4882 3505/3819/4728
f 3398/3830/4883 3227/3593/4504 3397/3458/4360
f 3398/3830/4883 3397/3458/4360 3505/3819/4728
f 3398/3830/4883 3505/3819/4728 3507/3705/4617
f 3408/3726/4638 3398/3830/4883 3507/3705/4617
f 3391/3723/4707 3394/2818/3744 3225/2886/3811
f 3253/2942/3867 3258/4002/4884 3393/3721/4885
f 3393/3721/4885 3391/3723/4707 3225/2886/3811
f 3253/2942/3867 3393/3721/4885 3225/2886/3811
f 3296/3661/4570 3295/3197/4115 3253/2942/3867
f 3269/3641/4552 3296/3661/4570 3253/2942/3867
f 3319/2736/3662 3314/3682/4594 3169/3555/4458
f 3468/3779/4688 3476/3780/4687 3230/3911/4822
f 3217/4003/4886 3220/3718/4887 3470/3784/4888
f 3468/3779/4688 3230/3911/4822 3217/4003/4886
f 3469/3781/4689 3468/3779/4688 3217/4003/4886
f 3469/3781/4689 3217/4003/4886 3470/3784/4888
f 3402/3230/4889 3469/3781/4689 3470/3784/4888
f 3402/3230/4889 3470/3784/4888 3222/2892/3817
f 3237/3111/4512 3272/3110/4034 3274/3656/4565
f 3275/3704/4616 3276/3654/4316 3267/3640/4551
f 3237/3111/4512 3274/3656/4565 3275/3704/4616
f 3487/3600/4513 3237/3111/4512 3275/3704/4616
f 3267/3640/4551 3269/3641/4552 3253/2942/3867
f 3487/3600/4513 3275/3704/4616 3267/3640/4551
f 3482/3794/4701 3487/3600/4513 3267/3640/4551
f 3267/3640/4551 3253/2942/3867 3225/2886/3811
f 3482/3794/4701 3267/3640/4551 3225/2886/3811
f 3481/3136/4058 3482/3794/4701 3225/2886/3811
f 3481/3136/4058 3225/2886/3811 3409/3622/4533
f 3326/3679/4591 3319/2736/3662 3169/3555/4458
f 3326/3679/4591 3169/3555/4458 3332/3971/4890
f 3329/3689/4602 3326/3679/4591 3332/3971/4890
f 3330/3688/4601 3329/3689/4602 3332/3971/4890
f 3512/3150/4071 3330/3688/4601 3332/3971/4890
f 3521/3706/4618 3512/3150/4071 3332/3971/4890
f 3521/3706/4618 3332/3971/4890 3363/3620/4531
f 3222/2892/3817 3481/3136/4058 3409/3622/4533
f 3402/3230/4889 3222/2892/3817 3409/3622/4533
f 3402/3230/4889 3409/3622/4533 3408/3726/4638
f 3399/2859/4635 3402/3230/4889 3408/3726/4638
f 3507/3705/4617 3521/3706/4618 3363/3620/4531
f 3363/3620/4531 3399/2859/4635 3408/3726/4638
f 3235/2996/3918 3481/3136/4058 3221/2893/3818
f 3221/2893/3818 3220/4004/4695 3229/3793/4700
f 3229/3793/4700 3233/3338/4246 3234/3109/4033
f 3234/3109/4033 3235/2996/3918 3221/2893/3818
f 3515/3255/4171 3503/3804/4714 3203/4005/4660
f 3202/3749/4659 3201/3606/4519 3448/3190/4108
f 3515/3255/4171 3203/4005/4660 3202/3749/4659
f 3441/3189/4066 3433/3745/4657 3515/3255/4171
f 3515/3255/4171 3202/3749/4659 3448/3190/4108
f 2952/3362/4267 2943/3361/4154 2981/2845/3770
f 2981/2845/3770 2992/3411/4314 2974/3865/4779
f 2981/2845/3770 2974/3865/4779 2959/3372/4277
f 2952/3362/4267 2981/2845/3770 2959/3372/4277
f 2905/3374/4279 2888/3563/4468 2870/3873/4790
f 2952/3362/4267 2959/3372/4277 2905/3374/4279
f 2935/3360/3671 2952/3362/4267 2905/3374/4279
f 2905/3374/4279 2870/3873/4790 2856/3795/4702
f 2856/3795/4702 2852/3699/4612 2827/3990/4876
f 2827/3990/4876 2831/3212/4146 2838/3220/4138
f 2838/3220/4138 2826/3213/4137 2822/3178/4097
f 2808/2899/3824 2800/3478/4377 2810/3087/4012
f 2838/3220/4138 2822/3178/4097 2808/2899/3824
f 2856/3795/4702 2827/3990/4876 2838/3220/4138
f 2935/3360/3671 2905/3374/4279 2856/3795/4702
f 2808/2899/3824 2810/3087/4012 2835/2746/3672
f 2835/2746/3672 2935/3360/3671 2856/3795/4702
f 2838/3220/4138 2808/2899/3824 2835/2746/3672
f 3357/3707/4620 3358/3940/4842 3356/3796/4703
f 3486/2997/4704 3236/3599/4891 3487/3600/4513
f 3487/3600/4513 3482/3794/4701 3483/2995/4705
f 3395/3797/4706 3398/3830/4883 3408/3726/4638
f 2673/3519/4424 2664/3397/4303 2668/3798/4709
f 2668/3798/4709 2683/3844/4757 2682/3265/4181
f 2598/2884/3809 2608/3975/4868 2596/3799/4710
f 2596/3799/4710 2597/3774/4683 2600/2885/3810
f 3490/3800/4712 3489/3314/4224 3493/3545/4447
f 3228/2906/4892 3232/3912/3865 3229/3793/4700
f 3229/3793/4700 3220/3787/4695 3219/3588/4498
f 3219/3588/4498 3478/3717/4629 3231/3801/4713
f 3231/3801/4713 3228/2906/4892 3229/3793/4700
f 2836/3300/4211 2825/3838/4747 2829/3802/4524
f 2619/2931/3857 2610/3754/4664 2611/3753/4663
f 3511/3502/4407 3510/3151/4072 3364/2765/3691
f 3292/3730/4645 3288/3732/4647 3287/3434/4335
f 3499/3808/4328 3515/3255/4171 3240/3315/4225
f 3240/3315/4225 3266/3930/4833 3498/3809/4717
f 2816/3182/4101 2808/2899/4893 2822/3178/4097
f 3321/3079/4004 3325/3551/4453 3520/3812/4719
f 3059/3006/3927 3642/3243/4159 3036/3245/4161
f 3036/3245/4161 3083/3860/4774 3082/3068/3994
f 3082/3068/3994 3633/3067/3993 3635/3132/4054
f 3635/3132/4054 3138/3131/4053 3074/3639/4550
f 3074/3639/4550 3075/3868/4782 3638/2779/3705
f 3078/3481/4380 3056/3638/4549 3057/3813/4720
f 3635/3132/4054 3074/3639/4550 3638/2779/3705
f 3638/2779/3705 3078/3481/4380 3057/3813/4720
f 3057/3813/4720 3049/3470/4369 3048/3469/4368
f 3048/3469/4368 3644/3989/4875 3035/3983/4871
f 3035/3983/4871 3031/3280/4194 3033/3603/4516
f 3035/3983/4871 3033/3603/4516 3028/3449/4351
f 3057/3813/4720 3048/3469/4368 3035/3983/4871
f 3082/3068/3994 3635/3132/4054 3638/2779/3705
f 3037/3453/4356 3059/3006/3927 3036/3245/4161
f 3082/3068/3994 3638/2779/3705 3057/3813/4720
f 3057/3813/4720 3035/3983/4871 3028/3449/4351
f 3027/3278/4192 3017/3597/4508 3045/3461/4363
f 3057/3813/4720 3028/3449/4351 3027/3278/4192
f 3036/3245/4161 3082/3068/3994 3057/3813/4720
f 3037/3453/4356 3036/3245/4161 3057/3813/4720
f 3027/3278/4192 3045/3461/4363 3026/3451/4354
f 3026/3451/4354 3037/3453/4356 3057/3813/4720
f 3583/3814/4721 3584/3867/4781 3589/3815/4722
f 3302/3673/4655 3303/3672/4581 3312/3082/4007
f 2917/2797/3723 2940/3365/4270 2923/3333/4241
f 2746/3089/4014 2728/3969/4802 2733/3890/4801
f 2733/3890/4801 2747/3489/4388 2758/3122/4045
f 2760/2980/3903 2736/3055/3979 2722/3057/3981
f 2760/2980/3903 2722/3057/3981 2742/2758/3684
f 2746/3089/4014 2733/3890/4801 2758/3122/4045
f 2748/3069/3995 2743/3088/4013 2755/3090/4015
f 2755/3090/4015 2746/3089/4014 2758/3122/4045
f 2760/2980/3903 2742/2758/3684 2749/3071/3996
f 2749/3071/3996 2748/3069/3995 2755/3090/4015
f 2755/3090/4015 2758/3122/4045 2760/2980/3903
f 3467/3778/4685 3450/3777/4684 3449/3628/4538
f 2883/3712/4624 2863/3922/4828 2861/3027/3951
f 3379/3714/4626 3378/3711/4711 3372/3710/4727
f 3372/3710/4727 3387/3719/4632 3385/3636/4546
f 2884/3724/4636 3010/3763/4673 3013/3113/4037
f 3013/3113/4037 2902/3670/4579 2912/3820/4729
f 2660/2965/3890 2663/2954/3879 2668/3798/4709
f 3004/3052/3976 2969/2722/3649 2995/3304/4214
f 2773/3918/4824 2771/2990/3912 2770/3123/4046
f 2770/3123/4046 2747/3489/4388 2733/3890/4801
f 2733/3890/4801 2734/3064/3991 2744/3063/3990
f 2733/3890/4801 2744/3063/3990 2753/3098/4023
f 2786/3204/4122 2773/3918/4824 2770/3123/4046
f 2770/3123/4046 2733/3890/4801 2753/3098/4023
f 2774/3133/4055 2790/3154/4074 2794/3183/4102
f 2770/3123/4046 2753/3098/4023 2774/3133/4055
f 2789/3390/4295 2786/3204/4122 2770/3123/4046
f 2794/3183/4102 2817/3194/4112 2789/3390/4295
f 2770/3123/4046 2774/3133/4055 2794/3183/4102
f 3241/3823/4731 3258/4002/4884 3253/2942/3867
f 3253/2942/3867 3256/3617/4528 3255/3612/4525
f 3255/3612/4525 3254/3614/4526 3257/3822/4500
f 3257/3822/4500 3262/3843/4755 3261/4006/4894
f 3241/3823/4731 3253/2942/3867 3255/3612/4525
f 3257/3822/4500 3261/4006/4894 3241/3823/4731
f 2670/2968/3891 2638/2967/3877 2537/2724/3651
f 2537/2724/3651 2540/2726/3653 2542/3771/4680
f 2542/3771/4680 2546/3770/4679 2862/2999/3921
f 2862/2999/3921 2675/3081/4006 2670/2968/3891
f 2670/2968/3891 2537/2724/3651 2542/3771/4680
f 2858/3564/4469 2913/4007/3648 2845/3824/4060
f 3170/2919/3844 3172/3554/4457 3438/2729/3656
f 3438/2729/3656 3347/3697/4610 3333/2785/3711
f 3316/3680/4592 3315/3681/4593 3168/2917/3842
f 3438/2729/3656 3333/2785/3711 3316/3680/4592
f 3168/2917/3842 3170/2919/3844 3438/2729/3656
f 3595/3828/4734 3624/2974/3897 3564/3826/3899
f 3564/3826/3899 3562/3662/4571 3620/3827/4733
f 3398/3830/4736 3395/3797/4706 3405/3727/4639
f 3405/3727/4639 3406/3621/4532 3404/3829/4735
f 3267/3640/4551 3276/3654/4316 3277/3425/4327
f 2987/3407/4311 2899/4008/4333 2857/3831/4332
f 2836/3300/4211 2839/3803/4523 2845/3833/4060
f 2845/3833/4060 2846/3138/4059 2844/3232/4151
f 2945/3350/4738 2906/3468/4367 2907/3713/4625
f 2907/3713/4625 2901/3293/4206 2924/3351/4258
f 3463/2807/3733 3177/2809/3735 3178/3556/4466
f 3331/3503/4408 3328/3687/4600 3330/3688/4601
f 3553/3192/4110 3554/3660/4569 3556/3659/4568
f 3556/3659/4568 3558/3591/4502 3561/3193/4111
f 2783/2830/3755 2829/3802/4524 2825/3838/4747
f 3406/3621/4532 3407/3513/4418 3410/3728/4640
f 3262/3843/4755 3174/3251/4167 3173/3553/4456
f 3367/3842/4754 3261/4006/4894 3262/3843/4755
f 2877/3291/4756 2866/3263/4895 2682/3265/4181
f 3613/3664/4573 3586/3952/4855 3583/3814/4721
f 3605/3816/4723 3610/3076/4001 3613/3664/4573
f 2570/2834/3759 2582/2706/3636 2581/3848/4760
f 2741/2756/3682 2742/2758/3684 2722/3057/3981
f 2722/3057/3981 2709/3026/3950 2704/3025/3949
f 2704/3025/3949 2705/3017/3940 2701/3849/3941
f 2701/3849/3941 2696/3993/3931 2780/2896/3821
f 2780/2896/3821 2788/2895/3820 2775/3595/4506
f 2775/3595/4506 2769/3118/4042 2764/3105/4029
f 2713/3965/4313 2740/3059/3983 2711/3450/4352
f 2775/3595/4506 2764/3105/4029 2713/3965/4313
f 2701/3849/3941 2780/2896/3821 2775/3595/4506
f 2741/2756/3682 2722/3057/3981 2704/3025/3949
f 2723/3039/3963 2741/2756/3682 2704/3025/3949
f 2701/3849/3941 2775/3595/4506 2713/3965/4313
f 2701/3849/3941 2713/3965/4313 2711/3450/4352
f 2710/3040/3964 2723/3039/3963 2704/3025/3949
f 2701/3849/3941 2711/3450/4352 2710/3040/3964
f 2691/3520/4425 2725/3058/3982 2724/3047/3971
f 2934/3346/4253 2953/3364/4269 2948/3357/4264
f 2832/3853/4765 2841/3430/4331 2819/3186/4105
f 3445/3627/4537 3447/3756/4666 3442/3755/4665
f 3442/3755/4665 3176/3575/4481 3199/3574/4480
f 3199/3574/4480 3195/3567/4472 3196/3568/4473
f 3196/3568/4473 3467/3778/4685 3445/3627/4537
f 3445/3627/4537 3442/3755/4665 3199/3574/4480
f 3531/3840/4752 3530/3841/4862 3528/3494/4392
f 3251/2880/3805 3250/3937/4838 3249/3855/4767
f 3249/3855/4767 3242/3316/4226 3259/3256/4172
f 3259/3256/4172 3260/3590/4501 3251/2880/3805
f 2583/3856/4768 2575/2842/3767 2674/2864/3789
f 3079/3485/4384 3637/3889/4800 3137/3857/4770
f 3137/3857/4770 3634/3130/4052 3636/3066/3992
f 3338/3695/4608 3341/2957/3882 3342/3858/4771
f 3127/3253/4169 3591/3946/4850 3590/3859/4773
f 3643/3244/4160 3081/3005/3926 3083/3860/4774
f 3040/3861/4775 3070/3358/4265 3125/3515/4420
f 3204/3582/4776 3212/3583/4831 3501/3806/4716
f 3199/3574/4480 3200/3577/4482 3194/3571/4520
f 2922/3373/4278 2959/3372/4277 2974/3865/4779
f 2974/3865/4779 2978/3652/4562 2973/3866/4780
f 2973/3866/4780 2938/3353/4852 2922/3373/4278
f 2681/3420/4322 2868/3572/4478 2666/2848/3773
f 2568/2833/3758 2575/2842/3767 2583/3856/4768
f 3056/3638/4549 3076/3482/4381 3639/2780/3706
f 3086/3893/4804 3089/3894/4805 3088/3491/4390
f 3088/3491/4390 3090/3490/4389 3064/3623/4534
f 3064/3623/4534 3094/2867/3792 3065/3869/4411
f 3065/3869/4411 3570/3964/3791 3091/3892/4803
f 3087/3870/4783 3086/3893/4804 3088/3491/4390
f 3065/3869/4411 3091/3892/4803 3087/3870/4783
f 3087/3870/4783 3088/3491/4390 3064/3623/4534
f 2949/3376/4281 2956/3371/4276 2958/3666/4575
f 3392/3722/4708 3393/3721/4885 3258/4002/4884
f 3258/4002/4884 3241/3823/4731 3261/4006/4894
f 3367/3842/4754 3173/3553/4456 3169/3555/4458
f 3169/3555/4458 3314/3682/4594 3504/3683/4596
f 3504/3683/4596 3320/3078/4882 3513/3818/4725
f 3516/3817/4724 3389/2819/3745 3394/2818/3744
f 3504/3683/4596 3513/3818/4725 3516/3817/4724
f 3367/3842/4754 3169/3555/4458 3504/3683/4596
f 3258/4002/4884 3261/4006/4894 3367/3842/4754
f 3516/3817/4724 3394/2818/3744 3392/3722/4708
f 3392/3722/4708 3258/4002/4884 3367/3842/4754
f 3367/3842/4754 3504/3683/4596 3516/3817/4724
f 3566/3585/4494 3555/3658/4567 3552/2852/3777
f 3567/2854/3779 3092/3954/4857 3566/3585/4494
f 3626/3874/4791 3590/3859/4773 3591/3946/4850
f 3591/3946/4850 3606/2872/3797 3607/3075/4000
f 3607/3075/4000 3612/3077/4002 3589/3815/4722
f 3607/3075/4000 3589/3815/4722 3584/3867/4781
f 3626/3874/4791 3591/3946/4850 3607/3075/4000
f 3070/3358/4265 3127/3253/4169 3629/2751/3677
f 3626/3874/4791 3607/3075/4000 3584/3867/4781
f 3070/3358/4265 3629/2751/3677 3626/3874/4791
f 3126/3514/4419 3125/3515/4420 3070/3358/4265
f 3626/3874/4791 3584/3867/4781 3069/3517/4422
f 3069/3517/4422 3126/3514/4419 3070/3358/4265
f 2690/3121/4044 2756/3127/4038 2752/2815/3741
f 2752/2815/3741 2751/2817/3743 2750/3875/4041
f 2737/3876/4312 2731/3037/3961 2738/3054/3978
f 3117/3986/4874 3115/3504/4409 3110/3500/4400
f 3110/3500/4400 3111/3953/4856 3104/3751/4661
f 3104/3751/4661 3596/2877/3802 3617/2879/3804
f 3619/3422/4324 3616/3421/4896 3618/3872/4788
f 3104/3751/4661 3617/2879/3804 3619/3422/4324
f 3117/3986/4874 3110/3500/4400 3104/3751/4661
f 3597/3586/4495 3595/3828/4734 3620/3827/4733
f 3066/3908/4815 3631/3587/4496 3597/3586/4495
f 3604/3762/4672 3102/3495/4393 3095/2865/3790
f 3095/2865/3790 3066/3908/4815 3597/3586/4495
f 3620/3827/4733 3117/3986/4874 3104/3751/4661
f 3620/3827/4733 3104/3751/4661 3619/3422/4324
f 3604/3762/4672 3095/2865/3790 3597/3586/4495
f 3618/3872/4788 3615/3871/4787 3604/3762/4672
f 3620/3827/4733 3619/3422/4324 3618/3872/4788
f 3604/3762/4672 3597/3586/4495 3620/3827/4733
f 3165/3550/4452 3144/3524/4429 3424/2925/3850
f 3424/2925/3850 3419/2923/3848 3423/3525/4430
f 3423/3525/4430 3162/3527/4186 3164/3540/4443
f 3164/3540/4443 3165/3550/4452 3424/2925/3850
f 3260/3590/4501 3435/2732/3659 3141/3742/4653
f 3640/3381/4286 3055/2747/3673 3073/3760/4670
f 3257/3589/4500 3260/3590/4501 3141/3742/4653
f 3141/3742/4653 3640/3381/4286 3073/3760/4670
f 3436/3252/4168 3174/3251/4167 3262/3878/4755
f 3141/3742/4653 3073/3760/4670 3436/3252/4168
f 3262/3878/4755 3257/3589/4500 3141/3742/4653
f 2822/3178/4097 2826/3213/4137 2831/3212/4146
f 2831/3212/4146 2827/3990/4876 2792/3153/4073
f 2792/3153/4073 2806/3030/3954 2812/3176/4095
f 2812/3176/4095 2822/3178/4097 2831/3212/4146
f 2890/3678/4589 2867/3700/4613 2870/3873/4790
f 2870/3873/4790 2888/3563/4468 2869/3276/4190
f 2869/3276/4190 2859/4009/4189 2881/3879/4793
f 2881/3879/4793 2890/3678/4589 2870/3873/4790
f 3346/3101/4026 3415/3100/4025 3351/3307/4217
f 3351/3307/4217 3352/3201/4119 3345/2988/4844
f 3145/2989/4432 3158/3528/4431 3536/3158/4078
f 3351/3307/4217 3345/2988/4844 3145/2989/4432
f 3543/3160/4080 3414/3102/4027 3346/3101/4026
f 3346/3101/4026 3351/3307/4217 3145/2989/4432
f 3145/2989/4432 3536/3158/4078 3543/3160/4080
f 2789/3390/4295 2817/3194/4112 2824/3177/4096
f 3500/3187/4106 3213/3580/4853 3204/3582/4776
f 3163/3541/4444 3162/3527/4186 3161/4010/4349
f 3161/4010/4349 3622/3210/4128 3594/3880/4897
f 3161/4010/4349 3594/3880/4897 3611/3209/4898
f 3163/3541/4444 3161/4010/4349 3611/3209/4898
f 3163/3541/4444 3611/3209/4898 3588/3944/4899
f 3143/3539/4442 3163/3541/4444 3588/3944/4899
f 3585/3196/4114 3582/2805/3731 3586/3952/4855
f 3429/3548/4450 3143/3539/4442 3588/3944/4899
f 3426/3521/4426 3429/3548/4450 3588/3944/4899
f 3588/3944/4899 3585/3196/4114 3586/3952/4855
f 3613/3664/4573 3608/3665/4574 3523/3355/4262
f 3588/3944/4899 3586/3952/4855 3613/3664/4573
f 3426/3521/4426 3588/3944/4899 3613/3664/4573
f 3613/3664/4573 3523/3355/4262 3527/3835/4742
f 3527/3835/4742 3526/3836/4741 3431/4011/4870
f 3431/4011/4870 3453/3767/4676 3458/3448/4350
f 3458/3448/4350 3417/3269/4185 3420/3733/4648
f 3458/3448/4350 3420/3733/4648 3428/4012/4651
f 3527/3835/4742 3431/4011/4870 3458/3448/4350
f 3426/3521/4426 3613/3664/4573 3527/3835/4742
f 3458/3448/4350 3428/4012/4651 3426/3521/4426
f 3543/3160/4080 3549/3792/4900 3544/3791/4698
f 3540/3884/4758 3542/2861/3786 3539/3883/4761
f 3543/3160/4080 3544/3791/4698 3540/3884/4758
f 3244/3312/4222 3243/3416/3866 3416/3306/4216
f 3415/3100/4025 3414/3102/4027 3543/3160/4080
f 3244/3312/4222 3416/3306/4216 3415/3100/4025
f 3457/3440/4341 3460/3768/4677 3244/3312/4222
f 3539/3883/4761 3456/3438/4339 3457/3440/4341
f 3415/3100/4025 3543/3160/4080 3539/3883/4761
f 3457/3440/4341 3244/3312/4222 3415/3100/4025
f 2832/3853/4765 2802/3185/4104 2798/3161/4081
f 2798/3161/4081 2803/3134/4056 2814/3934/4836
f 2814/3934/4836 2820/2770/3696 2828/3215/4131
f 2837/3227/4145 2830/3165/4085 2847/3939/4841
f 2814/3934/4836 2828/3215/4131 2837/3227/4145
f 2832/3853/4765 2798/3161/4081 2814/3934/4836
f 2525/2718/3645 2989/3207/4125 2857/3885/4332
f 2832/3853/4765 2814/3934/4836 2837/3227/4145
f 2984/3899/4807 2525/2718/3645 2857/3885/4332
f 2857/3885/4332 2832/3853/4765 2837/3227/4145
f 2837/3227/4145 2847/3939/4841 2688/3997/4877
f 2867/3700/4613 2890/3678/4589 2889/2983/3906
f 2837/3227/4145 2688/3997/4877 2867/3700/4613
f 2889/2983/3906 2984/3899/4807 2857/3885/4332
f 2857/3885/4332 2837/3227/4145 2867/3700/4613
f 3142/3579/4486 3431/3982/4870 3526/3836/4741
f 3132/3888/4799 3535/3851/4762 3547/3159/4079
f 2729/3045/3969 2734/3064/3991 2733/3890/4801
f 3600/3233/4152 3621/3882/4796 3595/3828/4734
f 3091/3892/4803 3569/3402/4308 3086/3893/4804
f 2596/3897/4710 2608/4013/4868 2615/4014/3851
f 2622/3896/3853 2614/2870/3795 2593/3235/4153
f 2596/3897/4710 2615/4014/3851 2622/3896/3853
o item_damaged
v -64.071327 92.611565 15.270231
v -64.463699 92.296051 15.703449
v -64.299194 92.606407 16.915756
v -63.920444 91.874863 14.909649
v -63.921928 91.954147 17.400490
v -63.296570 92.076027 14.334567
v -63.139099 91.878624 18.056278
v -62.169582 91.178223 13.803654
v -57.416553 88.974571 19.550989
v -45.072342 88.774834 14.199060
v -42.894760 85.945236 11.848857
v -40.805672 87.884758 18.181732
v -40.047676 87.694519 14.066885
v -41.490784 85.770782 11.897748
v -38.756020 87.015167 18.132364
v -40.441074 85.447319 20.364424
v -40.176533 85.296425 11.808535
v -44.567955 80.110916 19.986618
v -35.769066 72.712158 20.088976
v 53.840576 -3.583120 14.221825
v 60.275204 3.279462 11.023879
v 55.761719 -1.648407 20.537430
v 53.996128 -3.214717 18.370565
v 53.841476 -3.207743 13.828279
v 55.797695 -1.309325 11.480533
v 55.792397 -1.621037 11.524764
v 54.555992 -2.644858 12.824439
v 55.271923 -1.935407 11.881294
v 60.843418 4.288941 20.733608
v 53.773209 -3.830847 17.549473
v 56.647606 -0.412776 20.713688
v 53.506020 -3.906206 16.725418
v 57.394440 0.325340 20.797960
v 54.538784 -2.986112 18.946180
v 54.508324 -2.895810 13.059483
v 60.891727 3.980364 20.913591
v 60.572365 3.354492 20.983524
v 56.883240 -0.301237 20.734459
v 54.879120 -2.204214 19.766628
v 53.690140 -3.897706 14.750001
v 55.113049 -1.868177 20.122990
v 55.256416 -2.307551 19.907845
v 54.632259 -2.421055 19.457714
v 59.442482 3.467249 11.051296
v 61.893509 5.657270 19.052607
v 61.170490 5.230090 19.822542
v 60.555168 3.858869 20.956333
v 54.073723 -3.463741 18.166449
v 54.158550 -3.326053 13.705429
v 54.474297 -2.722787 19.119577
v 54.258373 -3.199209 18.563591
v 54.868572 -2.182228 12.272739
v 54.929123 -2.393611 12.388941
v 56.573086 -0.064129 11.305206
v 57.217480 0.594629 11.235364
v 57.824730 0.856825 11.196515
v 53.806671 -3.457529 17.945921
v 53.917038 -3.665991 17.819016
v 53.669949 -3.622755 17.630363
v 56.638023 -0.622783 11.340441
v 55.957550 -1.231089 20.584602
v 53.883522 -3.755988 14.387582
v 61.056664 4.547032 11.649629
v 62.539616 5.967299 17.363148
v 62.493233 5.958058 18.360437
v 59.918167 3.419561 20.974915
v 55.420181 -2.038583 20.184492
v 54.984905 -2.435150 19.658575
v 54.685867 -2.707375 19.265230
v 55.577843 -1.896310 11.691648
v 62.317471 5.775883 18.682512
v 57.816509 0.765481 20.830832
v 54.049171 -3.472684 13.936631
v 61.322563 4.557611 11.817594
v 62.457985 5.842383 13.474807
v 62.350277 6.121209 17.030157
v 62.404240 6.052542 18.116571
v 61.665443 5.170913 19.561962
v 61.290939 4.561774 20.248762
v 59.545391 3.282640 20.963116
v 56.169651 -1.160054 20.616564
v 59.490383 2.608756 11.074716
v 60.872368 4.024191 11.128085
v 56.025486 -1.810365 20.515823
v 56.855595 -0.004165 11.287799
v 59.568283 3.008585 11.061662
v 62.535297 5.974773 16.848343
v 61.917702 5.242292 19.349085
v 58.519520 1.959854 20.900238
v 55.201668 -2.236193 12.135026
v 56.171185 -1.166935 11.427180
v 57.761944 0.485718 11.218330
v 58.061653 0.885361 11.187017
v 56.878811 -0.304520 11.304651
v 57.327850 0.062935 11.259769
v 60.226231 3.254516 20.972616
v 59.450294 2.492935 20.937128
v 58.988773 2.039374 20.916105
v 58.473598 1.509399 20.881771
v 56.482491 -0.764553 20.676283
v 61.131081 4.317581 11.515056
v 62.134907 5.684479 18.867161
v 61.140232 4.250516 20.580355
v 56.720390 -0.959523 20.676571
v 62.142853 5.558145 18.966290
v 62.033333 5.407438 19.150892
v 61.690178 5.056911 19.632936
v 61.653694 4.671659 19.940525
v 58.834545 1.217774 20.881771
v 57.871704 0.329738 20.812223
v 62.606102 5.540771 18.680788
v 62.283504 5.444717 18.966290
v 61.807350 4.872517 19.700333
v 63.019920 5.201208 18.682365
v 61.277420 3.603441 20.919052
v 61.415764 3.490603 20.919052
v -4.072773 -41.706108 11.366801
v -5.769540 -38.710262 11.769183
v -2.219800 -32.864822 11.496532
v -1.298421 -32.803242 10.887364
v -9.234366 -33.328442 20.152294
v -16.495008 -40.060978 20.267414
v -0.407996 -27.820797 20.773296
v 25.274235 -0.393821 20.135912
v 24.985043 -0.078144 19.766590
v 24.736876 -0.134534 19.659685
v 24.822968 0.206346 19.456484
v 24.558544 0.422421 19.119301
v 24.135008 0.729738 18.564367
v 24.178974 0.982550 18.360023
v 23.972595 1.224468 17.946083
v 23.838919 1.390667 17.629738
v 24.808296 -0.427310 19.907272
v 24.530041 0.213382 19.266653
v 24.288260 0.411396 18.945024
v 23.915806 0.960541 18.163116
v 23.746117 1.158327 17.819275
v 23.617973 1.326526 17.545290
v 23.600380 1.602456 16.719215
v 23.469284 1.487811 15.157226
v 25.384441 -1.145741 20.527975
v 25.010859 -0.642693 20.180691
v 24.213652 1.134644 13.834736
v 25.699167 -1.347354 20.589607
v 23.668657 1.251466 14.413366
v 23.846428 1.211282 14.224659
v 23.908930 0.989975 13.936499
v 24.030836 0.853151 13.705443
v 24.789400 -0.089007 12.388858
v 25.008715 -0.072680 12.273274
v 25.168013 -0.515919 11.883371
v 25.676702 -1.157589 11.485197
v 26.741241 -2.167663 11.307551
v 27.256992 -2.931137 11.235688
v 29.624220 -5.688227 11.066838
v 29.422472 -5.751612 20.962940
v 24.887096 -0.385583 12.134196
v 25.148846 -0.827239 11.698668
v 25.741596 -1.552291 11.427588
v 26.743299 -2.456590 11.292059
v 29.271122 -6.463385 11.034380
v 31.001244 -7.731918 19.818649
v 28.354568 -4.454832 20.898411
v 26.425766 -2.211186 20.709246
v 25.385212 -1.102016 11.518354
v 26.179865 -2.117539 11.338143
v 26.444193 -2.418713 11.304700
v 26.713951 -2.932411 11.259779
v 27.040945 -3.442643 11.219359
v 27.391872 -3.578735 11.198404
v 28.179449 -4.764762 11.118690
v 28.454893 -4.866363 11.108353
v 29.149414 -5.718987 11.061936
v 30.820942 -8.189409 19.590767
v 29.481701 -6.144292 20.974985
v 28.667942 -5.499750 20.938383
v 28.316507 -4.956696 20.911703
v 27.930485 -4.385921 20.888268
v 27.303974 -3.552229 20.831285
v 26.957422 -3.050201 20.793728
v 26.218025 -2.120770 20.704624
v 27.372181 -3.816494 11.186841
v 28.429506 -5.172786 11.098142
v 28.773376 -5.562328 11.074617
v 29.874987 -7.191084 11.118079
v 30.358711 -7.487678 11.647623
v 30.315376 -7.749905 11.816028
v 31.639881 -9.069927 17.030170
v 31.542328 -9.086761 18.114580
v 31.229828 -8.756498 18.897978
v 30.872549 -8.427610 19.378548
v 30.345726 -7.699747 20.250984
v 30.147999 -7.226449 20.735064
v 29.781120 -6.845796 20.961498
v 29.258068 -6.412825 20.977058
v 30.117273 -7.512366 11.515779
v 31.296843 -9.111717 13.467772
v 31.465508 -9.173930 13.624692
v 31.458439 -9.220759 16.848345
v 31.450935 -9.224328 17.363155
v 31.446339 -9.170414 18.352722
v 31.308264 -8.968493 18.682970
v 30.360893 -8.097666 19.942745
v 30.320047 -7.725090 20.247328
v 30.048449 -7.506294 20.577608
v 29.830683 -7.205986 20.907593
v 26.866014 -3.518726 20.813044
v 31.019012 -9.202742 18.680159
v 29.281752 -6.782402 20.987375
v 15.205453 -5.300786 14.638397
v 18.812607 -14.986618 10.977788
v 17.975739 -12.766333 20.888645
v 18.546644 -13.412962 11.093861
v 18.258823 -13.443880 20.383802
v 18.903997 -14.524845 21.017599
v 17.148117 -12.797924 20.359234
v 17.110905 -12.511032 11.156767
v 18.201506 -13.429600 11.592735
v 17.499775 -13.159000 20.906656
v 18.581772 -14.855898 11.340149
v 18.532822 -14.554575 20.621290
v 18.351538 -14.475853 21.037024
v 15.695625 -12.520689 20.833769
v 18.377758 -14.250891 10.983782
v 18.424929 -16.511883 10.937298
v 16.773760 -12.799219 11.671467
v 17.085241 -13.013197 11.114395
v 18.243135 -15.924364 20.864405
v 15.921013 -13.047573 20.863331
v 15.450230 -12.768524 20.431990
v 15.684134 -12.946869 20.394499
v 8.426467 -10.817167 14.442469
v 15.363963 -12.623634 11.171443
v 18.077179 -15.734964 10.923236
v 18.159994 -16.023010 11.160211
v 17.730734 -16.162817 21.094826
v 15.237598 -13.362566 11.170116
v 15.233362 -12.985342 11.631087
v 11.414268 -15.860527 20.833239
v 15.800748 -18.096638 20.841301
v 12.215563 -21.662794 21.056955
v 12.748185 -20.483654 10.991183
v 14.670760 -18.997517 20.977087
v 8.099412 -19.086647 20.280447
v -1.556583 -18.884157 15.787739
v -5.420007 -16.419146 12.588143
v -5.785649 -12.456280 18.218964
v -5.853061 -12.499155 13.862288
v -5.517942 -12.431635 18.220135
v -5.190072 -13.707859 19.619049
v -4.460260 -15.262314 19.736908
v -5.472850 -12.395607 14.117300
v -19.113651 -23.377150 18.164154
v -5.198533 -13.677893 12.424319
v -6.056413 -16.436552 19.782623
v -5.481240 -12.947618 13.167127
v -4.868360 -16.197079 19.795309
v -5.370142 -16.429550 19.460695
v -19.157295 -23.814068 18.568521
v -18.808580 -24.832260 19.147694
v -19.240456 -23.570274 13.764713
v -5.119799 -17.077520 19.872965
v -9.450652 -17.241524 12.323869
v -18.690693 -24.673164 19.622272
v -5.872647 -16.453070 12.222394
v -3.616368 -17.076239 19.950533
v -16.253214 -24.776625 19.785685
v -18.648020 -25.045496 12.545376
v -1.752203 -18.919338 14.984632
v -17.212582 -26.874683 19.760098
v -18.659733 -24.803234 12.369214
v -5.241501 -16.077187 12.221848
v -17.163261 -26.932846 12.329279
v -5.178516 -17.067259 12.138162
v -2.898465 -18.317032 20.014530
v -2.122370 -18.774233 19.194725
v -16.629328 -26.496555 19.777170
v -16.365957 -26.668449 18.301193
v -2.641282 -18.263220 19.304972
v -16.290266 -26.646461 13.735275
v -7.577864 -21.990713 20.037571
v -1.673328 -19.026266 18.401276
v -16.180939 -25.681763 19.446362
v 5.667511 -25.962463 21.078465
v 3.671377 -22.163513 20.804970
v -6.306945 -21.257792 19.278002
v -15.183159 -26.225626 19.889376
v -16.342379 -25.110815 12.252732
v -3.663936 -16.953247 12.085553
v -4.678030 -21.115383 19.228317
v -13.128598 -26.713535 20.055655
v -2.887457 -18.343742 11.994292
v -16.025246 -26.403275 19.467758
v -0.310022 -18.016800 13.650305
v -0.674013 -19.853638 19.289299
v -16.449932 -26.424999 12.388740
v -16.221851 -25.933020 12.553329
v 6.198928 -20.537634 20.212831
v -5.900938 -21.467222 19.114292
v -8.887833 -23.308651 20.067287
v -15.201741 -26.216942 12.076206
v -1.665224 -19.050215 13.561151
v -2.802650 -21.330109 19.307709
v -5.664133 -21.396984 20.125864
v -7.106341 -22.091627 19.435286
v -2.483286 -18.278189 12.811473
v -4.498356 -21.127218 20.186670
v -0.662084 -22.315119 11.410457
v -2.632551 -21.413132 20.257603
v -8.012388 -22.950081 20.109987
v -7.707143 -22.071939 11.954384
v -6.153808 -21.091042 12.758879
v -8.326258 -23.098391 19.651257
v -1.914363 -18.981371 12.827243
v 4.083098 -22.560324 20.848373
v -14.173764 -26.667503 13.288315
v -1.860035 -21.775307 19.711916
v -13.512658 -26.473560 11.984600
v 6.767635 -25.317261 20.955334
v -6.844848 -29.622299 20.587225
v -7.053087 -21.962669 12.606812
v -8.855066 -24.118460 19.626072
v -13.077668 -27.158775 13.263610
v -6.458695 -21.766562 11.877514
v -8.998245 -25.209654 20.216373
v -8.927612 -23.571453 11.910275
v -8.329107 -23.136522 12.336347
v -4.406760 -21.129435 12.767608
v 7.694327 -19.414406 11.649442
v -0.057363 -23.339821 20.708925
v -0.701019 -22.207685 20.539944
v -8.206921 -23.192327 11.882504
v -9.138647 -25.037081 19.793880
v -0.695867 -19.776054 12.740014
v 3.795148 -22.315790 11.663123
v -8.832660 -24.032839 12.350291
v -2.862316 -21.348728 12.762559
v 3.934906 -22.374882 20.315100
v -9.481092 -26.015015 20.206675
v 3.612977 -22.207338 11.194634
v -1.045282 -22.457251 20.350285
v -12.190258 -28.132568 18.868263
v -3.484964 -21.181005 11.792533
v -11.634192 -28.196880 11.758114
v -8.675435 -27.633602 20.366135
v -11.789083 -28.115017 20.182144
v -9.157856 -25.306047 12.218658
v -8.932318 -24.991398 11.806609
v 5.254164 -21.391289 11.611414
v 4.137552 -22.501547 11.147269
v -17.313038 -31.585991 12.265466
v -42.296555 -55.249733 19.343525
v -50.259140 -62.789879 18.777218
v -53.960793 -67.627106 18.825792
v -55.205765 -67.424240 13.124913
v -57.620213 -65.333252 14.434188
v -57.805229 -66.105888 14.237767
v -53.997375 -71.088211 17.991293
v -57.497261 -65.441406 18.864456
v -54.274460 -70.875847 19.025721
v -57.660091 -66.653282 18.749956
v -57.533260 -65.425140 13.177454
v -57.766937 -66.426788 13.053673
v -57.363163 -65.248459 14.068204
v -56.524540 -67.890663 12.672293
v -57.603992 -65.976898 19.237844
v -57.493626 -65.771935 12.759912
v -48.689308 -58.387894 19.142597
v -57.327744 -66.951195 19.215698
v -53.875546 -71.087059 12.499912
v -54.897579 -69.783195 12.442321
v -53.792187 -71.044174 19.653849
v -53.976738 -65.428665 12.619494
v -52.992603 -71.041153 12.571873
v -52.767792 -70.907318 19.536676
v -53.325230 -70.790398 12.233919
v -54.894772 -68.344582 12.564272
v -55.279774 -67.170151 12.582179
v -55.404121 -67.813248 19.461351
v -52.044395 -70.127739 19.851889
v -53.599426 -64.326599 12.721923
v -53.902279 -64.607361 19.317785
v -55.282173 -67.762421 18.863199
v -54.693111 -68.229515 13.087354
v -53.540817 -64.760086 18.553392
v -54.514622 -68.200996 18.974897
v -52.642475 -69.870003 12.146119
v -53.750854 -67.781822 12.472695
v -52.621723 -68.796165 12.313484
v -53.552666 -64.733353 13.100043
v -53.573032 -65.475082 13.315289
v -54.818836 -66.825722 19.400602
v -54.596317 -68.374367 19.540384
v -53.877487 -67.542679 13.092593
v -54.608566 -66.878639 13.088354
v -54.400387 -66.930885 18.898739
v -52.921539 -69.204781 19.713602
v -53.585392 -65.400299 18.989971
v -53.833248 -67.841331 19.502567
v -52.733845 -69.227882 20.142189
v -52.028519 -69.933266 20.251186
v -51.997894 -70.304306 12.443352
v -52.787247 -69.403206 11.773500
v -53.241898 -66.375702 19.380260
v -51.914001 -69.905830 11.776518
v -54.313503 -66.800201 12.589337
v -52.995411 -66.644051 12.603223
v -54.010712 -66.996880 19.411499
v -52.299606 -66.711685 18.725227
v -52.857376 -66.340515 18.466251
v -51.487381 -66.527306 18.496845
v -52.534153 -66.571609 13.498181
v -52.314381 -67.031448 19.509266
v -51.038433 -67.058113 19.714367
v -48.528309 -67.926743 19.298885
v -51.858902 -66.708961 12.924931
v -51.297188 -67.226074 12.333344
v -50.204521 -66.392174 11.437919
v -49.281990 -64.857903 18.671864
v -50.674225 -66.361488 19.474300
v -50.235600 -65.966148 12.528881
v -49.277458 -64.066895 12.983395
v -49.295288 -63.929764 18.952900
v -50.067162 -62.891342 13.032169
v -51.196636 -62.750557 18.632008
v -49.277744 -64.714569 13.319310
v -47.795895 -67.583580 19.185606
v -49.077251 -64.909561 12.563413
v -51.227203 -62.397621 19.295296
v -48.917732 -64.880104 20.648899
v -50.707920 -62.640511 12.878312
v -48.933552 -64.903091 11.398108
v -49.009285 -64.216934 12.508787
v -51.376328 -62.879036 13.352419
v -52.538136 -61.586258 12.814785
v -48.887360 -64.789497 19.527136
v -47.301197 -67.408478 12.868446
v -51.477638 -62.538826 12.692676
v -47.112362 -66.298965 12.626742
v -47.322289 -66.434746 19.346926
v -49.666039 -62.883987 12.583547
v -49.743710 -62.765099 19.376812
v -47.979996 -64.226616 11.288226
v -50.029182 -61.671471 12.620835
v -50.039738 -60.797997 19.916870
v -50.070667 -60.779793 12.142579
v -50.174072 -60.761284 12.697469
v -45.395069 -65.556877 19.652813
v -50.151554 -60.737907 19.296865
v -48.627213 -59.544884 19.912058
v -47.947277 -59.013786 12.156849
v -43.310951 -64.582726 20.263950
v -43.220234 -64.598999 11.833563
v -47.874748 -58.769363 12.724089
v -43.053425 -64.654846 19.674076
v -48.001759 -58.887268 19.260502
v -41.678314 -65.848900 19.525661
v -42.899044 -64.506508 12.303339
v -42.680405 -60.709076 19.948700
v -48.486710 -58.236423 12.831300
v -47.337555 -59.007713 19.825413
v -42.507664 -64.739502 19.725405
v -42.095730 -64.701401 12.241856
v -48.101395 -57.904118 19.410841
v -40.389378 -65.011024 19.744545
v -46.434223 -59.173653 12.230300
v -42.724991 -62.136635 11.830125
v -47.879234 -57.782600 12.470126
v -40.790588 -65.466316 12.269567
v -42.196693 -64.537231 11.806265
v -46.153786 -58.917320 19.356716
v -42.355518 -64.027740 20.289118
v -46.943478 -58.848480 12.652231
v -41.238529 -64.346016 20.283224
v -42.410786 -63.398071 11.722189
v -45.771626 -58.658875 12.234491
v -42.559921 -62.936813 19.885757
v -43.128170 -53.476685 14.673142
v -40.840317 -64.114433 11.705767
v -44.899021 -59.063583 12.619267
v -40.717205 -64.325600 19.701302
v -39.205990 -65.127724 18.308504
v -39.071304 -65.075096 13.696841
v -42.373672 -61.902100 11.859615
v -42.530277 -61.858109 12.116923
v -40.535553 -63.910988 12.274833
v -42.265549 -62.185051 20.200018
v -42.857819 -60.045158 12.191118
v -43.433044 -59.076897 19.346846
v -43.305141 -58.996078 12.666780
v -44.117752 -58.871956 12.195549
v -43.177448 -58.793304 19.833605
v -39.746319 -63.108139 19.831093
v -43.065353 -59.608513 19.734795
v -37.559475 -63.375259 18.081003
v -37.659985 -63.544937 13.926333
v -43.142235 -58.886299 12.159355
v -38.816555 -58.123158 11.929457
v -37.077408 -59.781021 13.571607
v -42.820644 -55.489883 19.585482
v -41.877911 -52.808460 19.451370
v -38.697628 -59.765007 19.835005
v -37.138031 -60.639984 18.338264
v -41.824390 -55.831718 19.703310
v -38.816727 -58.158478 20.104134
v -37.004215 -59.657677 18.323540
v -41.924316 -54.697067 19.611883
v -37.262703 -58.472488 19.156979
v -38.391811 -58.069775 19.572803
v -38.260620 -57.929523 12.455274
v -37.565006 -57.868454 19.746685
v -37.269062 -57.485058 12.260613
v -36.553745 -58.434784 18.384007
v -36.691223 -58.686127 13.617834
v -36.229980 -57.866287 13.477911
v -36.014175 -57.736446 18.451071
v -23.656637 -37.684971 13.610412
v -20.319717 -34.941345 14.043483
v -19.681549 -34.071671 14.390571
v -14.875215 -31.837036 17.203037
v -19.216585 -34.185181 19.787573
v -19.244158 -33.791306 13.843982
v -17.253296 -31.554535 19.713816
v -17.029652 -40.326057 11.730302
v -19.040405 -34.026386 12.210741
v -14.972519 -32.393398 19.823181
v -11.954485 -30.774864 15.511109
v -11.805416 -30.904865 18.023212
v -11.652603 -30.066856 13.603754
v -9.167824 -26.712387 19.950705
v -16.734697 -32.847229 19.877886
v -9.470371 -25.721006 11.801760
v -2.002803 -21.828295 11.694334
v -9.267927 -27.377964 20.314014
v -13.812989 -32.236614 19.887196
v -1.156113 -22.265776 11.796703
v -1.106592 -21.748936 11.844907
v -11.688672 -29.455132 18.966505
v -9.115180 -26.748497 12.089936
v -15.207471 -32.381058 12.128612
v -0.183931 -23.495211 20.285051
v -8.631325 -28.135975 20.220612
v -12.185596 -31.077187 18.554922
v -8.996928 -27.644108 11.665076
v -0.456925 -23.619287 11.502378
v 0.041702 -23.921707 11.644074
v 0.435889 -25.243444 20.810900
v 0.272402 -24.962732 20.382767
v -8.802738 -27.449272 11.645938
v 0.020718 -25.962942 11.313367
v -11.333767 -29.296730 20.312817
v -16.418362 -40.859325 12.208620
v -11.766075 -30.839108 14.068261
v 6.353371 -25.563086 11.067424
v 8.045891 -28.602123 18.364128
v 6.217891 -26.475269 20.761799
v 5.483025 -26.421932 20.569712
v -12.383781 -31.605064 19.897007
v -14.047779 -32.352131 12.082925
v -12.390596 -31.672943 12.037794
v -11.571742 -32.053040 18.687141
v -11.746213 -32.234734 18.815498
v -11.705909 -31.708435 13.417617
v 8.537614 -28.242393 15.072942
v -16.107086 -41.532368 18.353909
v -11.161701 -31.253792 11.564721
v -6.838135 -30.157589 11.396973
v 0.311246 -27.087852 20.884727
v 0.148822 -26.918594 20.438583
v -11.482666 -35.890350 20.281912
v 0.457544 -25.199610 11.184034
v 0.325312 -25.579195 11.606491
v -10.925591 -33.723686 19.553877
v -11.433140 -32.571743 13.185627
v -6.716505 -29.662266 11.383470
v 8.228613 -28.478081 17.128105
v 8.011287 -29.130455 16.886477
v -0.190497 -27.931747 20.441612
v -16.632206 -40.443748 12.320805
v -16.463013 -40.873653 19.775499
v 4.123084 -27.589767 10.856405
v -11.347498 -33.452118 18.723623
v -7.290307 -29.592514 11.591681
v 6.812192 -29.097408 18.252003
v -6.119923 -30.201908 20.390587
v -16.156399 -41.577301 13.725318
v -16.000090 -40.283833 19.621042
v -1.283236 -29.324032 20.522696
v -2.984096 -30.065010 20.814764
v -6.743572 -30.228344 20.601204
v -9.630836 -32.572983 20.539515
v -10.519904 -33.248066 20.495840
v -0.060017 -27.514729 11.534121
v -10.939647 -34.646687 13.355632
v -3.108437 -30.483501 20.451443
v -0.519328 -27.941128 11.195429
v 6.817295 -29.196617 13.863261
v -1.024504 -29.432022 20.894547
v -3.133741 -30.735474 20.843451
v -8.599857 -33.262905 20.619135
v -11.004663 -34.856300 18.595121
v -9.886547 -33.581867 11.447439
v -2.812175 -30.058552 11.172200
v 0.116282 -27.567451 11.087335
v -10.329962 -34.541687 20.425098
v -11.648807 -35.888458 11.723872
v -11.657103 -34.595547 11.948973
v -4.875858 -30.321194 11.266099
v -10.874496 -35.467369 13.248741
v -5.505060 -30.365406 11.614231
v -9.459851 -34.025814 20.582212
v -10.628388 -35.074089 19.699512
v -11.447832 -35.664158 11.837419
v -9.255637 -33.195923 11.835719
v -9.181670 -32.538742 11.424372
v -0.504724 -28.763008 11.054546
v 5.262016 -33.382759 16.879591
v -10.590845 -35.369648 18.856140
v -10.617652 -35.331524 13.267580
v -10.598971 -35.163406 12.451764
v -1.831779 -32.304424 21.010204
v -10.640422 -35.541203 18.605925
v -1.017878 -29.124725 11.491764
v 6.745373 -31.029694 16.926153
v -8.373943 -34.706741 11.296801
v -4.249670 -30.545116 11.606572
v -10.318325 -34.506294 11.470469
v -10.419115 -36.105122 11.675214
v -3.162394 -30.433941 11.511305
v -2.431707 -30.398041 11.093286
v -4.080686 -30.828995 11.170483
v -8.407422 -35.769444 13.334957
v -1.170716 -32.861824 21.100466
v -2.097775 -32.780354 20.504011
v -2.498995 -32.980194 20.970554
v -1.505440 -33.238087 20.584686
v -2.057617 -33.433544 20.584278
v -7.819138 -36.005142 13.089465
v -1.800310 -33.809990 21.074095
v -2.101718 -32.466991 10.979971
v -2.679505 -35.244099 21.056520
v -1.605659 -33.382980 11.412656
v -6.796376 -36.035713 13.154379
v -3.851547 -35.153175 10.988373
v -5.861131 -36.312214 18.837654
v -5.687982 -36.872814 20.317038
v -0.804674 -35.243935 10.745336
v -5.174139 -36.455933 19.071484
v -5.617075 -36.873291 11.805880
v -2.365122 -33.416363 10.968569
v -4.242945 -35.894245 20.047121
v -1.728016 -33.684322 10.895020
v -8.340158 -40.800735 20.350597
v -5.993154 -36.247807 13.202887
v -0.272922 -35.626179 20.332636
v -0.820126 -35.225121 21.192249
v -7.742936 -41.483391 12.132912
v -7.962397 -40.991665 12.223944
v 4.045225 -35.241547 16.945511
v -5.113451 -37.715569 19.179501
v -6.907146 -40.193676 20.310774
v -6.981976 -42.067917 18.460543
v -7.625803 -40.776703 11.704544
v -5.255708 -36.585991 12.704058
v -7.217948 -42.184357 13.521518
v -4.331831 -35.932629 12.002756
v -7.545006 -40.901352 19.686993
v -6.363275 -40.075462 12.208631
v -4.897070 -36.242840 12.681663
v -5.302100 -38.399479 19.106583
v -5.909903 -38.815285 20.228857
v -6.384704 -39.947941 19.739256
v -6.941590 -41.260517 19.807070
v -5.272270 -37.802315 12.902602
v -0.809913 -35.778957 11.674831
v -5.855851 -40.280128 19.823191
v -5.273610 -38.978348 12.906974
v -5.227101 -39.825806 19.013170
v -6.190265 -40.805805 12.131272
v -5.756857 -39.797066 12.070903
v -5.236825 -40.918808 18.403196
v -5.256886 -40.702579 18.605350
v -5.241141 -40.839283 13.511580
v -5.198489 -39.806145 12.995063
v -4.821737 -41.519714 19.476923
v -4.233849 -41.795952 20.483723
v -4.633510 -41.630169 12.048247
v -0.781685 -43.015774 16.895500
v -0.792154 -43.073372 15.083005
v 0.479202 77.694908 -0.001027
v 71.189896 6.984213 -0.001002
v -70.231506 6.984213 -0.001002
v 0.479202 -63.726387 -0.000975
v 0.479202 62.640411 3.998978
v 56.135391 6.984214 3.999000
v -55.176910 6.984214 3.999000
v 0.479202 -48.671890 3.999020
v 0.479202 62.640411 -4.001023
v 56.135391 6.984210 -4.001000
v -55.176910 6.984210 -4.001000
v 0.479202 -48.671890 -4.000980
vn -0.6762 0.6287 0.3841
vn -0.4244 0.8103 -0.4041
vn -0.9856 -0.0671 -0.1554
vn -0.1626 0.0311 -0.9862
vn -0.4995 0.0350 -0.8656
vn 0.1772 -0.2719 -0.9459
vn 0.7529 -0.6471 -0.1199
vn 0.4755 -0.5352 -0.6982
vn 0.4420 -0.5531 -0.7062
vn 0.2920 -0.9259 -0.2395
vn 0.0453 -0.5059 -0.8614
vn 0.2447 -0.9434 -0.2241
vn -0.7696 -0.3791 0.5138
vn -0.3216 0.2521 0.9127
vn 0.4978 0.2673 0.8251
vn -0.4368 0.1203 0.8915
vn 0.0682 0.9077 0.4141
vn -0.7673 -0.4117 -0.4917
vn 0.3509 0.0626 0.9343
vn 0.1040 0.1221 0.9871
vn 0.1216 0.0886 0.9886
vn 0.3071 -0.1495 -0.9398
vn -0.2965 -0.2341 -0.9259
vn 0.4782 -0.2748 -0.8341
vn 0.3224 -0.3465 -0.8809
vn -0.1713 0.0274 -0.9848
vn 0.0857 0.7627 -0.6410
vn 0.4308 -0.2125 -0.8771
vn -0.4341 0.8685 0.2393
vn 0.4041 0.9002 -0.1623
vn -0.3506 0.8611 -0.3682
vn 0.5128 0.4200 0.7487
vn 0.4363 0.4659 -0.7698
vn 0.0030 -0.5746 -0.8184
vn -0.3635 -0.4153 -0.8339
vn 0.0305 -0.1224 -0.9920
vn 0.1940 -0.4893 0.8503
vn 0.2451 -0.2961 0.9232
vn 0.2954 -0.3540 0.8873
vn -0.0880 -0.1213 0.9887
vn 0.6474 -0.6833 0.3375
vn 0.2879 -0.9227 0.2564
vn -0.6187 0.2561 -0.7427
vn 0.1568 -0.1133 -0.9811
vn -0.5108 0.3757 -0.7733
vn -0.0071 0.2773 -0.9608
vn -0.0462 -0.0462 -0.9979
vn -0.0671 -0.0685 -0.9954
vn 0.5288 -0.7799 -0.3350
vn 0.4889 -0.4432 -0.7513
vn -0.0940 -0.0435 -0.9946
vn 0.3441 0.5871 -0.7327
vn -0.0694 0.1173 -0.9907
vn 0.0196 -0.3915 -0.9200
vn 0.3232 -0.8801 -0.3478
vn -0.3741 -0.8027 -0.4645
vn -0.0000 -0.2568 0.9665
vn 0.1916 -0.0000 0.9815
vn -0.0000 -0.1916 0.9815
vn -0.0000 0.2568 0.9665
vn -0.1916 -0.0000 0.9815
vn -0.0000 0.1916 0.9815
vn 0.2219 -0.4757 -0.8512
vn 0.0370 0.1013 -0.9942
vn -0.1071 -0.5363 -0.8372
vn -0.1924 -0.2136 0.9578
vn -0.2711 -0.0796 0.9592
vn 0.7232 -0.0504 -0.6888
vn -0.7438 -0.0215 -0.6681
vn 0.0535 0.7367 -0.6741
vn -0.0784 0.7470 0.6602
vn -0.4105 0.2643 0.8728
vn -0.6149 0.1087 0.7811
vn -0.3648 -0.1398 -0.9205
vn -0.1331 0.0396 -0.9903
vn -0.2066 -0.0969 -0.9736
vn -0.4523 -0.5445 0.7064
vn -0.4274 -0.5210 0.7388
vn -0.1455 -0.1743 0.9739
vn -0.3901 -0.4352 -0.8114
vn -0.2892 -0.2742 -0.9172
vn -0.5125 -0.1163 -0.8508
vn 0.9130 0.3265 -0.2448
vn 0.6520 0.7462 0.1348
vn 0.2074 0.9522 0.2245
vn 0.3169 -0.2999 0.8998
vn 0.0983 -0.1110 0.9889
vn 0.0707 0.0693 0.9951
vn -0.2743 0.7696 -0.5766
vn -0.0461 0.8143 0.5786
vn -0.0794 0.9907 0.1104
vn 0.1906 0.9273 -0.3222
vn -0.3449 0.3386 -0.8754
vn -0.2930 -0.5079 -0.8100
vn -0.4640 -0.3930 -0.7939
vn -0.0894 -0.4140 -0.9059
vn -0.1990 0.2114 0.9569
vn -0.1593 0.1445 0.9766
vn 0.3039 -0.3706 0.8777
vn 0.8962 -0.3957 0.2004
vn 0.8579 -0.4007 -0.3215
vn 0.3807 0.2537 0.8892
vn 0.4393 -0.1151 0.8909
vn -0.0090 0.0382 0.9992
vn 0.2328 0.4707 -0.8510
vn 0.2898 0.1597 -0.9437
vn -0.2177 -0.3562 -0.9087
vn -0.0620 0.2017 -0.9775
vn 0.3339 0.3331 -0.8818
vn -0.6398 0.7555 -0.1406
vn -0.5341 0.6723 -0.5126
vn -0.5875 0.7409 -0.3254
vn 0.1916 -0.0000 -0.9815
vn -0.0000 -0.2568 -0.9665
vn -0.0000 -0.1916 -0.9815
vn 0.0903 0.9607 -0.2624
vn 0.0958 0.9941 -0.0513
vn -0.2407 -0.2068 0.9483
vn -0.3271 -0.0635 0.9429
vn -0.1357 -0.1203 0.9834
vn -0.0360 -0.1976 0.9796
vn 0.0690 0.1802 0.9812
vn 0.2778 0.5871 0.7603
vn -0.0710 0.0491 -0.9963
vn 0.0244 -0.0599 -0.9979
vn -0.3880 0.0969 -0.9165
vn 0.5755 0.1307 0.8073
vn -0.0318 -0.0304 0.9990
vn -0.0255 -0.0234 0.9994
vn -0.0851 -0.0549 -0.9949
vn 0.1524 0.6742 -0.7227
vn 0.6245 0.2298 -0.7465
vn 0.2070 0.6769 -0.7063
vn 0.4530 0.5323 -0.7152
vn 0.7349 0.2022 -0.6473
vn 0.1172 0.2823 -0.9521
vn -0.5424 0.4129 -0.7317
vn -0.0142 -0.1718 -0.9850
vn 0.8564 -0.4337 0.2802
vn 0.3616 0.4602 0.8108
vn -0.1357 -0.0329 0.9902
vn -0.5057 -0.1128 0.8553
vn 0.3304 -0.6440 0.6900
vn 0.1047 -0.4061 0.9078
vn 0.0006 -0.0159 -0.9999
vn -0.2097 -0.5834 -0.7846
vn -0.0043 -0.2558 -0.9667
vn 0.1880 0.0452 0.9811
vn -0.5149 0.1570 0.8427
vn -0.3507 0.3363 0.8740
vn 0.4634 -0.5238 0.7148
vn 0.6668 -0.1864 0.7216
vn 0.3532 -0.3484 0.8682
vn -0.4595 0.5710 -0.6803
vn 0.1890 -0.1557 -0.9696
vn -0.1199 0.3907 -0.9127
vn -0.9924 0.1109 -0.0525
vn -0.9141 -0.3845 0.1291
vn -0.6871 0.1328 0.7143
vn -0.0855 0.0834 0.9928
vn 0.2841 -0.2891 0.9142
vn 0.2379 0.0860 0.9675
vn 0.6906 0.1687 0.7033
vn 0.3901 0.3841 0.8368
vn 0.0759 0.3341 0.9395
vn -0.0697 0.7284 0.6816
vn -0.0701 0.7287 0.6812
vn 0.0747 0.7011 -0.7092
vn -0.8879 0.1641 0.4298
vn -0.8053 0.5272 0.2711
vn -0.9191 0.2752 -0.2821
vn 0.0025 0.3745 0.9272
vn -0.1233 0.4102 0.9036
vn -0.1445 0.2645 0.9535
vn 0.0104 0.0674 0.9977
vn 0.3931 -0.3971 0.8293
vn -0.0228 -0.0158 0.9996
vn -0.6133 0.2415 0.7520
vn -0.0026 0.1412 0.9900
vn -0.8331 -0.5219 -0.1829
vn -0.6390 0.0038 0.7692
vn -0.0598 -0.1042 -0.9928
vn 0.1036 0.0683 -0.9923
vn 0.4252 -0.9011 -0.0853
vn 0.3453 -0.7145 -0.6085
vn -0.2129 -0.7592 0.6151
vn -0.2079 -0.6285 0.7495
vn -0.1359 -0.5684 -0.8114
vn -0.3628 -0.9261 -0.1040
vn -0.4824 0.5626 0.6714
vn 0.0891 0.7509 0.6544
vn -0.4410 0.5316 0.7231
vn -0.1528 -0.7834 -0.6025
vn -0.8804 -0.3969 -0.2596
vn -0.6789 0.0176 -0.7341
vn -0.0892 0.4459 -0.8906
vn 0.1407 -0.2193 0.9654
vn -0.0566 0.0158 0.9983
vn 0.3512 -0.4634 0.8135
vn 0.4251 -0.9047 0.0270
vn 0.0199 -0.6619 0.7493
vn 0.0786 -0.5229 0.8488
vn 0.1418 -0.2718 0.9519
vn -0.0626 0.6307 0.7735
vn -0.1760 0.4025 0.8983
vn 0.1986 -0.7469 0.6346
vn 0.3466 -0.9377 -0.0247
vn 0.3048 -0.5401 -0.7845
vn -0.6955 -0.0478 0.7169
vn -0.4789 0.8778 0.0109
vn -0.0724 -0.2196 -0.9729
vn 0.0940 -0.0625 -0.9936
vn -0.2429 0.5478 0.8006
vn 0.1399 -0.2916 0.9463
vn 0.2908 -0.0330 0.9562
vn -0.6073 -0.3894 0.6925
vn 0.0867 0.6425 -0.7614
vn 0.0981 0.8910 -0.4432
vn -0.0668 0.0463 -0.9967
vn 0.4350 -0.4319 0.7901
vn -0.2988 -0.0785 0.9511
vn -0.6289 -0.0875 0.7726
vn 0.5718 -0.0781 -0.8167
vn -0.0310 -0.1545 -0.9875
vn 0.5078 -0.2067 -0.8363
vn -0.1916 -0.0000 -0.9815
vn -0.0000 0.1916 -0.9815
vn 0.6162 0.2229 -0.7554
vn -0.1390 0.2343 -0.9622
vn -0.3677 0.3297 -0.8695
vn -0.2767 -0.4246 -0.8621
vn -0.5524 -0.8272 -0.1029
vn 0.4373 0.3086 -0.8448
vn 0.6119 0.1889 -0.7681
vn 0.3376 -0.3040 0.8908
vn 0.1316 -0.3209 0.9379
vn 0.4798 -0.3052 0.8226
vn -0.8824 -0.4595 0.1007
vn -0.9246 -0.2925 -0.2440
vn -0.9750 0.1378 -0.1743
vn 0.4532 -0.8681 -0.2027
vn 0.3068 -0.9201 0.2434
vn 0.6992 -0.0243 -0.7145
vn 0.5110 0.3316 -0.7931
vn -0.6293 0.7381 -0.2432
vn -0.5807 -0.0936 0.8087
vn -0.3685 -0.4577 0.8091
vn -0.7080 -0.4771 -0.5206
vn 0.2298 0.7100 0.6656
vn 0.0723 0.6765 0.7329
vn 0.6895 0.7219 0.0594
vn -0.4582 -0.1754 0.8714
vn -0.2409 0.0867 0.9667
vn -0.4510 -0.2303 0.8623
vn -0.1701 0.3872 0.9062
vn -0.7439 0.6542 -0.1365
vn -0.7344 0.6722 -0.0935
vn -0.7742 0.5590 0.2969
vn -0.3925 0.0320 0.9192
vn -0.6845 0.6090 0.4007
vn -0.3612 0.1050 0.9266
vn 0.3536 -0.2229 -0.9085
vn 0.1224 -0.3716 -0.9203
vn -0.6190 -0.3488 -0.7037
vn -0.7316 0.2946 -0.6148
vn -0.9618 -0.1522 -0.2276
vn -0.6906 -0.6349 -0.3463
vn -0.4600 0.5602 0.6889
vn 0.0012 0.0389 0.9992
vn -0.2111 0.6227 0.7534
vn 0.7155 -0.6977 0.0353
vn 0.4754 -0.5946 0.6484
vn 0.4622 -0.5357 0.7067
vn -0.2150 -0.7229 0.6567
vn -0.6636 -0.7349 0.1399
vn -0.3622 -0.9320 -0.0146
vn -0.4486 0.5189 -0.7277
vn -0.4969 0.5972 -0.6296
vn -0.5951 -0.4389 -0.6732
vn -0.8937 -0.2055 -0.3988
vn -0.3100 0.1829 -0.9330
vn 0.2193 -0.7788 0.5877
vn 0.5783 -0.7563 0.3059
vn 0.3612 -0.3995 0.8426
vn 0.2668 0.3416 -0.9012
vn 0.0990 0.4129 -0.9054
vn -0.5863 -0.3892 -0.7105
vn -0.9101 0.3599 -0.2053
vn -0.8174 -0.0741 -0.5713
vn -0.3332 0.4740 -0.8150
vn -0.4602 0.4203 -0.7820
vn 0.1779 0.1965 -0.9642
vn 0.4750 -0.2971 -0.8283
vn 0.0696 0.3599 -0.9304
vn 0.2018 -0.7544 0.6246
vn 0.3228 -0.8411 0.4340
vn 0.2851 -0.1261 -0.9502
vn 0.0853 0.6533 -0.7523
vn -0.0625 0.6010 -0.7968
vn -0.1097 -0.9672 0.2292
vn -0.3527 0.1980 -0.9145
vn 0.0285 -0.7604 -0.6488
vn -0.1255 -0.6802 0.7222
vn 0.0762 -0.0125 0.9970
vn -0.2263 0.3980 0.8890
vn -0.0310 0.6849 0.7280
vn -0.1762 -0.3508 -0.9197
vn -0.2337 0.6668 -0.7076
vn -0.2691 0.3175 -0.9093
vn -0.3233 0.1673 -0.9314
vn 0.3961 -0.8543 0.3366
vn 0.9334 0.3324 0.1353
vn -0.4755 -0.2554 0.8418
vn -0.3627 -0.3234 -0.8740
vn 0.1539 -0.4954 0.8549
vn 0.2465 -0.9357 0.2523
vn -0.4576 0.3073 -0.8344
vn -0.0630 0.4242 0.9034
vn 0.3111 -0.1459 0.9391
vn 0.1025 0.0956 0.9901
vn 0.2463 -0.2721 0.9302
vn 0.4462 -0.8308 0.3327
vn 0.4084 -0.4548 -0.7914
vn -0.2522 -0.9074 -0.3361
vn -0.0904 0.9345 -0.3442
vn -0.4450 0.8951 0.0287
vn -0.1783 -0.0149 0.9839
vn 0.8342 -0.3995 0.3803
vn -0.5249 0.6799 -0.5121
vn -0.6381 0.7686 -0.0448
vn -0.6797 0.7235 -0.1206
vn -0.6683 0.7417 -0.0574
vn -0.8602 -0.5010 0.0947
vn 0.1533 0.3645 0.9185
vn -0.5666 0.5343 -0.6273
vn -0.5624 0.5441 0.6226
vn -0.0624 -0.7729 -0.6314
vn -0.9533 0.2796 -0.1139
vn -0.3436 0.4090 -0.8454
vn 0.1217 -0.3897 0.9129
vn -0.2021 0.2114 -0.9563
vn -0.9708 0.2203 0.0945
vn -0.2142 0.2122 0.9535
vn 0.2151 -0.2063 0.9546
vn 0.2853 -0.5720 0.7690
vn 0.1937 0.1707 0.9661
vn 0.3825 0.1018 0.9183
vn -0.6147 -0.1994 -0.7632
vn -0.5430 -0.0086 -0.8397
vn -0.3741 0.1258 -0.9188
vn -0.4249 -0.8737 0.2371
vn -0.7730 -0.4003 0.4921
vn -0.2937 0.6763 -0.6755
vn -0.6277 -0.7708 0.1089
vn -0.5438 -0.8083 -0.2257
vn -0.5094 0.0762 0.8571
vn -0.5862 -0.1486 -0.7964
vn 0.0560 -0.3589 0.9317
vn -0.8035 0.4237 0.4182
vn -0.6804 -0.0583 0.7305
vn 0.3713 0.8508 -0.3719
vn 0.4297 -0.1673 0.8873
vn -0.2791 0.1890 0.9415
vn -0.3896 0.1439 0.9097
vn -0.9717 -0.1819 0.1506
vn -0.6992 -0.0190 -0.7146
vn -0.6216 0.3332 -0.7090
vn -0.2981 0.3365 -0.8932
vn -0.3897 0.5766 0.7181
vn -0.9437 -0.0563 0.3259
vn -0.0605 -0.4772 0.8767
vn -0.4969 -0.2124 0.8414
vn 0.1379 0.9595 0.2457
vn -0.2465 -0.9243 -0.2913
vn -0.1306 -0.4383 -0.8893
vn -0.4126 0.0004 -0.9109
vn -0.1022 -0.3945 -0.9132
vn -0.2425 0.4817 -0.8421
vn -0.2875 -0.3530 -0.8904
vn -0.1114 -0.0092 -0.9937
vn 0.0789 -0.3698 -0.9258
vn 0.4474 -0.5535 -0.7024
vn 0.4351 0.5489 -0.7137
vn 0.1638 0.3127 -0.9356
vn -0.1800 0.0525 0.9823
vn -0.2681 -0.1253 0.9552
vn 0.4154 -0.0403 -0.9087
vn -0.2260 0.1393 -0.9641
vn 0.0966 0.4817 -0.8710
vn 0.1147 0.8011 -0.5875
vn 0.4762 0.0244 -0.8790
vn 0.6512 -0.2380 -0.7206
vn 0.6004 -0.7219 -0.3441
vn 0.1010 0.0219 -0.9946
vn 0.5006 0.7897 0.3547
vn 0.4382 0.5439 0.7157
vn 0.4507 0.5574 0.6973
vn -0.1495 -0.2309 -0.9614
vn -0.0731 -0.5088 -0.8578
vn -0.5821 -0.1947 0.7895
vn -0.8999 -0.2006 0.3873
vn 0.0682 -0.1231 0.9900
vn -0.0487 0.1334 0.9899
vn -0.1225 0.1286 0.9841
vn -0.0484 0.0264 0.9985
vn -0.0591 0.7249 0.6863
vn 0.2620 -0.6425 -0.7201
vn 0.5768 -0.1289 -0.8067
vn 0.0528 -0.0760 -0.9957
vn 0.9259 -0.1940 0.3241
vn 0.9439 -0.2043 0.2593
vn 0.7132 -0.2681 0.6477
vn 0.1713 -0.0343 0.9846
vn 0.4653 -0.4290 -0.7743
vn -0.1590 -0.0843 -0.9837
vn 0.0885 -0.5871 -0.8046
vn -0.2778 -0.9281 0.2478
vn -0.2664 0.7050 0.6572
vn 0.4448 0.8893 -0.1064
vn -0.7942 0.5576 0.2415
vn 0.4296 -0.1724 -0.8864
vn 0.3229 0.2659 -0.9083
vn 0.1839 -0.1668 0.9687
vn 0.2701 -0.3588 0.8935
vn -0.2397 -0.0577 0.9691
vn -0.4216 0.3068 -0.8533
vn -0.6450 0.1956 -0.7387
vn -0.8289 -0.0028 -0.5594
vn -0.8821 0.0159 -0.4707
vn -0.4456 -0.5293 -0.7220
vn -0.5021 -0.6005 -0.6223
vn -0.9667 0.2520 -0.0443
vn -0.6339 0.7708 -0.0638
vn -0.5732 0.8044 -0.1559
vn 0.0881 -0.2676 -0.9595
vn 0.0868 -0.3362 -0.9378
vn 0.0532 -0.8858 -0.4611
vn -0.7818 0.6234 -0.0078
vn -0.9986 0.0466 -0.0241
vn 0.4094 -0.4135 -0.8133
vn 0.6315 -0.1754 -0.7553
vn -0.5984 0.1386 0.7891
vn 0.5704 -0.6772 -0.4648
vn 0.9170 0.2245 -0.3298
vn 0.3763 0.0535 -0.9250
vn 0.2588 0.1850 0.9481
vn 0.3301 0.7725 -0.5425
vn -0.4166 0.0145 -0.9090
vn 0.0126 0.2922 -0.9563
vn -0.0459 0.0867 0.9952
vn -0.1867 0.6253 0.7577
vn 0.0143 0.0564 -0.9983
vn 0.0737 -0.6110 -0.7882
vn -0.4247 0.3421 -0.8382
vn -0.4251 0.3423 -0.8379
vn -0.0806 0.3526 -0.9323
vn -0.5413 -0.1862 -0.8200
vn -0.7840 -0.5602 0.2673
vn 0.0331 -0.4130 -0.9101
vn 0.7647 -0.3893 -0.5135
vn -0.0499 0.1409 0.9888
vn 0.2502 0.8842 0.3945
vn 0.7482 -0.5798 0.3226
vn 0.8294 -0.5372 0.1533
vn 0.6839 -0.6803 -0.2634
vn 0.3787 -0.6887 0.6184
vn 0.0732 0.2659 -0.9612
vn 0.0640 0.0558 -0.9964
vn -0.6986 -0.0755 -0.7115
vn 0.3162 0.0747 0.9457
vn -0.2885 -0.4466 0.8469
vn -0.0699 -0.4472 0.8917
vn -0.5649 -0.6638 0.4901
vn 0.5387 -0.6578 0.5264
vn 0.2940 -0.5773 0.7618
vn 0.1548 -0.1273 -0.9797
vn -0.1811 0.2425 0.9531
vn 0.3096 -0.2421 -0.9195
vn -0.0630 0.0190 0.9978
vn -0.4531 -0.4548 0.7667
vn -0.1868 0.0086 0.9824
vn -0.0448 -0.0311 0.9985
vn -0.0003 0.0485 0.9988
vn 0.6172 0.7867 -0.0143
vn 0.5690 0.7147 -0.4068
vn -0.3671 -0.8185 0.4420
vn -0.0358 -0.2026 -0.9786
vn -0.0718 -0.0518 -0.9961
vn 0.0432 0.1090 -0.9931
vn 0.4337 0.4555 -0.7774
vn 0.3690 -0.1559 -0.9163
vn -0.2236 0.7999 0.5569
vn -0.7270 -0.0343 0.6858
vn -0.1452 -0.7453 -0.6507
vn 0.1100 0.3296 0.9377
vn 0.5085 0.3880 0.7687
vn -0.2358 -0.0127 0.9717
vn -0.1281 0.2512 -0.9594
vn -0.4950 0.4327 0.7535
vn 0.0666 -0.5784 0.8131
vn -0.1333 -0.1540 0.9790
vn 0.7242 0.1278 0.6776
vn 0.7547 0.6481 0.1017
vn -0.1921 0.2722 0.9429
vn -0.0429 0.1193 0.9919
vn -0.6829 0.0479 0.7289
vn -0.2485 0.7006 0.6689
vn -0.2310 -0.0642 0.9708
vn 0.6412 -0.4136 0.6464
vn 0.7731 -0.4857 0.4081
vn -0.2510 -0.0497 -0.9667
vn -0.0000 0.2568 -0.9665
vn -0.3572 0.1890 0.9147
vn -0.0345 -0.2363 -0.9711
vn 0.3644 -0.8834 0.2947
vn -0.2489 0.1553 -0.9560
vn -0.0766 0.2003 0.9767
vn -0.4887 0.4869 0.7240
vn -0.1155 0.0903 -0.9892
vn -0.0556 -0.0234 0.9982
vn -0.0413 0.0462 -0.9981
vn -0.1139 -0.0247 -0.9932
vn 0.0081 -0.0011 -1.0000
vn -0.5074 0.2049 -0.8370
vn 0.2241 0.2990 -0.9276
vn -0.5144 -0.3402 -0.7872
vn 0.4064 -0.4517 0.7943
vn 0.4556 -0.3800 0.8050
vn 0.0162 -0.1173 0.9930
vn -0.6005 0.0132 0.7995
vn 0.4283 -0.0594 0.9017
vn -0.3109 -0.2643 0.9130
vn 0.5356 -0.0984 0.8387
vn 0.3723 -0.0118 -0.9280
vn 0.2198 0.1967 0.9555
vn -0.2131 0.0975 0.9721
vn 0.6022 -0.2686 0.7518
vn 0.3771 -0.0644 -0.9239
vn -0.4883 0.4667 0.7374
vn -0.1690 0.6196 -0.7665
vn 0.0675 0.6268 -0.7762
vn -0.1846 0.3591 0.9149
vn -0.2568 -0.0000 -0.9665
vn 0.2568 -0.0000 0.9665
vn 0.2568 -0.0000 -0.9665
vn 0.3368 -0.9044 -0.2619
vn 0.2824 -0.2840 -0.9163
vn 0.4465 -0.5346 -0.7175
vn 0.3435 -0.6130 -0.7115
vn 0.5928 -0.7338 -0.3319
vn -0.5527 0.3291 -0.7656
vn -0.4616 0.4748 -0.7494
vn 0.5250 0.4132 -0.7441
vn 0.5816 0.8110 0.0630
vn -0.5181 -0.2385 -0.8214
vn 0.0394 0.0591 -0.9975
vn -0.0367 -0.0363 -0.9987
vn -0.0214 -0.0285 -0.9994
vn -0.0347 -0.0330 -0.9989
vn -0.0358 -0.0354 -0.9987
vn -0.0505 -0.0263 -0.9984
vn -0.0415 -0.0516 -0.9978
vn -0.0512 -0.0564 -0.9971
vn -0.0494 -0.0580 -0.9971
vn -0.0488 -0.0597 -0.9970
vn -0.0982 -0.0740 -0.9924
vn -0.1135 -0.0683 -0.9912
vn -0.1098 -0.1111 -0.9877
vn -0.3577 0.4336 -0.8271
vn -0.2568 -0.0000 0.9665
vn -0.5731 -0.7035 0.4202
vn -0.4702 -0.5625 0.6800
vn -0.5389 -0.6274 0.5620
vn -0.9017 -0.0605 0.4282
vn -0.4996 -0.6369 0.5871
vn -0.4956 -0.5984 0.6295
vn -0.4533 -0.5950 0.6637
vn -0.4770 -0.5643 0.6738
vn -0.5540 -0.4812 0.6793
vn -0.4436 -0.5558 0.7031
vn -0.3699 -0.4495 0.8131
vn -0.1416 -0.2196 0.9653
vn -0.4205 -0.5060 0.7531
vn -0.4317 -0.5243 0.7340
vn -0.4336 -0.5371 0.7235
vn 0.3257 -0.5056 -0.7989
vn -0.6119 -0.6961 -0.3756
vn -0.0492 0.0152 0.9987
vn -0.0194 0.0279 0.9994
vn -0.0667 -0.0026 0.9978
vn -0.0386 0.0392 0.9985
vn -0.0531 0.0478 0.9974
vn -0.0715 0.0550 0.9959
vn 0.0063 0.0812 0.9967
vn -0.2015 -0.0164 0.9793
vn -0.1736 0.0299 0.9844
vn -0.0234 0.0272 0.9994
vn -0.0235 0.0271 0.9994
vn -0.0507 0.0140 0.9986
vn -0.5461 0.0204 0.8374
vn -0.0243 0.0266 0.9993
vn 0.2618 -0.3277 0.9078
vn 0.0330 -0.1435 0.9891
vn 0.0161 -0.0357 0.9992
vn 0.2820 0.5478 0.7877
vn -0.5130 -0.0794 0.8547
vn -0.2137 0.2363 0.9479
vn 0.0096 -0.1168 0.9931
vn -0.0714 -0.0834 0.9940
vn -0.1348 -0.0428 0.9899
vn -0.1360 -0.0415 0.9898
vn -0.0707 -0.0694 0.9951
vn -0.0652 -0.0478 0.9967
vn -0.0428 -0.0476 0.9980
vn 0.2352 0.3077 0.9220
vn -0.0079 0.0364 0.9993
vn -0.0465 0.0522 0.9976
vn 0.0371 0.0764 0.9964
vn -0.0294 -0.0464 0.9985
vn -0.0354 -0.0394 0.9986
vn 0.0339 0.0590 0.9977
vn -0.0351 -0.0374 0.9987
vn -0.0314 -0.0144 0.9994
vn -0.0233 -0.0286 0.9993
vn -0.8839 0.4239 -0.1977
vn -0.1145 0.0344 -0.9928
vn -0.1624 -0.1512 -0.9751
vn 0.8072 -0.4739 0.3520
vn -0.5187 0.4909 0.7000
vn -0.4680 0.5509 0.6910
vn -0.6680 0.4262 0.6100
vn -0.5142 0.5915 0.6211
vn -0.7855 0.2780 0.5528
vn -0.5157 0.6077 0.6040
vn -0.4959 0.6115 0.6166
vn -0.4269 0.6679 0.6097
vn -0.5848 0.6934 0.4210
vn -0.3804 0.4869 0.7863
vn -0.3986 0.5534 0.7313
vn -0.4229 0.5284 0.7361
vn -0.4350 0.5172 0.7371
vn -0.4491 0.5385 0.7130
vn 0.2591 -0.2335 0.9372
vn -0.7373 0.2653 0.6213
vn -0.4510 0.8882 0.0883
vn -0.9742 -0.1402 -0.1769
vn -0.2958 -0.6010 0.7425
vn 0.1722 -0.6717 0.7205
vn 0.3705 -0.5521 0.7469
vn 0.4394 -0.5392 0.7185
vn 0.4414 -0.5390 0.7174
vn 0.4442 -0.5336 0.7197
vn 0.4411 -0.5533 0.7066
vn 0.4278 -0.5572 0.7117
vn 0.6184 -0.7240 0.3055
vn 0.5027 -0.6279 0.5941
vn -0.6441 0.3650 -0.6722
vn -0.4325 0.5008 -0.7497
vn -0.4529 0.4754 -0.7543
vn -0.3595 0.4391 -0.8234
vn -0.1715 0.2040 -0.9638
vn -0.6309 0.7751 -0.0349
vn -0.5009 0.6268 -0.5968
vn -0.4956 0.6072 -0.6210
vn -0.8476 0.1169 -0.5175
vn 0.2756 0.8010 -0.5314
vn -0.1136 -0.6427 0.7577
vn -0.4663 0.5582 0.6863
vn 0.3307 0.6403 0.6933
vn -0.6079 -0.7235 -0.3271
vn 0.0384 0.6063 0.7943
vn -0.9859 0.1515 0.0716
vn 0.4322 0.5449 -0.7185
vn 0.4313 0.5564 -0.7102
vn -0.8242 -0.1784 0.5375
vn -0.7966 -0.0160 0.6043
vn 0.3088 -0.6091 -0.7305
vn 0.4499 0.5585 0.6969
vn 0.4468 0.5433 0.7107
vn 0.4610 0.5712 0.6791
vn 0.5703 0.7135 0.4072
vn 0.4216 0.5264 0.7384
vn 0.4389 0.5470 0.7129
vn 0.4461 0.5380 0.7152
vn 0.4458 0.5371 0.7161
vn 0.4382 0.5566 0.7059
vn 0.4465 0.5388 0.7143
vn 0.4556 0.5349 0.7115
vn 0.4614 0.5654 0.6836
vn -0.3952 -0.5366 -0.7456
vn -0.6287 -0.5670 -0.5322
vn -0.5348 -0.6503 -0.5396
vn -0.4898 -0.6303 -0.6023
vn -0.5192 -0.5342 -0.6671
vn -0.4736 -0.5929 -0.6513
vn -0.4730 -0.5246 -0.7079
vn -0.6322 -0.3857 -0.6720
vn -0.3016 -0.8013 -0.5168
vn -0.1499 -0.5767 0.8031
vn 0.6451 -0.7638 0.0192
vn 0.7129 -0.7000 0.0415
vn 0.6353 -0.7723 -0.0039
vn 0.6369 -0.7709 0.0039
vn 0.6230 0.7807 0.0484
vn 0.6094 0.7926 0.0198
vn 0.5923 0.8044 -0.0451
vn -0.0876 0.1297 -0.9877
vn -0.7496 -0.5077 -0.4246
vn -0.0745 0.0769 -0.9943
vn -0.0482 0.0684 -0.9965
vn -0.0499 0.0641 -0.9967
vn -0.0333 0.0697 -0.9970
vn -0.0470 0.0566 -0.9973
vn -0.0444 0.0506 -0.9977
vn -0.0084 0.0356 -0.9993
vn 0.0078 0.0383 -0.9992
vn -0.0423 0.0212 -0.9989
vn -0.0395 0.0518 -0.9979
vn -0.3203 -0.2032 -0.9252
vn -0.0895 -0.0048 -0.9960
vn -0.0245 0.0353 -0.9991
vn -0.0481 -0.8519 0.5216
vt 0.638548 0.991490
vt 0.645894 0.993578
vt 0.643287 0.994019
vt 0.760312 0.739649
vt 0.761856 0.738903
vt 0.767421 0.752165
vt 0.862352 0.480407
vt 0.383895 0.073390
vt 0.382882 0.087719
vt 0.752894 0.855144
vt 0.772983 0.822508
vt 0.780815 0.823571
vt 0.768560 0.556295
vt 0.770187 0.559437
vt 0.766596 0.565951
vt 0.767761 0.551334
vt 0.770832 0.556129
vt 0.874139 0.858113
vt 0.876507 0.857687
vt 0.880946 0.864255
vt 0.764895 0.571523
vt 0.761298 0.568192
vt 0.898227 0.738457
vt 0.895284 0.736035
vt 0.903918 0.736899
vt 0.769281 0.712338
vt 0.749149 0.728050
vt 0.777392 0.741918
vt 0.772462 0.709705
vt 0.877267 0.388673
vt 0.917329 0.413184
vt 0.879829 0.431690
vt 0.970412 0.368599
vt 0.955736 0.376620
vt 0.953769 0.375442
vt 0.991613 0.394586
vt 0.943361 0.413049
vt 0.743858 0.729655
vt 0.748235 0.729743
vt 0.741289 0.733650
vt 0.851363 0.797440
vt 0.828138 0.517586
vt 0.826426 0.519685
vt 0.816527 0.064168
vt 0.812336 0.199144
vt 0.808164 0.065878
vt 0.739907 0.774415
vt 0.740597 0.765580
vt 0.743515 0.786004
vt 0.646192 0.581896
vt 0.388441 0.044879
vt 0.388937 0.040186
vt 0.759204 0.802873
vt 0.764604 0.753197
vt 0.941182 0.387387
vt 0.948929 0.381202
vt 0.938265 0.389389
vt 0.760152 0.809629
vt 0.762257 0.808790
vt 0.760900 0.812580
vt 0.854640 0.695230
vt 0.854170 0.695610
vt 0.854250 0.695370
vt 0.853470 0.695650
vt 0.853950 0.695260
vt 0.853860 0.695510
vt 0.867451 0.419867
vt 0.862730 0.412691
vt 0.864787 0.409561
vt 0.644355 0.666483
vt 0.735235 0.612294
vt 0.506590 0.318200
vt 0.506590 0.200740
vt 0.560590 0.259470
vt 0.741901 0.817859
vt 0.741659 0.812837
vt 0.744856 0.815619
vt 0.550623 0.962809
vt 0.548402 0.966367
vt 0.547055 0.963627
vt 0.946845 0.545101
vt 0.939308 0.543910
vt 0.946601 0.542502
vt 0.386740 0.179908
vt 0.386605 0.177591
vt 0.575329 0.493987
vt 0.388307 0.027699
vt 0.387102 0.031308
vt 0.387147 0.029225
vt 0.514771 0.978134
vt 0.533019 0.966183
vt 0.530218 0.970379
vt 0.906145 0.593189
vt 0.900727 0.606075
vt 0.905773 0.589821
vt 0.823293 0.337396
vt 0.866026 0.877893
vt 0.880085 0.882025
vt 0.664308 0.594264
vt 0.757790 0.570029
vt 0.826306 0.412850
vt 0.837254 0.382445
vt 0.834731 0.415482
vt 0.384671 0.170887
vt 0.914273 0.669931
vt 0.927297 0.621560
vt 0.526635 0.957060
vt 0.514531 0.971074
vt 0.504124 0.975832
vt 0.984896 0.376340
vt 0.991683 0.391873
vt 0.916637 0.655585
vt 0.727563 0.811110
vt 0.735209 0.806007
vt 0.731216 0.813355
vt 0.866601 0.399863
vt 0.862904 0.406042
vt 0.866323 0.396333
vt 0.366045 0.006028
vt 0.388313 0.009902
vt 0.357177 0.006033
vt 0.854710 0.693660
vt 0.855220 0.693240
vt 0.854800 0.693390
vt 0.979839 0.692947
vt 0.966891 0.406807
vt 0.923414 0.583036
vt 0.919056 0.583974
vt 0.910990 0.583079
vt 0.924978 0.587709
vt 0.912206 0.584903
vt 0.920939 0.588185
vt 0.930734 0.541549
vt 0.932884 0.540795
vt 0.938122 0.545260
vt 0.913229 0.587079
vt 0.385712 0.147677
vt 0.385830 0.138966
vt 0.951739 0.536846
vt 0.947990 0.536818
vt 0.941684 0.541676
vt 0.838159 0.359598
vt 0.826841 0.378441
vt 0.824853 0.370185
vt 0.910524 0.394346
vt 0.900194 0.391116
vt 0.901205 0.388489
vt 0.784439 0.070144
vt 0.784309 0.202991
vt 0.887254 0.733562
vt 0.879782 0.725511
vt 0.890537 0.733185
vt 0.928922 0.595520
vt 0.930954 0.593507
vt 0.913179 0.509071
vt 0.795187 0.421427
vt 0.830295 0.432305
vt 0.865483 0.803483
vt 0.886188 0.776751
vt 0.881918 0.788023
vt 0.928214 0.723923
vt 0.951251 0.712544
vt 0.922771 0.729770
vt 0.916035 0.468078
vt 0.952052 0.528412
vt 0.910563 0.460910
vt 0.562556 0.926153
vt 0.552327 0.945936
vt 0.548788 0.945480
vt 0.894106 0.629848
vt 0.899510 0.613213
vt 0.551014 0.958217
vt 0.549330 0.959911
vt 0.841999 0.302925
vt 0.537275 0.963818
vt 0.838675 0.302469
vt 0.979149 0.368216
vt 0.970920 0.369955
vt 0.951841 0.378093
vt 0.959240 0.848832
vt 0.961396 0.851079
vt 0.956446 0.869727
vt 0.884605 0.819187
vt 0.879157 0.802815
vt 0.881336 0.802405
vt 0.955746 0.732320
vt 0.956953 0.730167
vt 0.958991 0.728649
vt 0.954231 0.727704
vt 0.951683 0.844611
vt 0.954414 0.841764
vt 0.939312 0.387518
vt 0.938161 0.385634
vt 0.759475 0.773675
vt 0.763303 0.777808
vt 0.938388 0.843489
vt 0.925855 0.840764
vt 0.935944 0.884542
vt 0.926272 0.878583
vt 0.953709 0.753034
vt 0.385243 0.183695
vt 0.927279 0.699344
vt 0.385422 0.178331
vt 0.940205 0.875391
vt 0.949042 0.873281
vt 0.949837 0.874928
vt 0.860147 0.413790
vt 0.933400 0.838192
vt 0.934605 0.835436
vt 0.935655 0.841560
vt 0.932689 0.849173
vt 0.816859 0.843398
vt 0.818089 0.059898
vt 0.815072 0.838381
vt 0.930920 0.715094
vt 0.928067 0.722096
vt 0.931285 0.842266
vt 0.934396 0.872330
vt 0.938557 0.878331
vt 0.903035 0.734497
vt 0.969966 0.693442
vt 0.964605 0.692116
vt 0.943702 0.882985
vt 0.939794 0.880905
vt 0.923272 0.727748
vt 0.544166 0.958114
vt 0.530694 0.953510
vt 0.551822 0.948412
vt 0.734634 0.739135
vt 0.726150 0.740137
vt 0.730678 0.737899
vt 0.823561 0.254013
vt 0.826371 0.245176
vt 0.834794 0.238104
vt 0.806676 0.409845
vt 0.801065 0.410503
vt 0.801122 0.405609
vt 0.452610 0.259470
vt 0.561210 0.259470
vt 0.506910 0.318540
vt 0.988120 0.689246
vt 0.978393 0.684703
vt 0.991363 0.685897
vt 0.927561 0.887888
vt 0.920670 0.879305
vt 0.944198 0.396562
vt 0.945667 0.407007
vt 0.824956 0.209871
vt 0.822460 0.060787
vt 0.827900 0.212240
vt 0.854446 0.282559
vt 0.728172 0.774606
vt 0.861320 0.293318
vt 0.502335 0.959685
vt 0.510617 0.947043
vt 0.888718 0.385389
vt 0.913213 0.460184
vt 0.924942 0.482520
vt 0.886280 0.747068
vt 0.889881 0.753791
vt 0.885986 0.749236
vt 0.925216 0.704153
vt 0.930629 0.704589
vt 0.910656 0.668453
vt 0.913124 0.668009
vt 0.913437 0.689791
vt 0.921794 0.695656
vt 0.912680 0.691766
vt 0.938737 0.690668
vt 0.946288 0.702510
vt 0.557190 0.925481
vt 0.559267 0.922587
vt 0.547007 0.943076
vt 0.841966 0.279441
vt 0.837267 0.296283
vt 0.828588 0.308914
vt 0.712571 0.768794
vt 0.698718 0.774436
vt 0.711984 0.765452
vt 0.725191 0.767114
vt 0.721696 0.755295
vt 0.732284 0.774060
vt 0.794430 0.418092
vt 0.919245 0.643620
vt 0.925179 0.594613
vt 0.841165 0.500315
vt 0.380738 0.115337
vt 0.381769 0.124692
vt 0.567322 0.968026
vt 0.568074 0.964633
vt 0.574377 0.962961
vt 0.387711 0.025818
vt 0.388453 0.012956
vt 0.745739 0.825694
vt 0.740068 0.833213
vt 0.736704 0.831506
vt 0.810087 0.250287
vt 0.801073 0.239169
vt 0.809440 0.243291
vt 0.384041 0.070449
vt 0.638829 0.584124
vt 0.754699 0.816647
vt 0.734515 0.777720
vt 0.753040 0.804265
vt 0.742740 0.796225
vt 0.846746 0.426405
vt 0.845877 0.422836
vt 0.848433 0.424425
vt 0.746842 0.816418
vt 0.567042 0.977657
vt 0.570023 0.972516
vt 0.740869 0.819280
vt 0.923671 0.416262
vt 0.920688 0.407177
vt 0.742687 0.810490
vt 0.739443 0.815756
vt 0.544931 0.960880
vt 0.855687 0.243347
vt 0.863790 0.250057
vt 0.858894 0.249301
vt 0.737402 0.814188
vt 0.727663 0.742830
vt 0.718733 0.754842
vt 0.822411 0.307519
vt 0.821730 0.265782
vt 0.531614 0.958659
vt 0.543168 0.962641
vt 0.755940 0.805284
vt 0.813497 0.834925
vt 0.769588 0.870967
vt 0.805506 0.832513
vt 0.749445 0.804224
vt 0.553293 0.963392
vt 0.913723 0.737120
vt 0.909475 0.736125
vt 0.818390 0.285961
vt 0.821733 0.276659
vt 0.820175 0.301410
vt 0.795747 0.404649
vt 0.794273 0.411639
vt 0.852246 0.309876
vt 0.844642 0.299321
vt 0.735964 0.798225
vt 0.813251 0.233971
vt 0.800377 0.228893
vt 0.736404 0.790234
vt 0.889351 0.210814
vt 0.891263 0.058016
vt 0.893049 0.062929
vt 0.903678 0.852105
vt 0.914811 0.842595
vt 0.641785 0.631960
vt 0.764375 0.586950
vt 0.763959 0.590899
vt 0.721912 0.738704
vt 0.868867 0.249928
vt 0.501288 0.957744
vt 0.682636 0.778443
vt 0.678457 0.778520
vt 0.705226 0.760481
vt 0.876198 0.722537
vt 0.876432 0.707084
vt 0.920024 0.428356
vt 0.916733 0.427692
vt 0.847480 0.282324
vt 0.841105 0.294123
vt 0.813649 0.241835
vt 0.816528 0.243829
vt 0.848495 0.856563
vt 0.858602 0.852002
vt 0.904415 0.434917
vt 0.896419 0.438563
vt 0.894018 0.436581
vt 0.861828 0.277950
vt 0.858261 0.274963
vt 0.909606 0.399012
vt 0.385931 0.197497
vt 0.721532 0.769497
vt 0.840948 0.235182
vt 0.716895 0.766627
vt 0.720837 0.760529
vt 0.866606 0.275641
vt 0.866045 0.265134
vt 0.903949 0.690572
vt 0.638777 0.598803
vt 0.888349 0.694539
vt 0.886891 0.692497
vt 0.892528 0.690457
vt 0.894320 0.854208
vt 0.901117 0.845616
vt 0.753625 0.733179
vt 0.864048 0.418389
vt 0.872741 0.429220
vt 0.861797 0.255551
vt 0.817816 0.250540
vt 0.820553 0.246807
vt 0.988129 0.545563
vt 0.948825 0.693933
vt 0.772684 0.750238
vt 0.770899 0.748695
vt 0.766550 0.745182
vt 0.735743 0.733429
vt 0.948485 0.528344
vt 0.828344 0.379723
vt 0.825827 0.390393
vt 0.774570 0.743536
vt 0.890854 0.686724
vt 0.384981 0.074381
vt 0.632546 0.585106
vt 0.827919 0.240817
vt 0.844151 0.232320
vt 0.891640 0.434395
vt 0.882134 0.434719
vt 0.817882 0.379779
vt 0.824510 0.393327
vt 0.759724 0.741952
vt 0.786755 0.714623
vt 0.791182 0.742918
vt 0.776419 0.705257
vt 0.635335 0.617969
vt 0.385664 0.123574
vt 0.384193 0.118021
vt 0.953096 0.540130
vt 0.824737 0.398699
vt 0.866310 0.854616
vt 0.866524 0.850901
vt 0.893740 0.846136
vt 0.854508 0.214607
vt 0.855336 0.216856
vt 0.851378 0.215416
vt 0.854814 0.211852
vt 0.925974 0.713480
vt 0.712170 0.777854
vt 0.795246 0.397094
vt 0.807027 0.404245
vt 0.798907 0.402710
vt 0.805851 0.216638
vt 0.808039 0.210766
vt 0.816053 0.207273
vt 0.989775 0.399332
vt 0.821731 0.206148
vt 0.785868 0.709334
vt 0.785549 0.704411
vt 0.828303 0.578376
vt 0.831830 0.579622
vt 0.783325 0.814711
vt 0.808365 0.822105
vt 0.924706 0.719666
vt 0.731736 0.802397
vt 0.885815 0.862752
vt 0.934835 0.539952
vt 0.906603 0.432616
vt 0.831600 0.517415
vt 0.832812 0.523533
vt 0.847685 0.795074
vt 0.873397 0.433730
vt 0.890197 0.387887
vt 0.880656 0.386004
vt 0.389246 0.024655
vt 0.390270 0.013675
vt 0.739926 0.837938
vt 0.736552 0.839220
vt 0.775038 0.578378
vt 0.775109 0.556681
vt 0.777205 0.547431
vt 0.832230 0.583624
vt 0.727599 0.814316
vt 0.694718 0.778613
vt 0.954511 0.776426
vt 0.954877 0.529720
vt 0.955106 0.535409
vt 0.895171 0.874171
vt 0.904257 0.880795
vt 0.916494 0.397985
vt 0.941519 0.403545
vt 0.865579 0.277424
vt 0.888451 0.472411
vt 0.885639 0.383446
vt 0.900494 0.830953
vt 0.900384 0.832552
vt 0.896238 0.830599
vt 0.917148 0.422035
vt 0.915983 0.432011
vt 0.913328 0.458280
vt 0.859878 0.881070
vt 0.868303 0.871639
vt 0.875371 0.386266
vt 0.756574 0.801847
vt 0.845750 0.363832
vt 0.913791 0.889139
vt 0.775002 0.807292
vt 0.814822 0.816447
vt 0.889864 0.665068
vt 0.890931 0.660958
vt 0.781831 0.359444
vt 0.791951 0.396646
vt 0.778747 0.227395
vt 0.777451 0.238472
vt 0.884996 0.822162
vt 0.645585 0.617441
vt 0.849985 0.495278
vt 0.829139 0.478082
vt 0.860244 0.491901
vt 0.816727 0.280637
vt 0.863310 0.398874
vt 0.843243 0.384534
vt 0.852715 0.374169
vt 0.876948 0.724998
vt 0.846876 0.816275
vt 0.853009 0.806853
vt 0.856950 0.848412
vt 0.850937 0.498917
vt 0.845693 0.503349
vt 0.878559 0.458810
vt 0.881804 0.693139
vt 0.891204 0.689101
vt 0.879583 0.698043
vt 0.908166 0.389106
vt 0.867459 0.839005
vt 0.864423 0.843539
vt 0.873792 0.707848
vt 0.869642 0.834858
vt 0.873001 0.839180
vt 0.870153 0.838176
vt 0.384088 0.106421
vt 0.383000 0.087935
vt 0.860728 0.846501
vt 0.845169 0.386515
vt 0.848001 0.386494
vt 0.818678 0.373246
vt 0.820146 0.373509
vt 0.898114 0.384668
vt 0.894532 0.056406
vt 0.871372 0.033060
vt 0.827707 0.307521
vt 0.556712 0.973595
vt 0.838782 0.393775
vt 0.854879 0.849234
vt 0.837441 0.830006
vt 0.842574 0.824134
vt 0.516529 0.933851
vt 0.883461 0.789284
vt 0.882962 0.794695
vt 0.863627 0.422739
vt 0.867316 0.245784
vt 0.865691 0.800692
vt 0.868216 0.798680
vt 0.863002 0.801335
vt 0.860513 0.800630
vt 0.863230 0.798994
vt 0.864198 0.796229
vt 0.840544 0.487617
vt 0.819349 0.471875
vt 0.848872 0.428690
vt 0.854480 0.693270
vt 0.853980 0.693700
vt 0.854390 0.693540
vt 0.921398 0.691986
vt 0.851011 0.424493
vt 0.772910 0.804123
vt 0.804244 0.794635
vt 0.844166 0.426483
vt 0.844962 0.827326
vt 0.915158 0.730997
vt 0.823415 0.402745
vt 0.915418 0.734455
vt 0.385875 0.046121
vt 0.385284 0.057664
vt 0.384354 0.065736
vt 0.881219 0.436942
vt 0.820331 0.406663
vt 0.822953 0.407521
vt 0.820604 0.836159
vt 0.847514 0.353488
vt 0.820579 0.832247
vt 0.821364 0.823627
vt 0.835647 0.822619
vt 0.830987 0.823459
vt 0.819456 0.829382
vt 0.827418 0.830083
vt 0.813358 0.409077
vt 0.957245 0.720022
vt 0.966012 0.730103
vt 0.820209 0.217712
vt 0.782025 0.286543
vt 0.895811 0.386431
vt 0.855535 0.062849
vt 0.830963 0.353192
vt 0.827647 0.348139
vt 0.927638 0.594989
vt 0.854250 0.692910
vt 0.854380 0.695980
vt 0.854940 0.694030
vt 0.794249 0.443202
vt 0.384037 0.070465
vt 0.383789 0.075622
vt 0.383383 0.088938
vt 0.749257 0.852410
vt 0.892679 0.736646
vt 0.725152 0.734799
vt 0.810431 0.334848
vt 0.816357 0.403274
vt 0.812538 0.595643
vt 0.750603 0.568507
vt 0.384360 0.065730
vt 0.388302 0.063694
vt 0.386267 0.062249
vt 0.385300 0.060352
vt 0.385674 0.048764
vt 0.386671 0.047890
vt 0.386137 0.043061
vt 0.387839 0.041216
vt 0.386851 0.040122
vt 0.386703 0.037960
vt 0.387008 0.034325
vt 0.388149 0.032517
vt 0.926426 0.369738
vt 0.853730 0.694910
vt 0.452600 0.259470
vt 0.385023 0.193211
vt 0.386395 0.192382
vt 0.385312 0.191190
vt 0.386413 0.190410
vt 0.385537 0.188951
vt 0.386563 0.187700
vt 0.385683 0.186275
vt 0.385244 0.183697
vt 0.386445 0.182385
vt 0.385743 0.181302
vt 0.384934 0.174402
vt 0.384841 0.171041
vt 0.384800 0.176411
vt 0.386813 0.174778
vt 0.517139 0.979475
vt 0.864953 0.889764
vt 0.835824 0.431100
vt 0.832255 0.381376
vt 0.383818 0.145781
vt 0.385792 0.147608
vt 0.384336 0.149296
vt 0.384381 0.154543
vt 0.382720 0.156160
vt 0.384635 0.157826
vt 0.385574 0.162735
vt 0.384803 0.163914
vt 0.385337 0.168636
vt 0.384703 0.137199
vt 0.383166 0.142517
vt 0.902231 0.688791
vt 0.382652 0.136837
vt 0.382505 0.131826
vt 0.383480 0.133394
vt 0.381582 0.135283
vt 0.966226 0.738412
vt 0.892478 0.778258
vt 0.893733 0.771831
vt 0.891020 0.762174
vt 0.870782 0.845086
vt 0.312878 0.150207
vt 0.988865 0.382444
vt 0.994120 0.388532
vt 0.581716 0.678165
vt 0.383180 0.170854
vt 0.385376 0.168699
vt 0.384815 0.167754
vt 0.384861 0.165128
vt 0.385514 0.163323
vt 0.384792 0.161947
vt 0.384630 0.157827
vt 0.382517 0.131794
vt 0.382652 0.136838
vt 0.381598 0.135268
vt 0.383499 0.133371
vt 0.384230 0.149503
vt 0.850552 0.358734
vt 0.840778 0.368352
vt 0.830952 0.375776
vt 0.786071 0.195900
vt 0.811065 0.203928
vt 0.948626 0.707031
vt 0.567112 0.924366
vt 0.385743 0.181301
vt 0.385682 0.186275
vt 0.385537 0.188950
vt 0.385024 0.193202
vt 0.384841 0.174369
vt 0.386739 0.174749
vt 0.540462 0.969889
vt 0.820265 0.252918
vt 0.506910 0.200400
vt 0.862780 0.264592
vt 0.850848 0.286233
vt 0.545277 0.921340
vt 0.697327 0.776740
vt 0.853533 0.542891
vt 0.817995 0.812419
vt 0.382265 0.129125
vt 0.383780 0.130377
vt 0.382583 0.126840
vt 0.383420 0.122182
vt 0.385663 0.123574
vt 0.383104 0.116921
vt 0.382787 0.120287
vt 0.382742 0.113255
vt 0.382822 0.115360
vt 0.388334 0.023747
vt 0.389244 0.024655
vt 0.388304 0.027699
vt 0.387146 0.029219
vt 0.387110 0.031308
vt 0.987320 0.679510
vt 0.979177 0.496958
vt 0.331044 0.007376
vt 0.389116 0.011276
vt 0.390265 0.013674
vt 0.388546 0.014504
vt 0.718088 0.788085
vt 0.729827 0.779527
vt 0.934595 0.424610
vt 0.824097 0.306050
vt 0.770074 0.874465
vt 0.785490 0.548559
vt 0.675745 0.776374
vt 0.863053 0.049503
vt 0.862314 0.204038
vt 0.512812 0.944888
vt 0.872186 0.865014
vt 0.390189 0.007563
vt 0.844659 0.234526
vt 0.385942 0.197523
vt 0.987664 0.587725
vt 0.983393 0.626798
vt 0.383789 0.075621
vt 0.793339 0.733508
vt 0.780848 0.748917
vt 0.383214 0.116760
vt 0.382822 0.115359
vt 0.382739 0.113252
vt 0.383782 0.130377
vt 0.382984 0.126818
vt 0.381770 0.124692
vt 0.383526 0.121682
vt 0.382595 0.120069
vt 0.382695 0.118750
vt 0.382773 0.117404
vt 0.713001 0.778985
vt 0.981268 0.403883
vt 0.724598 0.801077
vt 0.387712 0.025817
vt 0.389121 0.011274
vt 0.388282 0.010072
vt 0.388281 0.018879
vt 0.389140 0.020699
vt 0.735718 0.834847
vt 0.837696 0.586531
vt 0.782628 0.206925
vt 0.790014 0.398427
vt 0.899753 0.879939
vt 0.813413 0.822625
vt 0.782001 0.355031
vt 0.982549 0.905524
vt 0.382604 0.108131
vt 0.383644 0.111861
vt 0.382626 0.105420
vt 0.796443 0.792463
vt 0.870452 0.371099
vt 0.880736 0.364099
vt 0.383650 0.111867
vt 0.789425 0.535623
vt 0.884598 0.784974
vt 0.388147 0.032517
vt 0.386703 0.037957
vt 0.311080 0.049298
vt 0.313243 0.057175
vt 0.310095 0.066024
vt 0.310778 0.063008
vt 0.385626 0.055175
vt 0.386502 0.056539
s 1
usemtl 材质.003
f 3647/4015/4901 3645/4016/4902 3646/4017/4903
f 4129/4018/4904 4128/4019/4905 4102/4020/4906
f 4241/4021/4907 3840/4022/4908 3841/4023/4909
f 4230/4024/4910 4301/4025/4911 4309/4026/4912
f 3649/4027/4913 3647/4028/4901 3646/4029/4903
f 3651/4030/4914 3647/4031/4901 3649/4027/4913
f 4206/4032/4915 4205/4033/4916 4187/4034/4917
f 3645/4035/4902 3648/4036/4918 3646/4029/4903
f 3983/4037/4919 4174/4038/4920 3977/4039/4921
f 4142/4040/4922 4128/4019/4905 4141/4041/4923
f 4130/4042/4924 4142/4040/4922 4154/4043/4925
f 4193/4044/4926 3987/4045/4927 4240/4046/4928
f 3891/4047/4929 3896/4048/4930 3892/4049/4931
f 3920/4050/4932 3958/4051/4933 3896/4048/4930
f 4135/4052/4934 4134/4053/4935 4124/4054/4936
f 4300/4055/4937 4201/4056/4938 3928/4057/4939
f 4224/4058/4940 4160/4059/4941 4209/4060/4942
f 4076/4061/4943 4087/4062/4944 4062/4063/4945
f 3655/4064/4946 3699/4065/4947 3698/4066/4948
f 4046/4067/4949 4097/4068/4950 4102/4020/4906
f 3916/4069/4951 3898/4070/4952 3918/4071/4953
f 4020/4072/4954 4018/4073/4955 4014/4074/4956
f 4337/4075/4957 4339/4076/4958 4341/4077/4959
f 4334/4078/4960 4340/4079/4961 4338/4080/4962
f 4247/4081/4963 4270/4082/4964 4252/4083/4965
f 3651/4030/4914 3662/4084/4966 3653/4085/4967
f 4338/4086/4962 4341/4087/4959 4339/4088/4958
f 3999/4089/4968 4038/4090/4969 4028/4091/4970
f 4030/4092/4971 4043/4093/4972 3998/4094/4973
f 3857/4095/4974 3864/4096/4975 3862/4097/4976
f 3687/4098/4977 3683/4099/4978 3663/4100/4979
f 3672/4101/4980 3670/4102/4981 3714/4103/4982
f 4035/4104/4983 4054/4105/4984 4053/4106/4985
f 3880/4107/4986 3884/4108/4987 3872/4109/4988
f 3995/4110/4989 4170/4111/4990 4164/4112/4991
f 3654/4113/4992 3650/4114/4993 3645/4035/4902
f 4310/4115/4994 4271/4116/4995 4288/4117/4996
f 3785/4118/4997 3929/4119/4998 3883/4120/4999
f 4029/4121/5000 4035/4122/4983 4034/4123/5001
f 3895/4124/5002 3923/4125/5003 3920/4050/4932
f 3942/4126/5004 3883/4120/4999 3929/4119/4998
f 4035/4127/4983 4051/4128/5005 4017/4129/5006
f 4219/4130/5007 4254/4131/5008 4227/4132/5009
f 3784/4133/5010 3789/4134/5011 3854/4135/5012
f 4343/4136/5013 4337/4137/5014 4345/4138/5015
f 3946/4139/5016 3958/4051/4933 3913/4140/5017
f 3856/4141/5018 3858/4142/5019 3859/4143/5020
f 3858/4142/5019 3856/4141/5018 3860/4144/5021
f 3865/4145/5022 3859/4143/5020 3858/4142/5019
f 3858/4142/5019 3860/4144/5021 3863/4146/5023
f 3869/4147/5024 3879/4148/5025 3855/4149/5026
f 3865/4145/5022 3858/4142/5019 3866/4150/5027
f 3866/4150/5027 3858/4142/5019 3863/4146/5023
f 3662/4084/4966 3733/4151/5028 3724/4152/5029
f 3870/4153/5030 3862/4097/4976 3871/4154/5031
f 3871/4154/5031 3862/4097/4976 3868/4155/5032
f 3868/4155/5032 3862/4097/4976 3864/4096/4975
f 4204/4156/5033 4253/4157/5034 4251/4158/5035
f 3865/4145/5022 3866/4150/5027 3872/4109/4988
f 3965/4159/5036 3976/4160/5037 3971/4161/5038
f 3879/4148/5025 3864/4096/4975 3855/4149/5026
f 4230/4162/4910 4160/4059/4941 4158/4163/5039
f 3880/4107/4986 3872/4109/4988 3866/4150/5027
f 4186/4164/5040 3964/4165/5041 3989/4166/5042
f 3874/4167/5043 3867/4168/5044 3883/4120/4999
f 3886/4169/5045 3761/4170/5046 4319/4171/5047
f 4279/4172/5048 4212/4173/5049 4242/4174/5050
f 3930/4175/5051 3919/4176/5052 3925/4177/5053
f 3993/4178/5054 3882/4179/5055 3994/4180/5056
f 4001/4181/5057 4005/4182/5058 4010/4183/5059
f 3885/4184/5060 3884/4108/4987 3887/4185/5061
f 4023/4186/5062 4030/4092/4971 4027/4187/5063
f 4053/4188/4985 4048/4189/5064 4057/4190/5065
f 3891/4047/5066 3894/4191/5067 3893/4192/5067
f 3900/4193/5068 3892/4049/4931 3896/4048/4930
f 3903/4194/5069 3897/4195/5070 3905/4196/5071
f 4229/4197/5072 4243/4198/5073 4239/4199/5074
f 3899/4200/5075 3902/4201/5076 3901/4202/5077
f 3901/4202/5078 3902/4201/5078 3906/4203/5078
f 3902/4201/5076 3899/4200/5075 3906/4203/5079
f 3903/4194/5069 3904/4204/5080 3908/4205/5081
f 3890/4206/5082 3909/4207/5083 3916/4069/4951
f 4046/4067/4949 4083/4208/5084 4081/4209/5085
f 3909/4207/5083 3890/4206/5082 3918/4071/4953
f 3908/4205/5081 3904/4204/5080 3914/4210/5086
f 3890/4206/5082 3916/4069/4951 3918/4071/4953
f 3931/4211/5087 3945/4212/5088 3960/4213/5089
f 3908/4205/5081 3891/4214/4929 3897/4195/5070
f 3779/4215/5090 3961/4216/5091 3770/4217/5092
f 3917/4218/5093 3912/4219/5094 3915/4220/5095
f 4275/4221/5096 4254/4131/5008 4270/4082/4964
f 3927/4222/5097 3911/4223/5098 3921/4224/5099
f 3921/4224/5099 3914/4210/5086 3922/4225/5100
f 4297/4226/5101 4231/4227/5102 4311/4228/5103
f 3934/4229/5104 3930/4175/5051 3943/4230/5105
f 3927/4222/5097 3921/4224/5099 3937/4231/5106
f 3924/4232/5107 3917/4218/5093 3940/4233/5108
f 4174/4038/4920 3989/4166/5042 3969/4234/5109
f 3946/4139/5016 3913/4235/5017 3889/4236/5110
f 3940/4233/5108 3932/4237/5111 3941/4238/5112
f 3941/4238/5112 3932/4237/5111 3945/4212/5088
f 3943/4230/5105 3930/4175/5051 3949/4239/5113
f 4036/4240/5114 4026/4241/5115 4013/4242/5116
f 3940/4233/5108 3941/4238/5112 3945/4212/5088
f 4110/4243/5117 4098/4244/5118 4117/4245/5119
f 4096/4246/5120 4121/4247/5121 4103/4248/5122
f 4321/4249/5123 4328/4250/5124 4324/4251/5125
f 4343/4252/5013 4344/4253/5126 4342/4254/5127
f 3924/4232/5107 3937/4231/5106 3922/4225/5100
f 3978/4255/5128 3938/4256/5129 4181/4257/5130
f 3960/4213/5089 3962/4258/5131 3967/4259/5132
f 3933/4260/5133 3900/4193/5068 3950/4261/5134
f 4153/4262/5135 3766/4263/5136 4149/4264/5137
f 4067/4265/5138 4066/4266/5139 4070/4267/5140
f 4029/4121/5000 4078/4268/5141 4069/4269/5142
f 3991/4270/5143 3971/4161/5038 3976/4160/5037
f 3979/4271/5144 3973/4272/5145 3993/4178/5054
f 4195/4273/5146 3935/4274/5147 3990/4275/5148
f 3953/4276/5149 3961/4216/5091 3947/4277/5150
f 3959/4278/5151 3982/4279/5151 3929/4119/5151
f 3974/4280/5152 3985/4281/5153 4185/4282/5154
f 3934/4229/5104 3939/4283/5155 3920/4284/4932
f 4001/4181/5057 4000/4285/5156 4008/4286/5157
f 4003/4287/5158 4001/4181/5057 4010/4183/5059
f 4074/4288/5159 4058/4289/5160 4041/4290/5161
f 4078/4291/5141 4025/4292/5162 4082/4293/5163
f 4085/4294/5164 4090/4295/5165 4077/4296/5166
f 4328/4250/5124 4310/4115/4994 4331/4297/5167
f 3888/4298/5168 3982/4279/5169 3873/4299/5170
f 4228/4300/5171 3852/4301/5172 3847/4302/5173
f 4010/4183/5059 4005/4182/5058 4013/4242/5116
f 4016/4303/5174 4004/4304/5175 4002/4305/5176
f 3801/4306/5177 3938/4256/5129 3791/4307/5178
f 4009/4308/5179 4007/4309/5180 4011/4310/5181
f 4013/4242/5116 4004/4304/5175 4016/4303/5174
f 4101/4311/5182 4126/4312/5183 4109/4313/5184
f 3727/4314/5185 3655/4064/4946 3658/4315/5186
f 4014/4074/4956 4015/4316/5187 4020/4072/4954
f 4072/4317/5188 4047/4318/5189 4061/4319/5190
f 4286/4320/5191 4294/4321/5192 3763/4322/5193
f 3999/4089/4968 4028/4091/4970 4021/4323/5194
f 4024/4324/5195 4016/4303/5174 4019/4325/5196
f 3999/4089/4968 4021/4323/5194 4022/4326/5197
f 3958/4051/4933 3981/4327/5198 3972/4328/5199
f 3867/4168/5044 3860/4144/5021 3856/4141/5200
f 4032/4329/5201 4021/4323/5194 4028/4091/4970
f 4039/4330/5202 3999/4089/4968 4022/4326/5197
f 4023/4186/5062 4027/4187/5063 4036/4240/5114
f 4032/4329/5201 4028/4091/4970 4038/4090/4969
f 4036/4240/5114 4027/4187/5063 4040/4331/5203
f 4115/4332/5204 4100/4333/5205 4105/4334/5206
f 4039/4330/5202 4022/4326/5197 4050/4335/5207
f 4095/4336/5208 4091/4337/5209 4098/4244/5210
f 4024/4338/5195 4092/4339/5211 4096/4246/5120
f 4042/4340/5212 4026/4241/5115 4048/4189/5064
f 4040/4331/5203 3998/4094/4973 4052/4341/5213
f 4020/4072/4954 4031/4342/5214 4046/4067/4949
f 4317/4343/5215 4209/4344/4942 4306/4345/5216
f 4047/4318/5189 4031/4342/5214 4033/4346/5217
f 4038/4090/4969 4039/4330/5202 4050/4335/5207
f 4036/4240/5114 4040/4331/5203 4052/4341/5213
f 4052/4341/5213 3998/4094/4973 4043/4093/4972
f 4032/4329/5201 4038/4090/4969 4050/4335/5207
f 4043/4093/4972 4037/4347/5218 4041/4290/5161
f 3944/4348/5219 3977/4039/4921 3966/4349/5220
f 4059/4350/5221 4084/4351/5222 4019/4352/5196
f 4309/4026/4912 4323/4353/5223 4327/4354/5224
f 4060/4355/5225 4053/4188/4985 4055/4356/5226
f 4061/4319/5190 4051/4128/5005 4060/4357/5225
f 4055/4356/5226 4053/4188/4985 4057/4190/5065
f 4137/4358/5227 4126/4312/5183 4139/4359/5228
f 4065/4360/5229 4061/4319/5190 4060/4357/5225
f 4122/4361/5230 4163/4362/5231 4162/4363/5232
f 3986/4364/5233 3935/4365/5147 3967/4259/5132
f 3660/4366/5234 3647/4367/4901 3651/4368/4914
f 4104/4369/5235 4012/4370/5236 4122/4361/5230
f 4075/4371/5237 4069/4269/5142 4078/4268/5141
f 4011/4372/5181 4006/4373/5238 4079/4374/5239
f 4229/4375/5072 4233/4376/5240 3964/4165/5041
f 4181/4377/5130 4180/4378/5241 3981/4327/5198
f 4069/4269/5142 4026/4241/5115 4029/4121/5000
f 4019/4325/5196 4002/4305/5176 4014/4074/4956
f 4080/4379/5242 4064/4380/5243 4058/4289/5160
f 4125/4381/5244 4149/4264/5137 4118/4382/5245
f 4077/4296/5166 4072/4317/5188 4066/4266/5139
f 4214/4383/5246 4245/4384/5247 4206/4032/4915
f 4033/4346/5217 4020/4072/4954 4032/4329/5201
f 4190/4385/5248 4215/4386/5249 4216/4387/5250
f 3997/4388/5251 4067/4265/5138 4086/4389/5252
f 4072/4317/5188 4077/4296/5166 4076/4061/4943
f 3968/4390/5253 3972/4328/5199 3987/4045/4927
f 3676/4391/5254 3649/4027/4913 3648/4036/4918
f 4085/4294/5164 4066/4266/5139 4068/4392/5255
f 4138/4393/5256 4115/4332/5204 4105/4334/5206
f 4078/4291/5141 4082/4293/5163 4075/4394/5237
f 4075/4394/5237 4082/4293/5163 4088/4395/5257
f 4085/4294/5164 4075/4394/5237 4088/4395/5257
f 4012/4370/5236 4073/4396/5258 4093/4397/5259
f 4192/4398/5260 3974/4280/5152 4185/4282/5154
f 4093/4397/5259 4073/4396/5258 4086/4389/5252
f 3650/4114/4993 3657/4399/5261 3658/4315/5186
f 3767/4400/5262 4222/4401/5263 4213/4402/5264
f 4182/4403/5265 3990/4404/5148 3986/4364/5233
f 4132/4405/5266 4141/4041/4923 4128/4019/4905
f 4275/4221/5096 4273/4406/5267 4267/4407/5268
f 4105/4334/5206 4100/4333/5205 4094/4408/5269
f 4121/4247/5270 4106/4409/5271 4116/4410/5272
f 4066/4266/5139 3997/4388/5251 4068/4392/5255
f 3784/4411/5010 3889/4236/5110 3926/4412/5273
f 4107/4413/5274 4102/4020/5274 4114/4414/5274
f 4114/4414/5275 4102/4020/4906 4119/4415/5276
f 4120/4416/5277 4098/4244/5210 4104/4369/5235
f 4116/4410/5272 4106/4409/5271 4118/4382/5245
f 3881/4417/5278 3870/4153/5030 3871/4154/5031
f 4253/4157/5034 4263/4418/5279 4276/4419/5280
f 4107/4413/5281 4114/4414/5275 4123/4420/5282
f 4192/4398/5260 4213/4402/5264 4212/4421/5049
f 3707/4422/5283 3727/4314/5185 3661/4423/5284
f 4131/4424/5285 4136/4425/5286 4103/4248/5122
f 4118/4382/5245 4106/4409/5271 4125/4381/5244
f 4194/4426/5287 4237/4427/5288 4240/4046/4928
f 4130/4042/4924 4107/4413/5281 4123/4420/5282
f 4272/4428/5289 4253/4157/5034 4282/4429/5290
f 4129/4018/4904 4111/4430/5291 4132/4405/5266
f 4143/4431/5292 4127/4432/5293 4156/4433/5294
f 3659/4434/5295 3690/4435/5296 3689/4436/5297
f 3861/4437/5298 3862/4097/4976 3870/4153/5030
f 3860/4144/5021 3873/4299/5170 3863/4146/5023
f 4287/4438/5299 4263/4418/5279 4310/4115/4994
f 3987/4045/4927 3981/4327/5198 4180/4378/5241
f 4132/4405/5266 4134/4053/4935 4141/4041/4923
f 4226/4439/5300 4217/4440/5301 4195/4441/5146
f 4309/4026/4912 4209/4344/4942 4230/4024/4910
f 4120/4416/5277 4124/4054/4936 4117/4245/5119
f 3996/4442/5302 4144/4443/5303 4148/4444/5304
f 4144/4443/5303 3996/4442/5302 4151/4445/5305
f 4151/4445/5305 3996/4442/5302 4148/4444/5304
f 3947/4277/5150 3951/4446/5306 3953/4276/5149
f 4068/4392/5255 4069/4447/5142 4075/4394/5237
f 4307/4448/5307 3762/4449/5308 4312/4450/5309
f 3927/4222/5097 3931/4211/5087 3911/4223/5098
f 4147/4451/5310 4150/4452/5311 4152/4453/5312
f 3926/4454/5273 3920/4284/4932 3939/4283/5155
f 4155/4455/5313 4137/4358/5227 4152/4453/5312
f 4093/4397/5259 4094/4408/5269 4100/4333/5205
f 4158/4456/5039 4143/4431/5292 4159/4457/5314
f 4154/4043/4925 4168/4458/5315 4223/4459/5316
f 4306/4345/5216 4327/4460/5224 4325/4461/5317
f 3964/4165/5041 3953/4276/5149 3948/4462/5318
f 4056/4463/5319 4060/4357/5225 4051/4128/5005
f 4172/4464/5320 4195/4441/5146 4182/4403/5265
f 3864/4096/4975 3878/4465/5321 3868/4155/5032
f 4190/4385/5248 4194/4426/5287 4189/4466/5322
f 4200/4467/5323 3963/4468/5324 4299/4469/5325
f 4237/4427/5288 4260/4470/5326 4267/4407/5268
f 3992/4471/5327 4183/4472/5328 3991/4270/5329
f 3696/4473/5330 3668/4474/5331 3650/4114/4993
f 4011/4310/5332 4001/4475/5057 4008/4476/5157
f 4161/4477/5333 4162/4478/5232 4166/4479/5334
f 4196/4480/5335 4159/4457/5314 4156/4433/5294
f 4034/4481/5001 4017/4482/5006 4025/4292/5162
f 4185/4282/5154 3767/4400/5262 4213/4402/5264
f 3892/4483/4931 3897/4195/5070 3891/4047/4929
f 3870/4153/5030 3877/4484/5336 3861/4485/5337
f 4171/4486/5338 4172/4464/5320 4173/4487/5339
f 3956/4488/5340 3936/4489/5341 3950/4261/5134
f 3997/4388/5251 4073/4396/5258 4069/4490/5142
f 3977/4039/4921 4174/4038/4920 3969/4234/5342
f 3878/4465/5321 3886/4169/5045 4198/4491/5343
f 4183/4472/5344 4176/4492/5345 3991/4270/5143
f 4015/4316/5187 4002/4305/5176 4013/4242/5116
f 4158/4163/5039 4150/4452/5311 4139/4359/5228
f 4174/4493/4920 4178/4494/5346 4186/4495/5040
f 4177/4496/5347 4180/4378/5241 4190/4385/5248
f 4190/4385/5248 4180/4378/5241 3952/4497/5348
f 3984/4498/5349 3979/4271/5144 3994/4180/5056
f 4170/4111/4990 4175/4499/5350 4179/4500/5351
f 4176/4492/5345 4183/4472/5344 4188/4501/5352
f 4177/4496/5347 4190/4385/5248 4189/4466/5322
f 3963/4468/5324 3928/4057/4939 4201/4056/4938
f 4196/4480/5335 4154/4043/4925 4223/4459/5316
f 4049/4502/5353 4031/4342/5214 4047/4318/5189
f 4183/4472/5354 4193/4044/5354 4188/4501/5355
f 4205/4033/4916 4172/4464/5320 4187/4034/4917
f 4207/4503/5356 4173/4487/5339 3988/4504/5357
f 4331/4505/5167 4329/4506/5358 4325/4461/5317
f 3887/4185/5061 3928/4507/4939 3963/4508/5324
f 4223/4509/5316 4307/4448/5307 4302/4510/5359
f 4140/4511/5360 4126/4312/5183 4127/4512/5293
f 4186/4495/5040 4178/4494/5346 4234/4513/5361
f 3898/4070/4952 3915/4220/5095 3892/4049/4931
f 3645/4016/4902 3656/4514/5362 3657/4399/5261
f 4221/4515/5363 4261/4516/5364 4208/4517/5365
f 4188/4501/5352 4193/4044/4926 4227/4132/5009
f 4071/4518/5366 4109/4313/5184 4084/4351/5222
f 4211/4519/5367 4188/4501/5352 4227/4132/5009
f 4227/4132/5009 4193/4044/4926 4219/4130/5007
f 4040/4331/5203 4030/4092/4971 3998/4094/4973
f 4111/4430/5291 4102/4020/4906 4097/4068/4950
f 4246/4520/5368 4271/4116/4995 4210/4521/5369
f 4229/4375/5370 3964/4165/5370 4234/4522/5370
f 4295/4523/5371 4285/4524/5372 4262/4525/5373
f 4220/4526/5374 4199/4527/5375 4228/4300/5171
f 4080/4379/5242 4055/4356/5226 4057/4190/5065
f 4319/4171/5047 4225/4528/5376 4198/4491/5343
f 4242/4529/5050 4212/4530/5049 4222/4401/5263
f 3767/4400/5262 4233/4376/5240 4232/4531/5377
f 3915/4220/5095 3936/4489/5341 3955/4532/5378
f 4074/4288/5159 4103/4248/5122 4105/4334/5206
f 4255/4533/5379 4249/4534/5380 4285/4524/5372
f 4239/4535/5074 4232/4531/5377 4233/4376/5240
f 3984/4498/5349 3882/4179/5055 3979/4271/5144
f 4244/4536/5381 4235/4537/5382 3765/4538/5383
f 3765/4538/5383 4235/4537/5382 4255/4533/5379
f 3659/4434/5295 3720/4539/5384 3719/4540/5385
f 4227/4132/5009 4254/4131/5008 4211/4519/5367
f 4256/4541/5386 4217/4440/5301 4262/4525/5373
f 4258/4542/5387 4246/4520/5368 4259/4543/5388
f 3979/4271/5144 3882/4179/5055 3973/4272/5145
f 4250/4544/5389 4251/4158/5035 4257/4545/5390
f 4240/4046/4928 4237/4427/5288 4267/4407/5268
f 3765/4538/5383 4255/4533/5379 4244/4536/5381
f 3956/4488/5340 3971/4161/5038 3970/4546/5391
f 4166/4547/5334 4163/4362/5231 4167/4548/5392
f 4024/4324/5195 4044/4549/5393 4041/4550/5161
f 4247/4081/4963 4240/4046/4928 4267/4407/5268
f 4258/4542/5387 4259/4543/5388 4269/4551/5394
f 4270/4082/4964 4254/4131/5008 4252/4083/4965
f 4266/4552/5395 4290/4553/5396 4292/4554/5397
f 4010/4183/5059 4012/4555/5236 4003/4287/5158
f 4242/4174/5050 4232/4556/5377 4239/4557/5074
f 3943/4230/5105 3948/4462/5318 3951/4446/5306
f 4246/4520/5368 4258/4542/5387 4269/4551/5394
f 4274/4558/5398 4267/4407/5268 4260/4470/5326
f 3874/4167/5043 3942/4126/5004 3888/4298/5168
f 4250/4544/5389 4257/4545/5390 4272/4428/5289
f 4273/4406/5267 4247/4081/4963 4267/4407/5268
f 4100/4333/5205 4151/4445/5305 4108/4559/5399
f 4025/4292/5162 4017/4129/5006 4022/4326/5197
f 4278/4560/5400 4265/4561/5401 4279/4172/5048
f 4281/4562/5402 4278/4560/5402 4279/4172/5402
f 4281/4562/5403 4279/4172/5048 4283/4563/5404
f 4278/4560/5400 4281/4562/5405 4280/4564/5406
f 4280/4564/5407 4281/4562/5407 4283/4563/5407
f 4277/4565/5408 4280/4564/5406 4283/4563/5404
f 4261/4516/5364 4268/4566/5409 4303/4567/5410
f 3763/4322/5193 3764/4568/5411 4286/4320/5191
f 4344/4569/5126 4334/4570/5412 4342/4571/5127
f 3985/4281/5153 3975/4572/5413 3961/4216/5091
f 4284/4573/5414 3763/4322/5193 4294/4321/5192
f 4329/4506/5358 3761/4574/5046 4332/4575/5415
f 4296/4576/5416 4286/4320/5191 3764/4568/5411
f 4124/4054/4936 4132/4405/5266 4110/4243/5117
f 4292/4554/5397 4295/4523/5371 4289/4577/5417
f 3954/4578/5418 3966/4349/5220 3977/4039/4921
f 4282/4429/5290 4287/4438/5299 4298/4579/5419
f 3944/4348/5219 3957/4580/5420 3930/4175/5051
f 3813/4581/5421 3827/4582/5422 3805/4583/5423
f 4248/4584/5424 4216/4387/5250 4215/4386/5249
f 4308/4585/5425 4298/4579/5419 4313/4586/5426
f 4265/4561/5401 4280/4564/5406 4277/4565/5408
f 4087/4062/4944 4095/4336/5208 4132/4405/5266
f 4305/4587/5427 4297/4226/5101 4311/4228/5103
f 4179/4500/5351 4171/4588/5338 4204/4156/5033
f 4316/4589/5428 4305/4587/5427 4311/4228/5103
f 4295/4523/5371 4322/4590/5429 4329/4506/5358
f 4302/4510/5359 4307/4448/5307 4312/4450/5309
f 4304/4591/5430 4292/4554/5397 4314/4592/5431
f 4320/4593/5432 4315/4594/5432 4316/4589/5432
f 4316/4589/5428 4315/4594/5433 4305/4587/5427
f 4318/4595/5434 4308/4585/5425 4313/4586/5426
f 3901/4202/5077 3910/4596/5435 3895/4597/5002
f 4304/4591/5430 4314/4592/5431 4322/4590/5429
f 4153/4262/5135 4146/4598/5436 4155/4455/5313
f 4115/4332/5204 4136/4425/5286 4100/4333/5205
f 4320/4593/5437 4314/4592/5431 4292/4554/5397
f 4321/4249/5123 4318/4595/5434 4313/4586/5426
f 3949/4239/5113 3954/4578/5418 3948/4462/5318
f 4328/4250/5124 4321/4249/5123 4313/4586/5426
f 4081/4599/5085 4126/4312/5183 4071/4518/5366
f 3903/4194/5069 3912/4219/5094 3914/4210/5086
f 3991/4270/5143 3970/4546/5391 3980/4600/5438
f 4165/4601/5439 4315/4594/5433 4214/4383/5246
f 4325/4461/5317 4317/4343/5215 4306/4345/5216
f 4203/4602/5440 4184/4603/5441 4164/4112/4991
f 3875/4604/5442 3874/4167/5043 3888/4298/5168
f 4344/4569/5126 4337/4137/5014 4336/4605/5443
f 4335/4606/5444 4338/4080/4962 4339/4076/4958
f 4342/4571/5127 4335/4607/5445 4343/4136/5013
f 4340/4079/4961 4337/4075/4957 4341/4077/4959
f 4129/4018/4904 4132/4405/5266 4128/4019/4905
f 4128/4019/4905 4119/4415/5276 4102/4020/4906
f 4241/4021/4907 4208/4517/5365 4333/4608/5446
f 3761/4170/5046 3869/4147/5024 3829/4609/5447
f 3840/4022/4908 3830/4422/5448 3831/4610/5449
f 3761/4170/5046 3829/4609/5447 3840/4022/4908
f 4241/4021/4907 4333/4608/5446 3761/4170/5046
f 3841/4023/4909 3842/4611/5450 4241/4021/4907
f 3840/4022/4908 3831/4610/5449 3841/4023/4909
f 4241/4021/4907 3761/4170/5046 3840/4022/4908
f 4230/4024/4910 4196/4612/5335 4301/4025/4911
f 4206/4032/4915 4226/4439/5300 4205/4033/4916
f 3645/4035/4902 3650/4114/4993 3648/4036/4918
f 3983/4037/4919 4178/4613/5346 4174/4038/4920
f 4120/4416/5277 4112/4614/5451 4169/4615/5452
f 4169/4615/5452 3995/4110/4989 4184/4603/5441
f 4203/4602/5440 4204/4156/5033 4250/4544/5389
f 4169/4615/5452 4184/4603/5441 4203/4602/5440
f 4135/4052/4934 4120/4416/5277 4169/4615/5452
f 4141/4041/4923 4135/4052/4934 4169/4615/5452
f 4169/4615/5452 4203/4602/5440 4250/4544/5389
f 4272/4428/5289 4293/4616/5453 3762/4449/5308
f 4141/4041/4923 4169/4615/5452 4250/4544/5389
f 4250/4544/5389 4272/4428/5289 3762/4449/5308
f 3762/4449/5308 4307/4448/5307 4168/4617/5315
f 4142/4040/4922 4123/4420/5282 4114/4414/5275
f 4250/4544/5389 3762/4449/5308 4168/4617/5315
f 4142/4040/4922 4114/4414/5275 4119/4415/5276
f 4250/4544/5389 4168/4617/5315 4142/4040/4922
f 4142/4040/4922 4119/4415/5276 4128/4019/4905
f 4141/4041/4923 4250/4544/5389 4142/4040/4922
f 4130/4042/4924 4123/4420/5282 4142/4040/4922
f 4240/4046/4928 4247/4081/4963 4252/4083/4965
f 4252/4083/4965 4219/4130/5007 4193/4044/4926
f 4193/4044/4926 3992/4471/5327 3976/4160/5037
f 3976/4160/5037 3968/4390/5253 3987/4045/4927
f 3987/4045/4927 4177/4496/5347 4189/4466/5322
f 4189/4466/5322 4194/4426/5287 4240/4046/4928
f 4240/4046/4928 4252/4083/4965 4193/4044/4926
f 4193/4044/4926 3976/4160/5037 3987/4045/4927
f 3987/4045/4927 4189/4466/5322 4240/4046/4928
f 3891/4047/4929 3893/4192/5454 3896/4048/4930
f 3896/4048/4930 3893/4192/5454 3920/4050/4932
f 3920/4050/4932 3913/4140/5017 3958/4051/4933
f 3958/4051/4933 3950/4261/5134 3896/4048/4930
f 4135/4052/4934 4141/4041/4923 4134/4053/4935
f 4300/4055/4937 4299/4469/5325 4201/4056/4938
f 4224/4058/4940 4155/4455/5313 4160/4059/4941
f 3670/4102/4981 3652/4618/5455 3655/4064/4946
f 3655/4064/4946 3665/4619/5456 3688/4620/5457
f 3688/4620/5457 3730/4621/5458 3726/4622/5459
f 3726/4622/5459 3737/4623/5460 3700/4624/5461
f 3700/4624/5461 3736/4581/5462 3699/4065/4947
f 3699/4065/4947 3739/4625/5463 3729/4626/5464
f 3729/4626/5464 3738/4627/5465 3698/4066/4948
f 3698/4066/4948 3704/4628/5466 3735/4629/5467
f 3669/4630/5468 3670/4102/4981 3655/4064/4946
f 3698/4066/4948 3735/4629/5467 3669/4630/5468
f 3699/4065/4947 3729/4626/5464 3698/4066/4948
f 3726/4622/5459 3700/4624/5461 3699/4065/4947
f 3655/4064/4946 3688/4620/5457 3726/4622/5459
f 3698/4066/4948 3669/4630/5468 3655/4064/4946
f 3655/4064/4946 3726/4622/5459 3699/4065/4947
f 4102/4020/4906 4083/4208/5084 4046/4067/4949
f 4046/4067/4949 4049/4502/5353 4097/4068/4950
f 3916/4069/4951 3909/4207/5083 3907/4631/5469
f 3898/4070/4952 3933/4260/5133 3918/4071/4953
f 3916/4069/4951 3907/4631/5469 3898/4070/4952
f 4020/4072/4954 4046/4067/4949 4018/4073/4955
f 4337/4075/4957 4335/4606/5444 4339/4076/4958
f 4334/4078/4960 4336/4632/5470 4340/4079/4961
f 4247/4081/4963 4273/4406/5267 4270/4082/4964
f 3651/4030/4914 3663/4100/4979 3662/4084/4966
f 4338/4086/4962 4340/4633/4961 4341/4087/4959
f 3999/4089/4968 4039/4330/5202 4038/4090/4969
f 4030/4092/4971 4037/4347/5218 4043/4093/4972
f 3857/4095/4974 3855/4149/5026 3864/4096/4975
f 3663/4100/4979 3651/4030/4914 3649/4027/4913
f 3649/4027/4913 3674/4634/5471 3703/4635/5472
f 3703/4635/5472 3702/4636/5473 3701/4637/5474
f 3701/4637/5474 3692/4638/5475 3667/4639/5476
f 3667/4639/5476 3695/4640/5477 3678/4641/5478
f 3694/4642/5479 3713/4643/5480 3687/4098/4977
f 3667/4639/5476 3678/4641/5478 3694/4642/5479
f 3703/4635/5472 3701/4637/5474 3667/4639/5476
f 3663/4100/4979 3649/4027/4913 3703/4635/5472
f 3711/4644/5481 3666/4645/5482 3663/4100/4979
f 3683/4099/4978 3686/4646/5483 3685/4647/5484
f 3685/4647/5484 3711/4644/5481 3663/4100/4979
f 3663/4100/4979 3703/4635/5472 3667/4639/5476
f 3667/4639/5476 3694/4642/5479 3687/4098/4977
f 3687/4098/4977 3712/4217/5485 3683/4099/4978
f 3683/4099/4978 3685/4647/5484 3663/4100/4979
f 3663/4100/4979 3667/4639/5476 3687/4098/4977
f 4053/4106/4985 4056/4648/5319 4035/4104/4983
f 4035/4104/4983 4042/4340/5212 4054/4105/4984
f 3880/4107/4986 3887/4185/5061 3884/4108/4987
f 4164/4112/4991 4184/4603/5441 3995/4110/4989
f 3995/4110/4989 4167/4649/5392 4170/4111/4990
f 4291/4650/5486 4319/4171/5047 4310/4115/4994
f 4310/4115/4994 4264/4651/5487 4271/4116/4995
f 4271/4116/4995 4269/4551/5394 4288/4117/4996
f 4288/4117/4996 4291/4650/5486 4310/4115/4994
f 3821/4652/5488 3807/4653/5489 3822/4654/5490
f 3822/4654/5490 3823/4655/5491 3851/4656/5492
f 3851/4656/5492 3824/4657/5493 3808/4658/5494
f 3825/4659/5495 3788/4660/5496 3785/4118/4997
f 3851/4656/5492 3808/4658/5494 3825/4659/5495
f 3821/4652/5488 3822/4654/5490 3851/4656/5492
f 3819/4661/5497 3800/4152/5498 3820/4662/5499
f 3820/4662/5499 3821/4652/5488 3851/4656/5492
f 3851/4656/5492 3825/4659/5495 3785/4118/4997
f 3785/4118/4997 3975/4572/5413 3974/4280/5152
f 3785/4118/4997 3974/4280/5152 4191/4663/5500
f 4212/4173/5049 4265/4561/5401 4277/4565/5408
f 3839/4664/5501 3819/4661/5497 3820/4662/5499
f 3850/4665/5502 3838/4666/5503 3853/4667/5504
f 3853/4667/5504 3839/4664/5501 3820/4662/5499
f 3853/4667/5504 3820/4662/5499 3851/4656/5492
f 3885/4184/5060 3850/4665/5502 3853/4667/5504
f 3872/4109/4988 3884/4108/4987 3885/4184/5060
f 3872/4109/4988 3885/4184/5060 3853/4667/5504
f 3872/4109/4988 3853/4667/5504 3851/4656/5492
f 3859/4143/5020 3872/4109/4988 3851/4656/5492
f 4279/4172/5048 4243/4198/5073 4234/4513/5361
f 4283/4563/5404 4279/4172/5048 4234/4513/5361
f 3925/4177/5053 3919/4176/5052 3910/4596/5435
f 3925/4177/5053 3910/4596/5435 3906/4203/5079
f 3944/4348/5219 3925/4177/5053 3906/4203/5079
f 3899/4200/5075 3901/4202/5077 3895/4597/5002
f 3944/4348/5219 3906/4203/5079 3899/4200/5075
f 3899/4200/5075 3895/4597/5002 3894/4668/5505
f 3908/4205/5081 3914/4210/5086 3921/4669/5099
f 3911/4670/5098 3931/4671/5087 3935/4274/5147
f 3908/4205/5081 3921/4669/5099 3911/4670/5098
f 3899/4200/5075 3894/4668/5505 3908/4205/5081
f 3944/4348/5219 3899/4200/5075 3908/4205/5081
f 3944/4348/5219 3908/4205/5081 3911/4670/5098
f 3983/4037/4919 3944/4348/5219 3911/4670/5098
f 3983/4037/4919 3911/4670/5098 3935/4274/5147
f 4178/4494/5346 3983/4037/4919 3935/4274/5147
f 4195/4441/5146 4236/4672/5506 4255/4533/5379
f 4178/4494/5346 3935/4274/5147 4195/4441/5146
f 4234/4513/5361 4178/4494/5346 4195/4441/5146
f 4195/4441/5146 4255/4533/5379 4235/4537/5382
f 4235/4537/5382 4244/4536/5381 4285/4524/5372
f 4285/4524/5372 4300/4055/4937 3928/4507/4939
f 3928/4507/4939 3880/4107/4986 3866/4150/5027
f 3866/4150/5027 3863/4146/5023 3873/4299/5170
f 3866/4150/5027 3873/4299/5170 3959/4278/5507
f 3928/4507/4939 3866/4150/5027 3959/4278/5507
f 3928/4507/4939 3959/4278/5507 3929/4119/4998
f 4195/4441/5146 4235/4537/5382 4285/4524/5372
f 4283/4563/5404 4234/4513/5361 4195/4441/5146
f 4283/4563/5404 4195/4441/5146 4285/4524/5372
f 3856/4673/5018 3859/4143/5020 3851/4656/5492
f 4277/4565/5408 4283/4563/5404 4285/4524/5372
f 3867/4168/5044 3856/4673/5018 3851/4656/5492
f 4277/4565/5408 4285/4524/5372 3928/4507/4939
f 4277/4565/5408 3928/4507/4939 3929/4119/4998
f 4212/4173/5049 4277/4565/5408 3929/4119/4998
f 3883/4120/4999 3867/4168/5044 3851/4656/5492
f 4191/4663/5500 4212/4173/5049 3929/4119/4998
f 3883/4120/4999 3851/4656/5492 3785/4118/4997
f 3785/4118/4997 4191/4663/5500 3929/4119/4998
f 4029/4121/5000 4042/4340/5212 4035/4122/4983
f 3920/4050/4932 3893/4192/5454 3894/4191/5505
f 3895/4124/5002 3910/4674/5435 3919/4675/5052
f 3920/4050/4932 3894/4191/5505 3895/4124/5002
f 3895/4124/5002 3919/4675/5052 3923/4125/5003
f 3929/4119/4998 3982/4279/5169 3942/4126/5004
f 3942/4126/5004 3874/4167/5043 3883/4120/4999
f 4035/4127/4983 4056/4463/5319 4051/4128/5005
f 4219/4130/5007 4252/4083/4965 4254/4131/5008
f 4343/4136/5013 4335/4607/5445 4337/4137/5014
f 3946/4139/5016 3978/4255/5128 3958/4051/4933
f 3865/4145/5022 3872/4109/4988 3859/4143/5020
f 3869/4147/5024 3886/4169/5045 3879/4148/5025
f 3660/4366/5234 3653/4085/4967 3662/4084/4966
f 3662/4084/4966 3663/4676/4979 3666/4645/5482
f 3666/4645/5482 3728/4677/5508 3705/4678/5509
f 3705/4678/5509 3725/4679/5510 3744/4680/5511
f 3675/4681/5512 3682/4682/5513 3677/4683/5514
f 3705/4678/5509 3744/4680/5511 3675/4681/5512
f 3662/4084/4966 3666/4645/5482 3705/4678/5509
f 3680/4684/5515 3660/4366/5234 3662/4084/4966
f 3740/4685/5516 3681/4686/5517 3691/4687/5518
f 3691/4687/5518 3680/4684/5515 3662/4084/4966
f 3662/4084/4966 3705/4678/5509 3675/4681/5512
f 3677/4683/5514 3754/4656/5519 3716/4655/5520
f 3662/4084/4966 3675/4681/5512 3677/4683/5514
f 3740/4685/5516 3691/4687/5518 3662/4084/4966
f 3710/4661/5521 3740/4685/5516 3662/4084/4966
f 3662/4084/4966 3677/4683/5514 3716/4655/5520
f 3716/4655/5520 3743/4688/5522 3733/4151/5028
f 3733/4151/5028 3742/4652/5523 3741/4662/5524
f 3724/4152/5029 3710/4661/5521 3662/4084/4966
f 3733/4151/5028 3741/4662/5524 3724/4152/5029
f 3662/4084/4966 3716/4655/5520 3733/4151/5028
f 4204/4156/5033 4197/4689/5525 4207/4503/5356
f 4218/4690/5526 4238/4691/5527 4253/4157/5034
f 4204/4156/5033 4207/4503/5356 4218/4690/5526
f 4251/4158/5035 4250/4544/5389 4204/4156/5033
f 4253/4157/5034 4257/4545/5390 4251/4158/5035
f 4204/4156/5033 4218/4690/5526 4253/4157/5034
f 3965/4159/5036 3968/4390/5253 3976/4160/5037
f 4158/4163/5039 4159/4692/5314 4230/4162/4910
f 4230/4162/4910 4209/4060/4942 4160/4059/4941
f 4160/4059/4941 4157/4693/5528 4158/4163/5039
f 4186/4164/5040 4234/4513/5361 3964/4165/5041
f 4319/4171/5047 4198/4491/5343 3886/4169/5045
f 3886/4169/5045 3869/4147/5024 3761/4170/5046
f 3761/4170/5046 4310/4115/4994 4319/4171/5047
f 4242/4174/5050 4243/4198/5073 4279/4172/5048
f 4279/4172/5048 4265/4561/5401 4212/4173/5049
f 3930/4175/5051 3923/4694/5003 3919/4176/5052
f 3993/4178/5054 3973/4272/5145 3882/4179/5055
f 3882/4179/5055 3881/4417/5278 3994/4180/5056
f 3994/4180/5056 3979/4271/5144 3993/4178/5054
f 4001/4181/5057 4007/4695/5180 4005/4182/5058
f 4023/4186/5062 4037/4347/5218 4030/4092/4971
f 4053/4188/4985 4054/4105/4984 4048/4189/5064
f 4229/4197/5072 4234/4513/5361 4243/4198/5073
f 3967/4259/5132 3935/4365/5147 3931/4211/5087
f 3945/4212/5088 3962/4258/5131 3960/4213/5089
f 3960/4213/5089 3967/4259/5132 3931/4211/5087
f 3897/4195/5070 3903/4194/5069 3908/4205/5081
f 3908/4205/5081 3894/4191/5505 3891/4214/4929
f 3778/4696/5529 3772/4642/5530 3779/4215/5090
f 3773/4697/5531 3774/4639/5532 3780/4698/5533
f 3779/4215/5090 3773/4697/5531 3780/4698/5533
f 3780/4698/5533 3775/4637/5534 3781/4636/5535
f 3781/4636/5535 3776/4635/5536 3782/4699/5537
f 3782/4699/5537 3926/4412/5273 3939/4283/5155
f 3939/4283/5155 3947/4277/5150 3961/4216/5091
f 3961/4216/5091 3975/4572/5413 3785/4118/4997
f 3786/4700/5538 3768/4701/5539 3777/4646/5540
f 3961/4216/5091 3785/4118/4997 3786/4700/5538
f 3782/4699/5537 3939/4283/5155 3961/4216/5091
f 3779/4215/5090 3780/4698/5533 3781/4636/5535
f 3781/4636/5535 3782/4699/5537 3961/4216/5091
f 3961/4216/5091 3786/4700/5538 3777/4646/5540
f 3777/4646/5540 3769/4099/5541 3770/4217/5092
f 3770/4217/5092 3771/4098/5542 3778/4696/5529
f 3779/4215/5090 3781/4636/5535 3961/4216/5091
f 3770/4217/5092 3778/4696/5529 3779/4215/5090
f 3961/4216/5091 3777/4646/5540 3770/4217/5092
f 4275/4221/5096 4211/4519/5367 4254/4131/5008
f 4297/4226/5101 3766/4263/5136 4231/4227/5102
f 4174/4038/4920 4186/4164/5040 3989/4166/5042
f 4013/4242/5116 4016/4303/5174 4024/4324/5195
f 4013/4242/5116 4024/4324/5195 4037/4347/5218
f 4012/4370/5236 4010/4183/5059 4013/4242/5116
f 4026/4241/5115 4073/4396/5258 4012/4370/5236
f 4043/4093/4972 4057/4702/5065 4048/4189/5064
f 4026/4241/5115 4012/4370/5236 4013/4242/5116
f 4043/4093/4972 4048/4189/5064 4026/4241/5115
f 4052/4341/5213 4043/4093/4972 4026/4241/5115
f 4013/4242/5116 4037/4347/5218 4023/4186/5062
f 4036/4240/5114 4052/4341/5213 4026/4241/5115
f 4013/4242/5116 4023/4186/5062 4036/4240/5114
f 4117/4245/5119 4124/4054/4936 4110/4243/5117
f 4110/4243/5117 4095/4336/5208 4098/4244/5118
f 4096/4246/5120 4099/4703/5543 4121/4247/5121
f 4324/4251/5125 3762/4449/5308 4293/4616/5453
f 4293/4616/5453 4308/4585/5425 4318/4595/5434
f 4293/4616/5453 4318/4595/5434 4321/4249/5123
f 4327/4354/5224 4323/4353/5223 4324/4251/5125
f 4324/4251/5125 4293/4616/5453 4321/4249/5123
f 4328/4250/5124 4327/4354/5224 4324/4251/5125
f 4343/4252/5013 4345/4704/5015 4344/4253/5126
f 3914/4210/5086 3917/4218/5093 3924/4232/5107
f 3924/4232/5107 3940/4233/5108 3945/4212/5088
f 3945/4212/5088 3931/4211/5087 3937/4231/5106
f 3937/4231/5106 3921/4224/5099 3922/4225/5100
f 3922/4225/5100 3914/4210/5086 3924/4232/5107
f 3924/4232/5107 3945/4212/5088 3937/4231/5106
f 3950/4261/5134 3936/4489/5341 3933/4260/5133
f 3933/4260/5133 3898/4070/4952 3900/4193/5068
f 3900/4193/5068 3896/4048/4930 3950/4261/5134
f 4153/4262/5135 4231/4227/5102 3766/4263/5136
f 4089/4705/5544 4093/4397/5259 4086/4389/5252
f 4074/4288/5159 4089/4705/5544 4086/4389/5252
f 4070/4267/5140 4063/4706/5545 4080/4379/5242
f 4080/4379/5242 4074/4288/5159 4086/4389/5252
f 4080/4379/5242 4086/4389/5252 4067/4265/5138
f 4066/4266/5139 4072/4317/5188 4070/4267/5140
f 4070/4267/5140 4080/4379/5242 4067/4265/5138
f 4029/4121/5000 4034/4123/5001 4078/4268/5141
f 3976/4160/5037 3992/4471/5327 3991/4270/5143
f 3991/4270/5143 3980/4600/5438 3971/4161/5038
f 3953/4276/5149 3985/4281/5153 3961/4216/5091
f 3920/4284/4932 3923/4694/5003 3930/4175/5051
f 3934/4229/5104 3947/4277/5150 3939/4283/5155
f 3920/4284/4932 3930/4175/5051 3934/4229/5104
f 4003/4287/5158 4000/4707/5156 4001/4181/5057
f 4041/4290/5161 4044/4549/5393 4074/4288/5159
f 4074/4288/5159 4080/4379/5242 4058/4289/5160
f 4078/4291/5141 4034/4708/5001 4025/4292/5162
f 4088/4395/5257 4091/4337/5546 4090/4295/5165
f 4090/4295/5165 4076/4061/4943 4077/4296/5166
f 4077/4296/5166 4066/4266/5139 4085/4294/5164
f 4085/4294/5164 4088/4395/5257 4090/4295/5165
f 4328/4250/5124 4313/4586/5426 4310/4115/4994
f 4310/4115/4994 3761/4170/5046 4331/4297/5167
f 4331/4297/5167 4327/4354/5224 4328/4250/5124
f 3888/4298/5168 3942/4126/5004 3982/4279/5169
f 3982/4279/5169 3959/4278/5507 3873/4299/5170
f 3873/4299/5170 3875/4604/5442 3888/4298/5168
f 3885/4709/5060 4200/4467/5323 4330/4710/5547
f 4330/4710/5547 4332/4575/5415 4303/4567/5410
f 4268/4566/5409 4261/4516/5364 4221/4515/5363
f 4330/4710/5547 4303/4567/5410 4268/4566/5409
f 3850/4665/5502 3885/4709/5060 4330/4710/5547
f 3849/4711/5548 3837/4712/5549 3850/4665/5502
f 3847/4302/5173 3848/4713/5550 3849/4711/5548
f 3818/4714/5551 3806/4715/5552 3847/4302/5173
f 3852/4301/5172 3834/4716/5553 3835/4717/5554
f 3835/4717/5554 3818/4714/5551 3847/4302/5173
f 3847/4302/5173 3849/4711/5548 3850/4665/5502
f 4330/4710/5547 4268/4566/5409 4221/4515/5363
f 4221/4515/5363 4220/4526/5374 4228/4300/5171
f 4228/4300/5171 4199/4527/5375 3845/4718/5555
f 3845/4718/5555 3846/4719/5556 3852/4301/5172
f 3852/4301/5172 3835/4717/5554 3847/4302/5173
f 3847/4302/5173 3850/4665/5502 4330/4710/5547
f 4330/4710/5547 4221/4515/5363 4228/4300/5171
f 4228/4300/5171 3845/4718/5555 3852/4301/5172
f 3847/4302/5173 4330/4710/5547 4228/4300/5171
f 3793/4720/5557 3794/4721/5558 3801/4306/5177
f 3801/4306/5177 3795/4722/5559 3802/4723/5560
f 3802/4723/5560 3809/4724/5561 3952/4497/5348
f 3952/4497/5348 4181/4725/5130 3938/4256/5129
f 3938/4256/5129 3978/4255/5128 3946/4139/5016
f 3946/4139/5016 3876/4726/5562 3854/4727/5012
f 3854/4727/5012 3789/4134/5011 3790/4728/5563
f 3791/4307/5178 3787/4729/5564 3792/4730/5565
f 3854/4727/5012 3790/4728/5563 3791/4307/5178
f 3938/4256/5129 3946/4139/5016 3854/4727/5012
f 3802/4723/5560 3952/4497/5348 3938/4256/5129
f 3792/4730/5565 3793/4720/5557 3801/4306/5177
f 3801/4306/5177 3802/4723/5560 3938/4256/5129
f 3938/4256/5129 3854/4727/5012 3791/4307/5178
f 3791/4307/5178 3792/4730/5565 3801/4306/5177
f 3658/4315/5186 3661/4423/5284 3727/4314/5185
f 3727/4314/5185 3665/4619/5456 3655/4064/4946
f 4065/4360/5229 4060/4357/5225 4055/4356/5226
f 4055/4356/5226 4063/4731/5545 4070/4732/5140
f 4072/4317/5188 4076/4061/4943 4062/4063/4945
f 4055/4356/5226 4070/4732/5140 4072/4317/5188
f 4065/4360/5229 4055/4356/5226 4072/4317/5188
f 4072/4317/5188 4062/4063/4945 4047/4318/5189
f 4047/4318/5189 4033/4346/5217 4061/4319/5190
f 4061/4319/5190 4065/4360/5229 4072/4317/5188
f 4286/4320/5191 4296/4576/5566 4294/4321/5192
f 3972/4328/5199 3965/4159/5036 3956/4488/5340
f 3956/4488/5340 3950/4261/5134 3958/4051/4933
f 3958/4051/4933 3978/4733/5128 3981/4327/5198
f 3972/4328/5199 3956/4488/5340 3958/4051/4933
f 3867/4168/5044 3874/4167/5043 3860/4144/5021
f 4095/4336/5208 4090/4295/5165 4091/4337/5209
f 4024/4338/5195 4019/4352/5196 4084/4351/5222
f 4092/4339/5211 4099/4703/5543 4096/4246/5120
f 4024/4338/5195 4084/4351/5222 4092/4339/5211
f 4096/4246/5120 4045/4734/5567 4024/4338/5195
f 4048/4189/5064 4054/4105/4984 4042/4340/5212
f 4042/4340/5212 4029/4121/5000 4026/4241/5115
f 4317/4343/5215 4224/4735/4940 4209/4344/4942
f 4041/4290/5161 4058/4289/5160 4064/4380/5243
f 4064/4380/5243 4057/4190/5065 4043/4093/4972
f 4037/4347/5218 4024/4324/5195 4041/4290/5161
f 4041/4290/5161 4064/4380/5243 4043/4093/4972
f 3944/4348/5219 3983/4037/4919 3977/4039/4921
f 4309/4026/4912 4301/4025/4911 4323/4353/5223
f 4137/4358/5227 4109/4313/5184 4126/4312/5183
f 3967/4259/5132 3962/4258/5131 3988/4504/5357
f 3986/4364/5233 3990/4404/5148 3935/4365/5147
f 3967/4259/5132 3988/4504/5357 3986/4364/5233
f 3651/4368/4914 3653/4085/4967 3660/4366/5234
f 3660/4366/5234 3656/4514/5362 3647/4367/4901
f 4161/4477/5333 4166/4479/5334 4169/4736/5452
f 4169/4736/5452 4112/4614/5451 4104/4369/5235
f 4104/4369/5235 4079/4374/5239 4006/4373/5238
f 4008/4737/5157 4000/4707/5156 4003/4287/5158
f 4104/4369/5235 4006/4373/5238 4008/4737/5157
f 4161/4477/5333 4169/4736/5452 4104/4369/5235
f 4122/4361/5230 4162/4478/5232 4161/4477/5333
f 4165/4738/5439 4163/4362/5231 4122/4361/5230
f 4012/4370/5236 4108/4559/5399 4145/4739/5568
f 4145/4739/5568 4165/4738/5439 4122/4361/5230
f 4122/4361/5230 4161/4477/5333 4104/4369/5235
f 4104/4369/5235 4008/4737/5157 4003/4287/5158
f 4012/4370/5236 4145/4739/5568 4122/4361/5230
f 4104/4369/5235 4003/4287/5158 4012/4370/5236
f 4229/4375/5072 4239/4535/5074 4233/4376/5240
f 3981/4327/5198 3978/4733/5128 4181/4377/5130
f 4181/4377/5130 3952/4497/5348 4180/4378/5241
f 4069/4269/5142 4073/4740/5258 4026/4241/5115
f 4014/4074/4956 4018/4073/4955 4019/4325/5196
f 4019/4325/5196 4016/4303/5174 4002/4305/5176
f 4125/4381/5244 4153/4262/5135 4149/4264/5137
f 4187/4034/4917 4202/4741/5569 4214/4383/5246
f 4214/4383/5246 4266/4552/5395 4245/4384/5247
f 4245/4384/5247 4226/4439/5300 4206/4032/4915
f 4206/4032/4915 4187/4034/4917 4214/4383/5246
f 4051/4128/5005 4061/4319/5190 4033/4346/5217
f 4033/4346/5217 4031/4342/5214 4020/4072/4954
f 4020/4072/4954 4015/4316/5187 4021/4323/5194
f 4032/4329/5201 4051/4128/5005 4033/4346/5217
f 4020/4072/4954 4021/4323/5194 4032/4329/5201
f 4190/4385/5248 3952/4497/5348 4215/4386/5249
f 3968/4390/5253 3965/4159/5036 3972/4328/5199
f 3648/4036/4918 3684/4742/5570 3676/4391/5254
f 3676/4391/5254 3674/4634/5471 3649/4027/4913
f 3649/4027/4913 3646/4029/4903 3648/4036/4918
f 4138/4393/5256 4133/4743/5571 4115/4332/5204
f 4192/4398/5260 4191/4663/5500 3974/4280/5152
f 3655/4064/4946 3652/4618/5455 3650/4114/4993
f 3650/4114/4993 3654/4113/4992 3657/4399/5261
f 3657/4399/5261 3661/4423/5284 3658/4315/5186
f 3658/4315/5186 3655/4064/4946 3650/4114/4993
f 3767/4400/5262 4232/4531/5377 4222/4401/5263
f 4182/4403/5265 4195/4441/5146 3990/4404/5148
f 4267/4407/5268 4274/4558/5398 4275/4221/5096
f 4275/4221/5096 4270/4082/4964 4273/4406/5267
f 4066/4266/5139 4067/4265/5138 3997/4388/5251
f 3782/4699/5537 3783/4744/5572 3784/4411/5010
f 3784/4411/5010 3854/4745/5012 3876/4746/5562
f 3876/4746/5562 3946/4139/5016 3889/4236/5110
f 3889/4236/5110 3913/4235/5017 3926/4412/5273
f 3926/4412/5273 3782/4699/5537 3784/4411/5010
f 3784/4411/5010 3876/4746/5562 3889/4236/5110
f 4104/4369/5235 4112/4614/5451 4120/4416/5277
f 4120/4416/5277 4117/4245/5119 4098/4244/5210
f 3881/4417/5278 3882/4179/5055 3870/4153/5030
f 4253/4157/5034 4238/4691/5527 4263/4418/5279
f 4212/4421/5049 4191/4663/5500 4192/4398/5260
f 4213/4402/5264 4222/4401/5263 4212/4421/5049
f 3661/4423/5284 3657/4399/5261 3719/4540/5385
f 3719/4540/5385 3718/4747/5573 3707/4422/5283
f 3707/4422/5283 3745/4022/5574 3727/4314/5185
f 3661/4423/5284 3719/4540/5385 3707/4422/5283
f 4136/4425/5286 4133/4743/5575 4138/4393/5256
f 4103/4248/5122 4121/4247/5121 4116/4410/5576
f 4136/4425/5286 4138/4393/5256 4103/4248/5122
f 4103/4248/5122 4116/4410/5576 4131/4424/5285
f 4194/4426/5287 4216/4387/5250 4237/4427/5288
f 4282/4429/5290 4298/4579/5419 4308/4585/5425
f 4308/4585/5425 4293/4616/5453 4272/4428/5289
f 4272/4428/5289 4257/4545/5390 4253/4157/5034
f 4253/4157/5034 4276/4419/5280 4287/4438/5299
f 4282/4429/5290 4308/4585/5425 4272/4428/5289
f 4253/4157/5034 4287/4438/5299 4282/4429/5290
f 4156/4433/5294 4159/4457/5314 4143/4431/5292
f 4143/4431/5292 4140/4748/5360 4127/4432/5293
f 4127/4432/5293 4113/4749/5577 4156/4433/5294
f 3746/4750/5578 3755/4301/5579 3715/4751/5580
f 3715/4751/5580 3709/4752/5581 3659/4434/5295
f 3659/4434/5295 3656/4514/5362 3660/4366/5234
f 3660/4366/5234 3680/4684/5515 3673/4753/5582
f 3673/4753/5582 3747/4711/5583 3723/4754/5584
f 3723/4754/5584 3752/4755/5585 3690/4435/5296
f 3690/4435/5296 3722/4756/5586 3732/4757/5587
f 3732/4757/5587 3750/4758/5588 3689/4436/5297
f 3689/4436/5297 3749/4759/5589 3746/4750/5578
f 3746/4750/5578 3715/4751/5580 3659/4434/5295
f 3659/4434/5295 3660/4366/5234 3673/4753/5582
f 3673/4753/5582 3723/4754/5584 3690/4435/5296
f 3690/4435/5296 3732/4757/5587 3689/4436/5297
f 3689/4436/5297 3746/4750/5578 3659/4434/5295
f 3659/4434/5295 3673/4753/5582 3690/4435/5296
f 3861/4437/5298 3857/4095/4974 3862/4097/4976
f 3860/4144/5021 3875/4604/5442 3873/4299/5170
f 4310/4115/4994 4313/4586/5426 4298/4579/5419
f 4287/4438/5299 4276/4419/5280 4263/4418/5279
f 4310/4115/4994 4298/4579/5419 4287/4438/5299
f 4263/4418/5279 4264/4651/5487 4310/4115/4994
f 4180/4378/5241 4177/4496/5347 3987/4045/4927
f 3987/4045/4927 3972/4328/5199 3981/4327/5198
f 4226/4439/5300 4245/4384/5247 4266/4552/5395
f 4266/4552/5395 4262/4525/5373 4217/4440/5301
f 4217/4440/5301 4256/4541/5386 4249/4534/5380
f 4249/4534/5380 4236/4672/5506 4195/4441/5146
f 4195/4441/5146 4205/4033/4916 4226/4439/5300
f 4226/4439/5300 4266/4552/5395 4217/4440/5301
f 4217/4440/5301 4249/4534/5380 4195/4441/5146
f 4309/4026/4912 4306/4345/5216 4209/4344/4942
f 4120/4416/5277 4135/4052/4934 4124/4054/4936
f 3947/4277/5150 3934/4229/5104 3951/4446/5306
f 4075/4394/5237 4085/4294/5164 4068/4392/5255
f 4068/4392/5255 3997/4760/5251 4069/4447/5142
f 3927/4222/5097 3937/4231/5106 3931/4211/5087
f 3926/4454/5273 3913/4761/5017 3920/4284/4932
f 4157/4693/5528 4160/4059/4941 4155/4455/5313
f 4155/4455/5313 4146/4598/5436 4137/4358/5227
f 4137/4358/5227 4139/4359/5228 4147/4451/5310
f 4152/4453/5312 4150/4452/5311 4157/4693/5528
f 4137/4358/5227 4147/4451/5310 4152/4453/5312
f 4152/4453/5312 4157/4693/5528 4155/4455/5313
f 4093/4397/5259 4089/4705/5544 4094/4408/5269
f 4154/4043/4925 4142/4040/4922 4168/4458/5315
f 4306/4345/5216 4309/4026/4912 4327/4460/5224
f 3948/4462/5318 3954/4578/5418 3969/4234/5342
f 3969/4234/5342 3989/4166/5042 3964/4165/5041
f 3964/4165/5041 4233/4376/5240 3767/4400/5262
f 3767/4400/5262 3985/4281/5153 3953/4276/5149
f 3953/4276/5149 3951/4446/5306 3948/4462/5318
f 3948/4462/5318 3969/4234/5342 3964/4165/5041
f 3964/4165/5041 3767/4400/5262 3953/4276/5149
f 4056/4463/5319 4053/4762/4985 4060/4357/5225
f 4172/4464/5320 4205/4033/4916 4195/4441/5146
f 4182/4403/5265 4173/4487/5339 4172/4464/5320
f 3864/4096/4975 3879/4148/5025 3878/4465/5321
f 4190/4385/5248 4216/4387/5250 4194/4426/5287
f 4299/4469/5325 4295/4523/5371 4330/4710/5547
f 4200/4467/5323 3885/4184/5060 3887/4185/5061
f 4299/4469/5325 4330/4710/5547 4200/4467/5323
f 3963/4468/5324 4201/4056/4938 4299/4469/5325
f 4200/4467/5323 3887/4185/5061 3963/4468/5324
f 4237/4427/5288 4248/4584/5424 4260/4470/5326
f 3992/4471/5327 4193/4044/4926 4183/4472/5328
f 3650/4114/4993 3652/4618/5455 3670/4102/4981
f 3672/4101/4980 3734/4763/5590 3696/4473/5330
f 3650/4114/4993 3670/4102/4981 3672/4101/4980
f 3684/4742/5570 3648/4036/4918 3650/4114/4993
f 3664/4764/5591 3706/4765/5592 3684/4742/5570
f 3668/4474/5331 3717/4307/5593 3664/4764/5591
f 3679/4766/5594 3693/4730/5595 3668/4474/5331
f 3696/4473/5330 3697/4720/5596 3671/4767/5597
f 3671/4767/5597 3679/4766/5594 3668/4474/5331
f 3668/4474/5331 3664/4764/5591 3684/4742/5570
f 3650/4114/4993 3672/4101/4980 3696/4473/5330
f 3696/4473/5330 3671/4767/5597 3668/4474/5331
f 3668/4474/5331 3684/4742/5570 3650/4114/4993
f 4008/4476/5157 4006/4768/5238 4011/4310/5332
f 4011/4310/5332 4007/4309/5180 4001/4475/5057
f 4196/4480/5335 4230/4769/4910 4159/4457/5314
f 4034/4481/5001 4035/4127/4983 4017/4482/5006
f 4213/4402/5264 4192/4398/5260 4185/4282/5154
f 4185/4282/5154 3985/4281/5153 3767/4400/5262
f 3892/4483/4931 3905/4196/5071 3897/4195/5070
f 3870/4153/5030 3882/4179/5055 3877/4484/5336
f 3956/4488/5340 3955/4532/5378 3936/4489/5341
f 3997/4388/5251 4086/4389/5252 4073/4396/5258
f 4198/4491/5343 4225/4528/5376 3878/4465/5321
f 3878/4465/5321 3879/4148/5025 3886/4169/5045
f 4013/4242/5116 4005/4182/5058 4007/4309/5180
f 4007/4309/5180 4009/4308/5179 4015/4316/5187
f 4015/4316/5187 4014/4074/4956 4002/4305/5176
f 4002/4305/5176 4004/4304/5175 4013/4242/5116
f 4013/4242/5116 4007/4309/5180 4015/4316/5187
f 4140/4511/5360 4143/4770/5292 4158/4163/5039
f 4158/4163/5039 4157/4693/5528 4150/4452/5311
f 4150/4452/5311 4147/4451/5310 4139/4359/5228
f 4139/4359/5228 4140/4511/5360 4158/4163/5039
f 4113/4749/5577 4081/4209/5085 4083/4208/5084
f 4083/4208/5084 4102/4020/4906 4107/4413/5281
f 4113/4749/5577 4083/4208/5084 4107/4413/5281
f 4113/4749/5577 4107/4413/5281 4130/4042/4924
f 4312/4450/5309 3762/4449/5308 4324/4251/5125
f 4324/4251/5125 4323/4353/5223 4301/4771/4911
f 4312/4450/5309 4324/4251/5125 4301/4771/4911
f 4302/4510/5359 4312/4450/5309 4301/4771/4911
f 4302/4510/5359 4301/4771/4911 4196/4480/5335
f 4113/4749/5577 4130/4042/4924 4154/4043/4925
f 4156/4433/5294 4113/4749/5577 4154/4043/4925
f 4223/4459/5316 4302/4510/5359 4196/4480/5335
f 4196/4480/5335 4156/4433/5294 4154/4043/4925
f 4049/4502/5353 4046/4067/5598 4031/4342/5214
f 4210/4521/5369 4271/4116/4995 4264/4651/5487
f 4264/4651/5487 4263/4418/5279 4238/4691/5527
f 4264/4651/5487 4238/4691/5527 4218/4690/5526
f 3988/4504/5357 4210/4521/5369 4264/4651/5487
f 4182/4403/5265 3986/4364/5233 3988/4504/5357
f 4197/4772/5525 4171/4486/5338 4173/4487/5339
f 4173/4487/5339 4182/4403/5265 3988/4504/5357
f 3988/4504/5357 4264/4651/5487 4218/4690/5526
f 4207/4503/5356 4197/4772/5525 4173/4487/5339
f 3988/4504/5357 4218/4690/5526 4207/4503/5356
f 4325/4461/5317 4327/4460/5224 4331/4505/5167
f 4329/4506/5358 4326/4773/5599 4325/4461/5317
f 3887/4185/5061 3880/4107/4986 3928/4507/4939
f 4223/4509/5316 4168/4774/5315 4307/4448/5307
f 4140/4511/5360 4139/4359/5228 4126/4312/5183
f 3892/4049/4931 3900/4193/5068 3898/4070/4952
f 3898/4070/4952 3907/4775/5469 3915/4220/5095
f 3915/4220/5095 3905/4196/5071 3892/4049/4931
f 3657/4399/5261 3654/4113/4992 3645/4016/4902
f 3645/4016/4902 3647/4015/4901 3656/4514/5362
f 3656/4514/5362 3659/4434/5295 3657/4399/5261
f 3845/4718/5555 4199/4527/5375 4220/4526/5374
f 3845/4718/5555 4220/4526/5374 4221/4515/5363
f 3844/4776/5600 3833/4777/5601 3845/4718/5555
f 3843/4778/5602 3832/4539/5603 3844/4776/5600
f 4241/4021/4907 3842/4611/5450 3843/4778/5602
f 4332/4575/5415 4333/4779/5446 4208/4517/5365
f 4208/4517/5365 4241/4021/4907 3843/4778/5602
f 3844/4776/5600 3845/4718/5555 4221/4515/5363
f 4208/4517/5365 3843/4778/5602 3844/4776/5600
f 4303/4567/5410 4332/4575/5415 4208/4517/5365
f 4261/4516/5364 4303/4567/5410 4208/4517/5365
f 4208/4517/5365 3844/4776/5600 4221/4515/5363
f 4071/4518/5366 4101/4311/5182 4109/4313/5184
f 4109/4313/5184 4092/4339/5211 4084/4351/5222
f 4084/4351/5222 4059/4350/5221 4071/4518/5366
f 4040/4331/5203 4027/4187/5063 4030/4092/4971
f 4111/4430/5291 4129/4018/4904 4102/4020/4906
f 4246/4520/5368 4269/4551/5394 4271/4116/4995
f 4262/4525/5373 4266/4552/5395 4289/4577/5417
f 4295/4523/5371 4299/4469/5325 4300/4055/4937
f 4262/4525/5373 4289/4577/5417 4295/4523/5371
f 4249/4534/5380 4256/4541/5386 4262/4525/5373
f 4295/4523/5371 4300/4055/4937 4285/4524/5372
f 4285/4524/5372 4249/4534/5380 4262/4525/5373
f 4057/4190/5065 4064/4380/5243 4080/4379/5242
f 4080/4379/5242 4063/4706/5545 4055/4356/5226
f 4319/4171/5047 4291/4650/5486 4225/4528/5376
f 4275/4221/5096 4274/4558/5398 3764/4568/5411
f 4284/4573/5414 4294/4321/5192 4288/4117/4996
f 4275/4221/5096 3764/4568/5411 4284/4573/5414
f 4211/4519/5367 4275/4221/5096 4284/4573/5414
f 4284/4573/5414 4288/4117/4996 4269/4551/5394
f 4259/4543/5388 4246/4520/5368 4210/4521/5369
f 4284/4573/5414 4269/4551/5394 4259/4543/5388
f 4211/4519/5367 4284/4573/5414 4259/4543/5388
f 4259/4543/5388 4210/4521/5369 3988/4780/5357
f 3962/4781/5131 3945/4212/5088 3932/4237/5111
f 4211/4519/5367 4259/4543/5388 3988/4780/5357
f 4211/4519/5367 3988/4780/5357 3962/4781/5131
f 4188/4501/5352 4211/4519/5367 3962/4781/5131
f 3932/4237/5111 3940/4233/5108 3917/4218/5093
f 4188/4501/5352 3962/4781/5131 3932/4237/5111
f 4176/4492/5345 4188/4501/5352 3932/4237/5111
f 3932/4237/5111 3917/4218/5093 3915/4220/5095
f 3915/4220/5095 3907/4631/5469 3909/4207/5083
f 3918/4071/4953 3933/4260/5133 3936/4489/5341
f 3915/4220/5095 3909/4207/5083 3918/4071/4953
f 4176/4492/5345 3932/4237/5111 3915/4220/5095
f 3970/4546/5391 4176/4492/5345 3915/4220/5095
f 3915/4220/5095 3918/4071/4953 3936/4489/5341
f 3955/4532/5378 3970/4546/5391 3915/4220/5095
f 4094/4408/5269 4089/4705/5544 4074/4288/5159
f 4074/4288/5159 4044/4549/5393 4045/4734/5567
f 4045/4734/5567 4096/4246/5120 4103/4248/5122
f 4103/4248/5122 4138/4393/5256 4105/4334/5206
f 4105/4334/5206 4094/4408/5269 4074/4288/5159
f 4074/4288/5159 4045/4734/5567 4103/4248/5122
f 4285/4524/5372 4244/4536/5381 4255/4533/5379
f 4255/4533/5379 4236/4672/5506 4249/4534/5380
f 3984/4498/5349 3877/4484/5336 3882/4179/5055
f 3719/4540/5385 3657/4399/5261 3659/4434/5295
f 3659/4434/5295 3709/4752/5581 3721/4782/5604
f 3721/4782/5604 3708/4776/5605 3720/4539/5384
f 3720/4539/5384 3731/4778/5606 3719/4540/5385
f 3659/4434/5295 3721/4782/5604 3720/4539/5384
f 3970/4546/5391 3955/4532/5378 3956/4488/5340
f 3956/4488/5340 3965/4159/5036 3971/4161/5038
f 3971/4161/5038 3980/4600/5438 3970/4546/5391
f 4167/4548/5392 3995/4783/4989 4169/4736/5452
f 4166/4547/5334 4162/4363/5232 4163/4362/5231
f 4167/4548/5392 4169/4736/5452 4166/4547/5334
f 4163/4362/5231 4165/4738/5439 4167/4548/5392
f 4024/4324/5195 4045/4734/5567 4044/4549/5393
f 4292/4554/5397 4289/4577/5417 4266/4552/5395
f 4266/4552/5395 4214/4383/5246 4290/4553/5396
f 4239/4557/5074 4243/4198/5073 4242/4174/5050
f 4242/4174/5050 4222/4784/5263 4232/4556/5377
f 3951/4446/5306 3934/4229/5104 3943/4230/5105
f 3943/4230/5105 3949/4239/5113 3948/4462/5318
f 4100/4333/5205 4136/4425/5286 4144/4443/5303
f 4151/4445/5305 4148/4444/5304 4145/4739/5568
f 4100/4333/5205 4144/4443/5303 4151/4445/5305
f 4012/4370/5236 4093/4397/5259 4100/4333/5205
f 4151/4445/5305 4145/4739/5568 4108/4559/5399
f 4108/4559/5399 4012/4370/5236 4100/4333/5205
f 4021/4323/5194 4015/4316/5187 4009/4308/5179
f 4009/4308/5179 4011/4372/5181 4079/4374/5239
f 4079/4374/5239 4104/4369/5235 4098/4244/5210
f 4091/4337/5209 4088/4395/5257 4082/4293/5163
f 4079/4374/5239 4098/4244/5210 4091/4337/5209
f 4022/4326/5197 4021/4323/5194 4009/4308/5179
f 4051/4128/5005 4032/4329/5201 4050/4335/5207
f 4022/4326/5197 4009/4308/5179 4079/4374/5239
f 4017/4129/5006 4051/4128/5005 4050/4335/5207
f 4079/4374/5239 4091/4337/5209 4082/4293/5163
f 4079/4374/5239 4082/4293/5163 4025/4292/5162
f 4017/4129/5006 4050/4335/5207 4022/4326/5197
f 4022/4326/5197 4079/4374/5239 4025/4292/5162
f 3763/4322/5193 4284/4573/5414 3764/4568/5411
f 4344/4569/5126 4336/4605/5443 4334/4570/5412
f 3985/4281/5153 3974/4280/5152 3975/4572/5413
f 4332/4575/5415 4330/4710/5547 4329/4506/5358
f 4329/4506/5358 4331/4505/5167 3761/4574/5046
f 3761/4574/5046 4333/4779/5446 4332/4575/5415
f 4124/4054/4936 4134/4053/4935 4132/4405/5266
f 3977/4039/4921 3969/4234/5342 3954/4578/5418
f 3954/4578/5418 3957/4580/5420 3966/4349/5220
f 3930/4175/5051 3925/4177/5053 3944/4348/5219
f 3944/4348/5219 3966/4349/5220 3957/4580/5420
f 3957/4580/5420 3949/4239/5113 3930/4175/5051
f 3994/4180/5056 3881/4417/5278 3871/4154/5031
f 3871/4154/5031 3868/4155/5032 3878/4465/5321
f 3871/4154/5031 3878/4465/5321 4225/4528/5376
f 3994/4180/5056 3871/4154/5031 4225/4528/5376
f 4291/4650/5486 4288/4117/4996 4294/4321/5192
f 4291/4650/5486 4294/4321/5192 4296/4576/5416
f 3994/4180/5056 4225/4528/5376 4291/4650/5486
f 3984/4498/5349 3994/4180/5056 4291/4650/5486
f 4291/4650/5486 4296/4576/5416 3764/4568/5411
f 3764/4568/5411 4274/4558/5398 4260/4470/5326
f 3764/4568/5411 4260/4470/5326 4248/4584/5424
f 3984/4498/5349 4291/4650/5486 3764/4568/5411
f 3984/4498/5349 3764/4568/5411 4248/4584/5424
f 4215/4386/5249 3952/4497/5348 3809/4724/5561
f 3984/4498/5349 4248/4584/5424 4215/4386/5249
f 3984/4498/5349 4215/4386/5249 3809/4724/5561
f 3809/4724/5561 3796/4785/5607 3803/4629/5608
f 3810/4786/5609 3797/4066/5610 3811/4627/5611
f 3809/4724/5561 3803/4629/5608 3810/4786/5609
f 3877/4484/5336 3984/4498/5349 3809/4724/5561
f 3861/4787/5298 3877/4484/5336 3809/4724/5561
f 3861/4787/5298 3809/4724/5561 3810/4786/5609
f 3857/4788/4974 3861/4787/5298 3810/4786/5609
f 3811/4627/5611 3804/4626/5612 3812/4625/5613
f 3857/4788/4974 3810/4786/5609 3811/4627/5611
f 3829/4609/5447 3869/4789/5024 3855/4790/5026
f 3855/4790/5026 3857/4788/4974 3811/4627/5611
f 3812/4625/5613 3798/4065/5614 3813/4581/5421
f 3855/4790/5026 3811/4627/5611 3812/4625/5613
f 3805/4583/5423 3829/4609/5447 3855/4790/5026
f 3817/4621/5615 3799/4620/5616 3805/4583/5423
f 3828/4622/5617 3817/4621/5615 3805/4583/5423
f 3855/4790/5026 3812/4625/5613 3813/4581/5421
f 3813/4581/5421 3814/4624/5618 3826/4623/5619
f 3815/4791/5620 3816/4792/5621 3827/4582/5422
f 3813/4581/5421 3826/4623/5619 3815/4791/5620
f 3805/4583/5423 3855/4790/5026 3813/4581/5421
f 3827/4582/5422 3828/4622/5617 3805/4583/5423
f 3813/4581/5421 3815/4791/5620 3827/4582/5422
f 4248/4584/5424 4237/4427/5288 4216/4387/5250
f 4265/4561/5401 4278/4560/5400 4280/4564/5406
f 4111/4430/5291 4097/4068/4950 4049/4502/5353
f 4049/4502/5353 4047/4318/5189 4062/4063/4945
f 4087/4062/4944 4076/4061/4943 4090/4295/5165
f 4049/4502/5353 4062/4063/4945 4087/4062/4944
f 4132/4405/5266 4111/4430/5291 4049/4502/5353
f 4095/4336/5208 4110/4243/5117 4132/4405/5266
f 4087/4062/4944 4090/4295/5165 4095/4336/5208
f 4132/4405/5266 4049/4502/5353 4087/4062/4944
f 4204/4156/5033 4203/4602/5440 4164/4112/4991
f 4164/4112/4991 4170/4111/4990 4179/4500/5351
f 4179/4500/5351 4202/4741/5569 4187/4034/4917
f 4187/4034/4917 4172/4464/5320 4171/4588/5338
f 4171/4588/5338 4197/4689/5525 4204/4156/5033
f 4204/4156/5033 4164/4112/4991 4179/4500/5351
f 4179/4500/5351 4187/4034/4917 4171/4588/5338
f 4329/4506/5358 4330/4710/5547 4295/4523/5371
f 4295/4523/5371 4292/4554/5397 4304/4591/5430
f 4322/4590/5429 4326/4773/5599 4329/4506/5358
f 4295/4523/5371 4304/4591/5430 4322/4590/5429
f 3901/4202/5077 3906/4203/5079 3910/4596/5435
f 4317/4343/5215 4320/4593/5437 4316/4589/5428
f 4317/4343/5215 4316/4589/5428 4311/4228/5103
f 4224/4058/4940 4317/4343/5215 4311/4228/5103
f 4106/4409/5271 4121/4247/5121 4099/4703/5543
f 4109/4313/5184 4137/4358/5227 4146/4598/5436
f 4106/4409/5271 4099/4703/5543 4092/4339/5211
f 4125/4381/5244 4106/4409/5271 4092/4339/5211
f 4224/4058/4940 4311/4228/5103 4231/4227/5102
f 4125/4381/5244 4092/4339/5211 4109/4313/5184
f 4125/4381/5244 4109/4313/5184 4146/4598/5436
f 4224/4058/4940 4231/4227/5102 4153/4262/5135
f 4155/4455/5313 4224/4058/4940 4153/4262/5135
f 4153/4262/5135 4125/4381/5244 4146/4598/5436
f 4115/4332/5204 4133/4743/5622 4136/4425/5286
f 4290/4553/5396 4315/4594/5433 4320/4593/5437
f 4320/4593/5437 4325/4461/5317 4326/4773/5599
f 4320/4593/5437 4326/4773/5599 4322/4590/5429
f 4292/4554/5397 4290/4553/5396 4320/4593/5437
f 4320/4593/5437 4322/4590/5429 4314/4592/5431
f 3949/4239/5113 3957/4580/5420 3954/4578/5418
f 4071/4518/5366 4059/4350/5221 4019/4352/5196
f 4019/4352/5196 4018/4073/4955 4046/4067/4949
f 4081/4599/5085 4113/4749/5577 4127/4512/5293
f 4019/4352/5196 4046/4067/4949 4081/4599/5085
f 4126/4312/5183 4101/4311/5182 4071/4518/5366
f 4071/4518/5366 4019/4352/5196 4081/4599/5085
f 4081/4599/5085 4127/4512/5293 4126/4312/5183
f 3914/4210/5086 3904/4204/5080 3903/4194/5069
f 3903/4194/5069 3905/4196/5071 3915/4220/5095
f 3912/4219/5094 3917/4218/5093 3914/4210/5086
f 3903/4194/5069 3915/4220/5095 3912/4219/5094
f 3991/4270/5143 4176/4492/5345 3970/4546/5391
f 4165/4601/5439 4145/4739/5568 4148/4444/5304
f 4148/4444/5304 4144/4443/5303 4136/4425/5286
f 4131/4424/5285 4116/4410/5272 4118/4382/5245
f 4148/4444/5304 4136/4425/5286 4131/4424/5285
f 4165/4601/5439 4148/4444/5304 4131/4424/5285
f 4131/4424/5285 4118/4382/5245 4149/4264/5137
f 3766/4263/5136 4297/4226/5101 4305/4587/5427
f 4165/4601/5439 4131/4424/5285 4149/4264/5137
f 3766/4263/5136 4305/4587/5427 4315/4594/5433
f 4165/4601/5439 4149/4264/5137 3766/4263/5136
f 4175/4499/5350 4170/4111/4990 4167/4649/5392
f 4214/4383/5246 4202/4741/5569 4179/4500/5351
f 4175/4499/5350 4167/4649/5392 4165/4601/5439
f 4214/4383/5246 4179/4500/5351 4175/4499/5350
f 4315/4594/5433 4290/4553/5396 4214/4383/5246
f 4165/4601/5439 3766/4263/5136 4315/4594/5433
f 4214/4383/5246 4175/4499/5350 4165/4601/5439
f 4325/4461/5317 4320/4593/5437 4317/4343/5215
f 3875/4604/5442 3860/4144/5021 3874/4167/5043
f 4344/4569/5126 4345/4138/5015 4337/4137/5014
f 4335/4606/5444 4334/4078/4960 4338/4080/4962
f 4342/4571/5127 4334/4570/5412 4335/4607/5445
f 4340/4079/4961 4336/4632/5470 4337/4075/4957
l 3755 3758
l 3749 3756
l 3743 3753
l 3744 3748
l 3751 3757
l 3759 3760
l 3722 3751
l 3836 3848
o sheath
v -42.901752 30.603159 -1.025683
v -42.607613 30.352018 -1.330736
v -43.237759 26.523586 -2.564455
v -41.891727 29.286615 -2.502052
v -42.855591 30.642744 2.481043
v -42.884899 28.897335 4.150607
v -42.323956 29.274820 4.114355
v -41.996624 29.285662 4.104022
v -41.744423 29.211016 3.984180
v -41.494007 28.694376 4.114446
v -41.411949 26.393871 4.135058
v -41.177757 25.844355 4.108311
v -41.230179 25.130278 4.152326
v -41.543598 25.143562 3.910682
v -42.796806 24.814533 3.908328
v -42.933414 24.657930 4.149951
v -41.972591 24.637098 -2.572629
v -41.433640 24.984465 -2.568367
v -42.894531 24.691233 -2.584932
v -42.070835 24.823126 -2.265730
v -42.683289 24.786171 -2.282044
v -41.689663 25.115725 -2.260789
v -41.885307 26.468010 -2.262123
v -43.048660 26.373402 -2.256246
v -43.202496 26.162378 -2.253391
v -43.042137 24.998451 -2.270894
v -43.429676 25.234587 -2.588920
v -43.560490 26.155947 -2.581788
v -41.647976 26.579582 -2.562486
v -41.299431 26.127024 -2.533687
v -40.783455 26.915199 -2.521339
v -43.032433 18.946514 -2.575656
v -42.764809 18.410172 -2.567744
v -42.681061 18.678417 -2.461285
v -42.603771 18.833054 -2.309428
v -42.360809 18.911774 -2.253351
v -42.437992 18.833879 -2.006290
v -42.477409 18.604710 -2.203408
v -40.832832 16.502579 4.124978
v -40.593285 16.162567 4.133400
v -43.461075 26.411127 4.166580
v -43.188786 26.644411 4.164801
v -43.303616 25.965885 3.940773
v -43.263744 25.421909 3.940411
v -43.428154 24.984518 4.166282
v -42.461914 18.585964 3.725707
v -42.436501 18.898659 3.742423
v -42.607723 18.822325 3.792974
v -42.896828 18.464481 4.156721
v -42.827702 18.809008 4.113132
v -42.735462 19.079861 4.150024
v -37.775520 20.862640 3.542095
v -37.781376 20.968147 3.972703
v -38.162609 21.468899 4.103390
v -38.066963 20.994438 4.082042
v -37.950180 20.822016 3.996824
v -37.797123 21.002972 -2.423882
v -37.847893 20.835258 -2.315768
v -41.795345 26.366951 3.854580
v -42.379082 26.745865 4.119811
v -41.953259 26.837282 4.141379
v -43.104996 26.427708 3.886305
v -51.687134 23.576962 4.168088
v -54.646317 22.165766 -2.132507
v -56.811680 20.529766 -2.737209
v -55.958271 18.894312 -2.723980
v -57.038635 19.090769 -2.731508
v -55.651749 18.400776 -2.712596
v -47.340157 14.789849 -2.620924
v -38.365391 13.826072 -2.507243
v -38.604053 14.276156 -2.445260
v -38.019016 13.604008 -2.437350
v -37.931587 13.357970 -2.603688
v -37.725708 13.109993 -2.408503
v -37.540714 13.006463 -2.178623
v -35.628551 11.194902 2.496872
v -35.548672 10.889571 2.337918
v -36.140614 10.441699 2.631010
v -37.235603 12.760743 3.306247
v -38.777588 14.402130 4.075694
v -47.046200 14.476029 4.195162
v -52.785385 22.320177 4.097704
v -55.425346 21.677935 4.017784
v -61.258099 22.202471 2.163887
v -57.294952 18.880037 -2.737942
v -56.665356 18.920980 -2.654994
v -57.244667 18.720482 -2.525687
v -56.083084 18.556776 -2.404929
v -56.164509 17.363655 -2.398460
v -55.869816 17.399652 -2.579378
v -56.399921 17.195415 -2.549919
v -56.304302 17.174755 -2.734146
v -56.775444 17.313198 -2.405603
v -55.857422 17.344086 -2.721403
v -56.631321 13.000252 -2.516216
v -56.625454 13.214150 -2.720160
v -49.262993 13.054163 -2.436546
v -49.126995 12.649953 -2.690497
v -48.289646 13.083896 -2.480495
v -47.713566 12.539035 -2.747007
v -48.264629 11.039061 -2.696352
v -47.262981 9.781884 -2.734997
v -44.145222 11.745299 -2.708464
v -42.724300 11.902864 -2.738762
v -44.102497 11.926735 -2.509916
v -37.541214 7.281097 -1.327755
v -37.615200 7.141989 -1.145372
v -37.074135 8.048784 -1.020167
v -37.689697 12.705628 -2.364951
v -37.375572 12.729785 -2.200377
v -43.337105 11.723584 -2.755781
v -37.281467 12.752058 -1.802653
v -35.530529 10.922393 -0.773513
v -35.576672 11.186599 -0.878183
v -35.765987 11.309852 -1.197948
v -36.907669 12.505204 -2.532348
v -36.925499 12.418090 -2.735866
v -36.551929 12.160090 -2.696505
v -36.383385 11.800814 -2.742250
v -36.872879 8.459044 -0.425847
v -37.539066 6.071151 -1.039482
v -37.366947 7.208727 -1.063896
v -37.709694 4.245471 -1.045849
v -37.042641 8.016734 2.491909
v -37.678444 4.822443 2.564476
v -37.650658 3.435447 2.586895
v -37.536102 3.148813 2.442730
v -36.961697 0.741441 2.412209
v -36.612045 -0.153789 2.216539
v -37.047741 0.304292 2.780127
v -37.186249 0.261773 2.548772
v -36.983349 0.421889 2.248303
v -37.384270 2.243829 2.569794
v -37.133709 1.113847 2.572752
v -37.893177 5.215885 2.653656
v -37.782070 0.701071 4.045698
v -37.556656 0.436755 4.005579
v -38.067535 0.517550 4.067648
v -37.397137 0.249821 4.147333
v -37.311848 0.490866 2.824565
v -37.250164 -11.932952 -0.959199
v -37.230457 -12.097047 -0.790887
v -37.221134 -12.104863 2.268029
v -41.632069 -12.532128 2.167318
v -38.595871 -8.469071 3.616008
v -38.093964 -8.066063 3.674718
v -38.242615 -7.770977 3.519356
v -38.978687 -8.229741 3.398926
v -39.743202 -8.442659 3.663711
v -38.061916 -7.246827 3.785455
v -38.224022 -7.113159 3.709765
v -38.641273 -6.604548 3.896412
v -36.872551 -6.593308 3.826539
v -36.828941 -7.720851 3.648229
v -36.836330 -6.130950 3.857651
v -39.478355 -6.533651 3.905752
v -39.806187 -7.892879 3.478334
v -39.855309 -7.600760 3.463599
v -39.736389 -6.851871 3.491611
v -38.530643 -6.839990 3.458400
v -38.299454 -7.097281 3.471452
v -39.729053 -6.804753 3.578527
v -40.037167 -7.078043 3.854352
v -40.110790 -12.288002 2.404662
v -38.094589 0.721865 4.261397
v -38.030834 13.362611 4.210714
v -38.253403 13.410109 4.302149
v -37.814407 13.376983 3.981178
v -38.213703 13.755415 4.020041
v -38.570950 13.661207 4.189001
v -37.676537 13.065201 3.874924
v -38.035206 12.694065 3.942277
v -38.367752 12.506929 4.033592
v -37.524258 12.799082 3.836717
v -36.858028 12.419696 4.270380
v -36.392483 11.852695 4.291308
v -44.125462 11.759811 4.243230
v -43.388325 11.720049 4.308691
v -46.774956 14.194690 4.194363
v -47.108829 14.356627 4.051574
v -53.335144 21.071930 4.246450
v -57.391720 18.702358 4.320672
v -59.259117 19.573078 4.341946
v -64.997597 18.644533 -2.781399
v -57.982910 16.643848 -2.750875
v -57.715332 13.019955 -2.753018
v -55.695942 13.384814 -2.724950
v -57.016373 12.710269 -2.510716
v -57.021725 12.532418 -2.755191
v -52.769981 -0.787810 -2.691679
v -61.539772 4.947655 -2.597808
v -58.281700 9.302485 -2.525261
v -56.475292 9.700231 -2.531399
v -65.377594 7.915399 -2.782711
v -65.087646 8.100842 -2.766761
v -65.826744 8.200184 -2.789598
v -65.962257 8.453831 -2.772179
v -66.541191 8.698983 -2.795509
v -67.834717 10.309657 -2.794464
v -67.259666 9.861912 -2.788698
v -66.186867 8.752667 -2.678226
v -66.282082 9.251166 -2.470848
v -66.701370 9.469752 -2.531136
v -67.122398 10.283088 -2.488480
v -66.119469 18.459476 -2.798818
v -72.361580 17.890606 -2.810635
v -73.843353 18.125887 -2.702276
v -73.796303 18.039642 -2.755195
v -72.193817 15.396777 -2.773356
v -71.752449 14.964064 -2.684199
v -71.986664 14.940117 -2.800766
v -75.057297 17.921204 -2.764508
v -74.350945 18.335014 -2.560077
v -74.565445 17.717508 -2.795492
v -74.304382 18.140835 -2.575938
v -74.233566 17.773239 -2.548216
v -74.337814 17.641521 -2.755536
v -99.222603 -0.031195 -2.790429
v -101.359192 1.529417 -2.795448
v -108.015106 18.011734 -0.160895
v -108.952614 18.007931 1.894981
v -107.281387 18.071033 1.982798
v -99.091652 0.535354 4.392902
v -107.485657 -6.256578 4.237406
v -105.882042 -6.342111 -2.629275
v -106.708443 -6.106991 -2.791276
v -107.209892 -6.382088 -2.615582
v -101.181129 1.363868 -2.767481
v -101.199379 1.142472 -2.561589
v -101.126511 1.104761 -2.617624
v -100.395020 0.979501 -2.695080
v -99.363060 0.587071 -2.668119
v -99.212692 0.697402 -2.760306
v -101.333969 -1.983359 -2.550360
v -103.368805 -4.343381 -2.543312
v -104.911774 -6.280377 -2.735173
v -104.965019 -6.077909 -2.568542
v -104.505844 -5.765385 -2.570967
v -105.924881 -6.199914 -2.698301
v -104.969116 -5.876405 -2.747033
v -105.736214 -6.198100 -2.581752
v -105.909042 -6.212875 4.251942
v -104.898384 -6.032651 4.203928
v -104.221756 -6.193000 4.383074
v -103.619362 -4.450397 4.156827
v -103.236679 -4.227642 4.133471
v -100.225876 -0.626204 4.224178
v -99.760994 -0.088285 4.236145
v -99.935532 0.254755 4.382355
v -99.586205 0.338020 4.249101
v -101.254478 -1.733829 4.182664
v -100.783646 -1.105229 4.229168
v -101.624695 -2.402488 4.192170
v -102.915527 1.997717 4.394308
v -102.469727 -3.213096 4.116508
v -103.798950 -4.698724 -2.589245
v -103.858467 -4.909401 -2.551795
v -104.279747 -5.437508 -2.546674
v -99.570000 -0.011340 -2.664366
v -110.754417 15.099529 -2.782175
v -109.668114 15.578273 -2.337967
v -110.009956 16.058985 -2.459221
v -110.211456 15.679946 -2.616768
v -125.516335 11.649799 4.399261
v -124.702705 10.992352 4.391755
v -123.386284 9.924993 4.392220
v -134.299484 2.732812 4.383627
v -134.545639 2.503577 4.206410
v -134.875931 2.579632 4.366738
v -134.782028 4.411285 4.395682
v -135.779099 3.378657 4.374566
v -140.801132 -7.666565 4.388863
v -140.831497 -7.996842 4.148706
v -141.378189 -8.016603 4.156417
v -141.592422 -7.793670 4.329601
v -141.375656 -7.700223 4.212492
v -137.818115 2.416436 4.189631
v -137.501099 2.871781 4.386534
v -136.758270 3.307406 4.380828
v -135.644989 6.438501 4.262122
v -135.922684 6.332118 4.220361
v -139.821838 1.606910 4.224706
v -135.669540 6.935452 4.228887
v -135.294891 6.520288 4.385202
v -125.615387 11.972059 4.173116
v -126.096344 12.881924 4.394374
v -126.799446 13.871286 4.413582
v -127.380081 14.256060 4.215793
v -127.333611 13.992655 4.302008
v -126.854408 13.614189 4.381012
v -127.279648 13.482980 4.271881
v -127.004166 13.281583 4.183068
v -130.890518 11.200842 4.169109
v -130.204926 13.911625 4.393642
v -129.108765 13.805593 4.399727
v -128.711914 13.382895 4.217680
v -128.682098 14.210306 4.246474
v -128.427612 13.916924 4.298564
v -128.009567 13.977797 4.189884
v -128.380737 13.461746 4.186480
v -127.727631 13.697550 4.193231
v -139.861389 7.774630 4.172585
v -141.691132 3.630445 4.178185
v -142.652191 2.399920 4.391721
v -140.659882 1.374338 4.387803
v -140.183243 4.738204 4.203406
v -140.659683 4.281991 4.240078
v -138.923721 5.699790 4.239036
v -138.662628 5.733386 4.389246
v -138.339584 6.453494 4.371421
v -139.292786 6.768545 4.386641
v -139.006393 6.016994 4.362408
v -138.591965 6.972950 4.374846
v -136.234482 6.571887 4.383756
v -134.724884 7.673491 4.143088
v -148.112473 -5.822793 -2.577171
v -147.226196 -5.283810 -2.797558
v -147.209412 -4.931232 -2.574654
v -147.271317 -4.884542 -2.628093
v -147.313232 -5.002925 -2.555123
v -147.876755 -5.497244 -2.574366
v -147.859299 -3.065632 -2.760221
v -146.904465 -3.650940 -2.560530
v -148.079361 -2.753820 -2.536601
v -146.815277 -4.053130 -2.572942
v -147.198868 -3.323966 -2.551507
v -144.790268 -3.175988 -2.791745
v -149.026901 -1.295266 -2.797682
v -153.755447 6.559108 -2.538651
v -154.092789 6.261930 -2.648961
v -153.960342 6.425358 -2.540159
v -154.616592 6.035749 -2.753653
v -154.880798 5.969650 -2.779031
v -154.575729 5.702012 -2.560992
v -154.704453 5.573293 -2.733195
v -154.650864 5.223912 -2.788136
v -154.197296 5.623109 -2.688137
v -153.971207 5.168393 -2.656889
v -153.907303 5.052899 -2.539232
v -154.141357 5.154753 -2.732713
v -153.099670 3.769557 -2.795599
v -153.070190 1.937278 -2.799267
v -152.495575 1.403111 -2.798944
v -151.679932 0.901587 -2.800943
v -151.109177 0.385826 -2.797867
v -149.291122 -1.404601 -2.759280
v -149.186417 -1.622481 -2.553384
v -150.112549 -1.140115 -2.536732
v -149.498596 -1.619821 -2.536104
v -148.486176 -2.505209 -2.573934
v -148.829895 -2.328630 -2.750391
v -148.653030 -2.831044 -2.792657
v -148.287903 -2.779985 -2.753673
v -148.834595 -6.250120 -2.789767
v -148.471710 -5.968104 -2.768369
v -149.120544 -6.377574 -2.788822
v -149.493607 -6.795286 -2.788913
v -150.399841 -7.936700 -2.792780
v -150.073334 -7.726782 -2.733589
v -150.332428 -8.325084 -2.576113
v -150.079132 -7.868898 -2.564033
v -149.539276 -7.429493 -2.538268
v -149.073135 -6.906248 -2.560290
v -148.754211 -6.458024 -2.576455
v -148.698410 -6.555079 -2.559140
v -148.317078 -6.056767 -2.572187
v -150.101608 -8.380698 -2.579764
v -158.885193 -8.714125 -2.564185
v -159.186996 -8.387213 -2.563856
v -160.606720 -7.406705 -2.549453
v -161.814377 -4.769201 -2.552140
v -162.149612 -4.996040 -2.564183
v -162.247131 -5.328270 -2.566298
v -162.181976 -5.742142 -2.704144
v -162.448517 -6.053320 -2.552385
v -162.612061 -6.067807 -2.783821
v -162.666916 -5.129940 -2.776130
v -162.589417 -5.440618 -2.756436
v -162.392441 -5.265282 -2.650950
v -162.439041 -5.422298 -2.557895
v -181.014679 -4.359303 4.159597
v -282.965302 -13.592113 -2.395794
v -334.266388 -16.476616 3.574677
v -335.443939 -18.693907 2.207253
v -336.507812 -18.464403 1.918779
v -337.328430 -17.734186 -0.199591
v -337.391479 -17.172977 -0.195937
v -337.651581 -17.382330 0.285810
v -337.340118 -16.615398 -0.011660
v -337.615387 -16.897024 0.311697
v -337.355255 -17.703390 1.871936
v -337.589203 -17.205814 1.606158
v -337.415619 -17.184780 1.872676
v -336.887878 -17.295650 2.366286
v -337.339294 -16.677507 1.801404
v -335.196686 -16.836140 3.279278
v -336.917664 -15.825015 1.630611
v -337.648254 -16.938810 1.331227
v -336.433014 -15.359418 0.076080
v -336.644989 -18.243406 -0.482814
v -336.493561 -17.425318 -0.946965
v -334.475647 -16.707752 -1.773372
v -337.057953 -17.938227 2.105168
v -307.177979 2.504192 -0.045470
v -288.273315 -14.078730 4.026598
v -293.176636 -14.060390 4.070711
v -304.273712 3.457447 1.808912
v -279.130554 -13.650310 -2.363396
v -185.265610 -9.766374 4.120333
v -184.696274 -9.322782 4.274369
v -185.317825 -9.151138 4.379891
v -172.238693 0.392958 -2.784678
v -172.015518 -0.265959 -2.569104
v -172.521667 0.132910 -2.547695
v -172.545380 0.321157 -2.746572
v -174.836136 1.980118 -2.559246
v -175.168243 2.169872 -2.745928
v -175.540665 1.871387 -2.589415
v -175.727341 1.480284 -2.570745
v -175.899628 1.205521 -2.733453
v -175.839951 0.986475 -2.772626
v -174.825043 1.714999 -2.752263
v -172.782593 -0.318205 -2.781129
v -171.920471 -0.859618 -2.773394
v -171.584869 -1.087899 -2.759862
v -160.481461 -7.687871 -2.705816
v -160.779358 -7.410287 -2.544373
v -161.578766 -6.706826 -2.557486
v -160.300354 -7.664108 -2.530884
v -159.599823 -8.263186 -2.552144
v -159.586441 -8.495776 -2.768957
v -163.345657 -8.766884 -2.595036
v -163.226120 -8.592851 -2.758011
v -163.594269 -7.941864 -2.784048
v -166.383011 -4.973928 -2.783662
v -170.376221 -2.517336 -2.778301
v -178.466125 -1.753679 -2.578185
v -179.515564 -2.894454 -2.568602
v -180.898056 -3.767992 -2.779713
v -180.825424 -4.028932 -2.743714
v -180.554214 -3.895037 -2.577841
v -180.449127 -3.268398 -2.778841
v -179.926971 -3.210014 -2.582302
v -179.662750 -3.184182 -2.742679
v -179.431595 -3.200745 -2.776379
v -170.424850 -7.209491 -2.781580
v -170.590958 -7.998941 -2.551961
v -168.715057 -5.563655 -2.768718
v -168.623428 -5.731161 -2.659456
v -168.534302 -5.857963 -2.752167
v -168.407837 -5.726154 -2.568051
v -168.832611 -6.176574 -2.579890
v -168.821594 -5.948848 -2.592591
v -169.355484 -6.650642 -2.564202
v -169.823685 -7.196017 -2.567060
v -169.739716 -7.188784 -2.715010
v -169.724731 -7.449753 -2.768259
v -170.165573 -7.653246 -2.746686
v -166.969116 -5.041680 -2.659756
v -166.858536 -5.108218 -2.550946
v -166.512955 -5.401987 -2.553766
v -167.344376 -4.713821 -2.590578
v -166.822281 -4.971117 -2.747507
v -165.855957 -5.918523 -2.571590
v -165.020218 -6.783626 -2.549763
v -164.263779 -7.562822 -2.547899
v -165.353516 -6.151946 -2.766638
v -163.704391 -8.611528 -2.743340
v -171.531342 -9.225582 -2.572449
v -171.936600 -8.994044 -2.772057
v -171.525192 -9.005493 -2.562128
v -171.715271 -8.962591 -2.731091
v -170.289185 -7.702588 -2.670571
v -170.237976 -8.203512 -2.779937
v -171.037354 -8.955457 -2.754311
v -176.127869 -9.119349 -2.718843
v -177.710480 -9.036195 -2.715169
v -178.302811 -8.835068 -2.773346
v -174.338882 -9.035273 -2.723829
v -178.574844 -8.680565 -2.777575
v -178.816071 -8.846990 -2.570685
v -178.452637 -8.923825 -2.675219
v -178.853775 -9.117867 -2.730625
v -180.785248 -4.264685 -2.548572
v -180.473236 -3.966743 -2.559708
v -181.255524 -4.830874 -2.543328
v -181.588791 -4.856442 -2.758945
v -182.223007 -5.161398 -2.782881
v -183.757935 -5.779764 -2.764547
v -182.870422 -6.438596 -2.758959
v -182.489059 -6.412728 -2.568597
v -183.768066 -7.916193 -2.545173
v -183.980347 -8.103624 -2.550927
v -183.091766 -7.272759 -2.536931
v -182.055527 -7.209211 -2.716468
v -182.822861 -7.213992 -2.752533
v -181.644302 -7.878104 -2.785437
v -181.689743 -7.444506 -2.638812
v -182.133942 -7.018435 -2.753388
v -181.508896 -7.557304 -2.530684
v -185.039612 -8.739448 -2.769377
v -185.123535 -9.447442 -2.750021
v -184.926575 -9.490135 -2.736471
v -185.094696 -9.337559 -2.613197
v -150.346832 -8.167228 4.232091
v -148.612167 -2.308470 4.171808
v -146.942841 -4.380593 4.239705
v -146.962631 -3.799725 4.211350
v -147.423660 -3.655582 4.366072
v -146.650284 -3.992388 4.361755
v -144.764069 -4.234764 4.370886
v -144.440140 -4.258019 4.216657
v -143.949203 -4.259964 4.380881
v -144.667709 -3.559123 4.360435
v -144.379593 -2.874156 4.388748
v -147.350616 1.487769 4.382097
v -148.202026 1.754380 4.235266
v -146.346756 1.770545 4.201937
v -143.399689 2.501374 4.163529
v -142.703232 2.778271 4.212339
v -144.147293 2.249295 4.192616
v -149.703964 2.246034 4.196844
v -150.596054 2.408224 4.399270
v -152.060684 0.605664 4.191398
v -152.600037 0.951249 4.183932
v -154.000687 2.050675 4.205122
v -150.114120 2.675387 4.382305
v -151.107101 3.027571 4.220501
v -120.435616 8.512711 -2.790136
v -120.509018 8.103100 -2.566168
v -120.325386 7.932848 -2.700130
v -119.845375 7.622882 -2.767788
v -119.783394 7.339115 -2.784626
v -120.068954 7.442302 -2.634474
v -120.369667 7.102380 -2.644686
v -120.440727 6.930774 -2.564502
v -120.432961 7.749729 -2.762054
v -121.188484 8.593666 -2.537912
v -127.457977 14.345478 -2.548952
v -128.600739 13.875498 -2.777442
v -128.508072 13.431847 -2.515301
v -128.268005 13.887621 -2.633262
v -128.020615 14.058829 -2.567440
v -127.325966 13.940820 -2.779652
v -127.993347 13.650018 -2.537401
v -127.471962 13.678508 -2.653557
v -127.355019 14.041521 -2.756658
v -122.913254 10.120942 -2.549862
v -125.108864 12.313595 -2.804189
v -125.356735 12.208272 -2.757851
v -126.985916 13.123162 -2.518471
v -127.223923 13.400507 -2.624146
v -127.122917 13.117320 -2.677136
v -127.106468 12.885283 -2.787050
v -128.135712 13.291750 -2.713624
v -125.817757 12.359957 -2.547045
v -125.371155 12.004702 -2.536024
v -120.502121 6.725756 -2.743312
v -120.093796 6.985992 -2.777673
v -121.352196 5.418019 -2.777824
v -118.467506 1.744986 -2.792414
v -118.414085 2.045941 -2.699629
v -123.634773 4.303667 -2.556393
v -131.289856 3.274194 -2.782829
v -125.629959 3.159240 -2.568391
v -125.004570 3.472356 -2.561224
v -124.237617 3.817807 -2.559072
v -126.278404 2.626326 -2.779061
v -127.402260 2.709597 -2.561298
v -127.676399 2.595284 -2.633245
v -107.860435 1.544648 -2.788198
v -107.697510 1.351740 -2.563349
v -101.896133 0.968653 -2.790977
v -108.788994 0.715671 -2.558535
v -109.204407 0.397525 -2.555989
v -109.400055 0.115061 -2.745258
v -109.584297 0.142174 -2.560491
v -110.978127 -2.193760 -2.747095
v -111.065353 -2.000613 -2.535383
v -111.151436 -1.733653 -2.533959
v -111.319466 -1.616839 -2.786181
v -111.595932 -2.395644 -2.788217
v -110.342926 -0.650178 -2.541232
v -111.518944 -3.865212 -2.794245
v -111.442833 -3.112106 -2.680538
v -111.301857 -3.571416 -2.511530
v -110.386078 -4.732950 -2.536384
v -110.443024 -4.942753 -2.535077
v -110.371780 -4.521323 -2.774879
v -108.342079 -6.196196 -2.548079
v -108.658241 -6.419030 -2.732853
v -109.035095 -5.905915 -2.536771
v -110.586647 -5.309079 -2.800138
v -124.467010 -6.117834 -2.517124
v -125.255623 -5.579680 -2.727731
v -125.238098 -5.824498 -2.518419
v -125.050766 -6.968534 -2.759179
v -125.470528 -6.352175 -2.737962
v -123.002274 -7.815461 -2.135484
v -128.841766 -3.550421 -2.777956
v -128.842346 -2.567007 -2.753378
v -129.143448 -2.314144 -2.646116
v -129.012970 -2.542649 -2.583996
v -129.239380 -3.134859 -2.774379
v -128.988266 -2.983134 -2.631767
v -129.177933 -3.424171 -2.628266
v -129.341934 -3.685502 -2.561489
v -130.444275 -4.867102 -2.561857
v -132.925613 0.636733 -2.785544
v -132.698669 0.753304 -2.734131
v -132.847458 0.999578 -2.562855
v -133.051788 1.364104 -2.535975
v -134.085480 2.031134 -2.544186
v -134.235504 2.005216 -2.753977
v -134.462326 2.268432 -2.582445
v -135.101425 2.683610 -2.547880
v -134.714340 2.370723 -2.732884
v -135.663696 3.213362 -2.735583
v -135.559479 3.388573 -2.777252
v -133.812485 3.892770 -2.727678
v -133.996674 4.298324 -2.541145
v -138.238831 6.697750 -2.778755
v -138.955368 7.151893 -2.655489
v -140.057175 7.922314 -2.532454
v -141.545319 9.522812 -2.787396
v -141.813690 9.422188 -2.754833
v -141.711929 9.139303 -2.529988
v -145.064972 11.090764 -2.782815
v -147.798309 12.024047 -2.724746
v -147.381454 12.323502 -2.742432
v -147.555923 12.169304 -2.513094
v -148.039505 12.695270 -2.777273
v -148.942719 12.996972 -2.735369
v -161.370697 -6.818531 4.181689
v -163.688828 -7.680126 4.395906
v -164.081818 -8.248735 4.377762
v -163.964249 -7.823761 4.290847
v -162.906738 -5.614664 4.379996
v -171.607971 -9.500173 3.975253
v -171.558548 -9.227609 4.107882
v -170.347809 -7.735134 4.235182
v -170.954712 -8.202599 4.218139
v -171.652527 -9.052516 4.124094
v -171.939575 -8.956588 4.377450
v -169.831924 -7.108010 4.215168
v -169.325485 -6.594989 4.229847
v -166.146912 -5.575768 4.232378
v -167.020447 -4.819235 4.236035
v -167.106674 -4.890277 4.375990
v -167.530853 -4.564261 4.210538
v -167.930450 -4.120924 4.214097
v -168.406403 -5.083354 4.385273
v -168.351135 -5.559116 4.252942
v -167.940536 -5.339009 4.390128
v -168.624786 -5.909305 4.242559
v -167.958694 -4.972957 4.344069
v -167.465744 -4.868780 4.387228
v -168.595444 -3.408609 4.175057
v -168.254593 -3.658198 4.205781
v -179.176956 -9.412706 4.260262
v -178.152374 -9.210397 4.315917
v -178.839432 -9.019299 4.275030
v -179.561142 -9.151057 4.389479
v -179.160385 -8.741388 4.265031
v -181.880783 -7.442791 4.393972
v -178.749054 -8.782185 4.364333
v -182.001556 -7.088641 4.382186
v -182.022064 -5.477913 4.175873
v -181.738800 -7.351093 4.208271
v -175.815720 1.457669 4.207810
v -175.971893 1.451858 4.212866
v -175.614044 1.805429 4.221286
v -176.249329 0.982049 4.174165
v -175.371033 2.343952 4.347434
v -175.268631 2.189348 4.263250
v -174.997253 2.009181 4.257640
v -174.799713 2.325652 4.383928
v -174.454041 1.767313 4.219891
v -150.629211 13.017182 -2.790063
v -149.298218 12.979676 -2.789664
v -148.384293 11.483516 -2.546633
v -148.837250 11.115788 -2.563471
v -154.745041 13.467225 -2.444999
v -140.463974 4.427213 -2.567098
v -141.083054 3.954703 -2.564885
v -140.160675 4.501610 -2.755883
v -138.594879 6.704852 -2.697797
v -138.502884 6.111729 -2.614367
v -138.317871 6.363291 -2.631187
v -138.195663 6.114931 -2.784020
v -140.143799 4.205535 -2.782183
v -136.771805 3.221398 -2.779125
v -136.652267 3.139405 -2.742142
v -136.363693 3.100243 -2.565924
v -135.882904 2.948511 -2.571259
v -135.720245 3.130569 -2.570363
v -135.553070 2.746830 -2.761343
v -136.320190 2.757006 -2.746971
v -139.769852 1.733449 -2.781530
v -140.260468 1.428114 -2.777262
v -140.799377 1.083843 -2.796316
v -140.417908 1.002571 -2.555909
v -140.895004 0.504698 -2.558537
v -141.148453 0.269856 -2.560415
v -143.538315 2.576073 -2.752438
v -142.353241 3.049836 -2.545633
v -141.888947 3.428043 -2.557663
v -141.545120 3.631867 -2.558793
v -141.255371 3.644156 -2.737667
v -141.040695 3.558904 -2.778623
v -146.738129 1.913940 -2.698197
v -147.896500 1.721392 -2.541488
v -148.187881 1.518504 -2.785553
v -145.183609 1.910243 -2.546803
v -145.050583 1.623021 -2.778912
v -144.103516 -2.581203 -2.794925
v -148.406204 1.686689 -2.761080
v -149.001923 1.941089 -2.533772
v -144.019989 -2.830177 -2.743705
v -143.998688 -3.062468 -2.549353
v -140.133987 1.314902 -2.556570
v -139.461441 1.609926 -2.541329
v -134.664627 1.984891 -2.775466
v -130.750351 -5.100525 -2.582508
v -130.359650 -4.879731 -2.680943
v -130.241302 -4.925361 -2.765263
v -131.518082 -6.130707 -2.552233
v -132.743698 -7.426473 -2.728113
v -132.339142 -7.393634 -2.744605
v -132.531647 -7.228097 -2.572969
v -132.343506 -7.197336 -2.578205
v -132.525940 -7.166668 -2.729306
v -122.935303 -9.816726 -0.457787
v -122.806923 -9.810742 1.976807
v -121.828880 -9.776585 2.175974
v -121.623734 -9.743892 -1.008560
v -122.198318 -9.710424 -0.634233
v -121.872360 -9.777459 -0.645955
v -109.049324 -5.817184 4.209419
v -109.796860 -5.238256 4.139734
v -110.263939 -5.222888 4.270647
v -110.275711 -4.914725 4.048994
v -110.997856 -3.891782 4.039138
v -109.468254 -5.279373 4.370033
v -110.921539 -3.117476 4.378920
v -111.024704 -3.514228 4.194002
v -111.221703 -2.626866 4.139153
v -111.266502 -3.416446 4.181245
v -111.120987 -3.669778 4.054502
v -111.617828 -3.524682 4.388632
v -111.304848 -2.379419 4.173628
v -111.022278 -1.800727 4.167337
v -110.848679 -1.257918 4.109150
v -117.956200 3.246048 4.053833
v -117.761375 3.467561 4.068204
v -117.423889 3.897206 4.054561
v -117.575851 3.781505 4.057425
v -116.306725 6.585443 4.128716
v -115.742165 7.262904 4.063272
v -115.246407 7.738039 4.052914
v -116.010918 6.932237 4.080712
v -113.192253 10.635044 4.047394
v -108.360313 16.027481 4.087533
v -109.255516 15.453313 4.017565
v -109.688751 15.500067 3.979748
v -109.671745 15.766276 3.866689
v -108.522255 17.876797 1.914745
v -109.109131 17.965940 2.090013
v -109.084824 18.004217 -0.369249
v -109.333778 17.380491 -1.069568
v -108.897034 17.211765 -0.834076
v -109.325783 15.368068 -2.410675
v -108.844460 15.201811 -2.772375
v -109.048065 17.160297 -0.900783
v -110.041641 16.094116 4.083868
v -110.996429 15.057795 4.392302
v -113.059189 11.265862 4.144985
v -120.184227 7.542418 4.231843
v -121.508186 5.997787 4.195086
v -124.061096 10.600498 4.384070
v -123.775658 10.733574 4.143383
v -124.097717 10.838714 4.168605
v -124.318077 11.071525 4.080568
v -121.884216 9.152575 4.157654
v -127.087685 2.757098 4.189093
v -124.539925 -6.838305 4.256701
v -122.272987 -9.686555 2.198951
v -121.488899 -9.666511 2.687723
v -123.517990 -7.213727 4.272408
v -124.028748 -6.591997 4.378973
v -124.347206 -6.979270 4.205281
v -119.702377 7.526956 4.380416
v -125.581718 -6.515254 4.367487
v -128.721619 -3.073564 4.368230
v -128.826218 -2.757111 4.255567
v -128.947586 -2.031835 4.386389
v -130.950714 -0.476418 4.181809
v -130.880783 -0.652275 4.198853
v -129.888687 -1.440596 4.215282
v -129.203857 -2.018193 4.234949
v -132.284515 -7.438840 4.314429
v -132.407074 -7.652423 4.202909
v -132.827667 -7.611763 4.192038
v -132.503113 -7.167324 4.206186
v -133.279953 -7.370771 4.374344
v -131.540710 -0.209099 4.276886
v -131.484680 0.070537 4.211985
v -131.818283 0.202275 4.178053
v -129.664474 2.232653 4.390146
v -130.570923 2.799890 4.230017
v -131.094177 3.086944 4.383943
v -146.689987 -4.066840 -2.779593
v -147.174133 -3.163826 -2.785378
v -146.912369 -3.603792 -2.757955
v -144.669861 -3.599555 -2.777401
v -144.389755 -3.668756 -2.572680
v -144.258911 -3.325299 -2.573505
v -144.433655 -3.863957 -2.606113
v -140.909607 -7.733738 -2.771673
v -140.981354 -7.953649 -2.586862
v -141.112457 -7.989227 -2.557269
v -141.460007 -7.792901 -2.750278
v -144.536835 -4.278875 -2.781965
v -144.362778 -4.174202 -2.585720
v -144.274017 -4.545787 -2.567020
v -146.885239 -4.595003 -2.564945
v -147.071640 -4.651511 -2.574053
v -147.026352 -4.666900 -2.619116
v -146.961243 -4.559091 -2.769909
v -147.377472 -4.720261 -2.796507
v -129.341660 -3.113173 4.368120
v -129.001007 -2.812142 4.232959
v -127.161583 2.358834 4.383933
v -111.237480 -1.003327 4.389376
v -151.730957 8.418573 -2.551386
v -152.346680 7.764479 -2.570028
v -153.124176 4.233165 -2.703495
v -152.814972 3.937673 -2.750900
v -154.291412 2.641369 -2.794801
v -154.986282 2.533631 -2.749659
v -154.620697 2.486419 -2.652218
v -154.243317 2.238739 -2.724618
v -153.908463 2.065294 -2.753305
v -153.995193 1.940700 -2.777845
v -154.565414 2.414785 -2.569725
v -152.887054 1.011939 -2.743814
v -152.723389 1.213332 -2.545748
v -152.385468 1.118966 -2.781459
v -152.135345 0.873455 -2.775915
v -152.816498 1.451790 -2.779419
v -152.981674 1.561895 -2.748178
v -153.246429 1.632997 -2.557996
v -153.589859 1.958034 -2.761860
v -153.952576 2.018839 -2.550369
v -153.748810 1.792110 -2.688728
v -153.385635 1.254497 -2.770973
v -151.881561 0.590403 -2.551326
v -151.489975 0.413093 -2.747102
v -151.380814 0.183485 -2.552595
v -151.039719 0.092271 -2.783108
v -158.261993 -0.336165 -2.790363
v -158.408997 -0.708172 -2.790497
v -160.142059 -2.390545 -2.781318
v -160.585007 -2.871853 -2.788498
v -160.906479 -3.255519 -2.780939
v -160.671326 -3.325948 -2.751908
v -174.691589 1.566182 4.389845
v -158.755615 -8.867163 4.066394
v -159.003494 -8.759809 4.114678
v -159.449127 -8.799443 4.177667
v -159.516632 -8.526824 4.317904
v -161.914459 -4.866741 4.185938
v -162.260880 -5.659194 4.247746
v -162.383942 -5.344817 4.217130
v -162.612198 -5.726333 4.208162
v -154.534119 2.272856 4.222413
v -154.596771 2.475618 4.208577
v -154.335068 2.658037 4.385025
v -154.977722 2.733861 4.377729
v -154.315033 5.587946 4.199437
v -154.641693 5.769176 4.216486
v -154.951843 5.916360 4.374918
v -153.408615 6.934031 4.155798
v -153.869171 5.930623 4.386350
v -150.851807 9.381897 4.156312
v -150.083313 10.217912 4.235815
v -147.002823 12.474009 4.394005
v -147.611816 12.347485 4.285923
v -147.865341 12.147001 4.283933
v -147.330460 12.758144 4.254764
v -145.985275 12.259983 4.179913
v -145.341217 11.774134 4.183059
v -144.612839 11.294739 4.164982
v -144.726395 11.178194 4.195262
v -143.564133 10.421459 4.164015
v -143.270416 10.394495 4.240643
v -144.042908 10.739648 4.163235
v -146.379120 12.973213 4.310742
v -146.602936 13.047455 4.244610
v -131.849655 10.332997 -2.554231
v -134.812073 7.399763 -2.551929
v -135.602661 6.667003 -2.560977
v -135.249710 6.816961 -2.772359
v -135.314285 7.097897 -2.548647
v -136.021606 6.646554 -2.788315
v -135.783203 6.470020 -2.560938
v -135.651749 6.155789 -2.667544
v -135.553543 6.302696 -2.717134
v -135.438782 5.604900 -2.646909
v -135.347198 5.710991 -2.622375
v -135.496124 5.419939 -2.789085
v -134.935822 5.418239 -2.766008
v -134.886749 6.898872 -2.785789
v -133.857468 4.322432 -2.719897
v -133.196411 3.732788 -2.637512
v -133.424133 3.828408 -2.600640
v -133.048370 3.592605 -2.532063
v -133.147797 3.456248 -2.698664
v -134.205338 2.635650 -2.779164
v -133.461746 3.825095 -2.531923
v -133.728119 2.080071 -2.760032
v -133.522659 1.859122 -2.723411
v -132.106018 2.902228 -2.755858
v -129.615234 2.546151 -2.628561
v -130.820496 2.489854 -2.768977
v -129.779800 2.595306 -2.562694
v -130.706329 2.752715 -2.537354
v -130.144058 2.811236 -2.760319
v -131.500656 3.100894 -2.655007
v -129.352966 -2.023773 -2.576345
v -131.245483 0.250036 -2.788442
v -131.456268 2.694887 -2.766500
v -131.768845 0.286954 -2.559276
v -131.355270 -0.082479 -2.555508
v -131.375366 0.092669 -2.767152
v -147.502411 13.879463 4.136962
v -148.881409 11.623010 4.406844
v -155.810455 1.916055 4.295793
v -156.063339 1.354533 4.177532
v -155.719559 1.547099 4.218038
v -155.577438 1.875272 4.175564
v -155.007416 2.074918 4.282769
v -155.105362 2.401572 4.185682
v -146.533157 13.609126 -2.550791
v -146.512878 13.056750 -2.763824
v -146.840469 12.923401 -2.602743
v -146.818420 12.459224 -2.716361
v -146.827332 12.635617 -2.535912
v -147.287720 12.874760 -2.585653
v -146.465393 12.466296 -2.506861
v -145.068207 11.675524 -2.542894
v -142.793182 9.920346 -2.540314
v -141.448792 8.855401 -2.543841
v -144.838974 11.307377 -2.559576
v -145.081955 11.327552 -2.768756
v -148.085556 11.890117 4.193198
v -134.367859 7.833266 -2.538279
v -170.003799 -2.428792 -2.668840
v -185.341125 -9.401658 4.330870
v -185.100647 -9.335978 4.268203
v -304.004059 0.231105 -2.185283
v -88.854004 17.093374 4.211032
v -88.471725 15.686948 4.047115
v -87.916428 15.581210 4.393104
v -88.439537 15.454524 4.385391
v -89.696915 16.397236 4.405685
v -89.065971 16.903122 4.239646
v -89.492126 16.509731 4.175124
v -90.037849 16.759495 4.257241
v -99.893356 18.431984 2.091877
v -97.203049 18.681850 1.955767
v -107.160873 18.082012 -0.408612
v -89.837387 16.988878 -2.551773
v -88.391609 15.403119 -2.797850
v -89.391022 16.207552 -2.500398
v -89.654175 16.470573 -2.766928
v -89.112206 16.145649 -2.456743
v -89.269699 16.977625 -2.587675
v -88.190353 15.901377 -2.794891
v -88.445854 15.624262 -2.550486
v -88.417397 16.343895 -2.802847
v -94.142357 16.078827 -2.795854
v -96.523384 16.047531 -2.777765
v -70.390991 13.540755 -2.497999
v -70.490921 13.475198 -2.749538
v -70.237785 13.217219 -2.692627
v -70.417831 13.173421 -2.794704
v -69.686935 12.539269 -2.786624
v -66.511345 1.937422 -2.695733
v -66.824341 1.033569 -2.501975
v -68.733276 -1.620579 -2.575241
v -68.280037 -0.617312 -2.518330
v -68.497345 -1.063068 -2.569181
v -68.885063 -0.648069 -2.492364
v -70.364265 -1.095394 -2.644521
v -70.857574 -1.791131 -2.647946
v -75.431717 -4.485189 -2.473763
v -76.455322 -4.975252 -2.781816
v -76.699287 -5.237201 -2.630093
v -77.470215 -6.454331 3.501001
v -77.648674 -7.712695 0.420754
v -78.185890 -7.633619 1.394476
v -78.508614 -7.751230 2.860501
v -78.491623 -7.636931 1.956518
v -77.889648 -7.573515 2.376167
v -77.990662 -7.362011 2.583840
v -77.532318 -7.705345 2.596184
v -77.720894 -7.127920 2.838499
v -78.189240 -7.496422 2.477185
v -78.878792 -7.919825 2.760927
v -78.578270 -7.788124 -1.275616
v -78.075638 -7.435002 -0.896265
v -77.936729 -7.386979 -1.112758
v -77.742584 -7.175092 -1.309791
v -77.904984 -6.906387 -1.676414
v -77.545830 -7.636190 -1.208407
v -77.602753 -7.744398 -0.850953
v -78.218018 -7.523160 -0.411791
v -78.439339 -7.573366 -0.294214
v -77.827682 -7.789639 -0.259617
v -77.577324 -7.707764 -1.076858
v -77.294678 -6.622137 -1.676036
v -76.253494 -5.458594 -2.264091
v -75.427101 -5.293570 -2.605046
v -75.824287 -5.723719 -2.385459
v -74.197075 -4.914243 -2.441108
v -73.790237 -5.032532 -2.305259
v -74.680664 -6.137707 -0.909986
v -74.832054 -6.117548 -0.878476
v -76.765907 -6.849908 -1.711962
v -76.116875 -5.973129 -2.209250
v -74.819214 -5.972723 -1.224053
v -74.311401 -5.351488 -1.889440
v -74.066467 -5.290103 -2.033035
v -74.067062 -5.117730 -2.187107
v -74.858253 -6.109353 -0.171405
v -74.781044 -6.124575 0.759840
v -70.005928 -12.064702 -0.873267
v -43.193699 -0.129199 -2.572941
v -43.384750 0.115306 -2.643258
v -53.446880 -1.355514 -2.657503
v -54.866859 -2.448705 -2.677774
v -61.943367 -8.654023 -2.582760
v -67.980194 -15.267104 -0.941468
v -69.596176 -12.739547 -0.665589
v -68.141434 -15.229748 2.481783
v -67.874100 -15.295340 2.527230
v -68.250374 -15.122265 2.485032
v -67.566376 -13.893134 -2.146521
v -65.786217 -12.373851 -2.444891
v -51.362328 -0.960964 -2.602449
v -51.160572 -0.831713 -2.587602
v -51.312752 -0.693967 -2.684290
v -57.563976 -14.308547 -0.864494
v -55.391525 -14.125733 -0.549383
v -40.075920 -7.121339 -2.295810
v -37.998520 0.294447 -2.589905
v -38.016960 0.937803 -2.739714
v -37.923679 0.560645 -2.480694
v -37.561722 0.554943 -2.282916
v -37.453297 0.272411 -2.523280
v -37.382351 0.015655 -2.613045
v -37.383545 0.851988 -1.282051
v -37.647720 1.723016 -1.279690
v -37.803806 0.941229 -2.542617
v -37.597363 3.508444 -0.967868
v -37.347237 1.797408 -1.046046
v -36.945805 0.490564 -0.308290
v -37.054569 0.376825 -0.761010
v -37.159855 0.278064 -0.991113
v -37.110088 0.062296 -0.609833
v -36.643681 -0.160799 -0.803699
v -36.906174 -6.444086 -2.279431
v -36.820110 -7.470789 -2.140867
v -38.165653 -7.969366 -2.130465
v -38.311111 -7.651234 -1.879514
v -38.513676 -7.944873 -1.856490
v -39.823242 -7.975550 -1.985738
v -39.863239 -7.397342 -1.957194
v -40.034599 -8.153978 -2.148855
v -38.824799 -8.353568 -2.087878
v -39.587254 -6.764729 -1.971323
v -39.830509 -7.218651 -1.976507
v -38.827202 -6.623756 -1.960508
v -38.532475 -6.668106 -2.311692
v -39.133781 -6.472055 -2.343987
v -39.719082 -6.715518 -2.338009
v -36.944424 0.224083 -1.330079
v -37.194447 0.767725 -1.116304
v -36.997074 0.735111 -0.893262
v -36.860104 -5.016233 -2.364000
v -38.187267 -7.057200 -2.260926
v -38.360851 -7.111129 -1.887982
v -37.666599 1.722214 -1.143726
v -56.291027 12.964389 4.064689
v -56.366795 12.770090 4.132494
v -56.377186 13.033424 4.182473
v -57.464546 13.030155 4.333714
v -56.814346 12.798260 4.111087
v -57.111263 12.432707 4.363103
v -56.306526 11.287147 4.357187
v -57.924629 12.483102 4.086951
v -59.992619 11.938400 4.352459
v -60.121651 11.354761 4.052105
v -59.979443 11.297687 4.047743
v -60.481125 10.991501 4.047056
v -59.453602 11.555736 4.050711
v -55.070770 10.393574 4.226355
v -62.260422 6.360041 4.145350
v -62.350269 6.068262 4.053566
v -74.463516 17.612724 4.399988
v -74.590157 17.984039 4.259425
v -74.120804 17.637033 4.179777
v -73.900497 17.593828 4.121737
v -64.818794 8.449068 4.169447
v -65.257576 8.265632 4.169241
v -65.598495 8.463258 4.124011
v -65.510910 8.624649 4.186185
v -65.072357 8.081980 4.367579
v -65.755417 8.664011 4.043104
v -65.551872 8.975023 4.370822
v -66.543663 9.470958 4.043252
v -70.049309 -9.982551 3.963805
v -67.655113 -13.333616 3.772602
v -67.829895 -13.648348 3.504984
v -73.770172 -4.957008 3.900223
v -74.108963 -5.140512 3.820337
v -75.970703 -4.936163 4.028594
v -76.521751 -4.976494 4.376446
v -75.731308 -5.516900 4.122689
v -74.820213 -6.105588 2.467529
v -74.736382 -6.111786 1.480096
v -74.654243 -6.139572 2.338444
v -56.561691 17.134842 4.301996
v -57.208382 17.356812 4.288217
v -57.476299 18.041653 4.234065
v -57.261787 18.668022 4.253869
v -57.344208 18.347811 4.006975
v -57.017818 17.368946 4.028857
v -55.817665 17.320745 4.297080
v -56.171272 17.361271 4.025309
v -55.844555 18.469370 4.004587
v -55.837727 18.720945 4.270114
v -56.367664 18.759195 3.972888
v -56.720200 18.955231 4.289340
v -55.915497 18.865170 4.289636
v -55.534996 18.218510 4.285579
v -58.159420 12.730896 4.344275
v -57.096436 12.713157 4.066043
v -61.560364 -8.764481 -2.525228
v -61.881191 -8.840518 -2.427994
v -67.815231 10.747767 -2.482008
v -68.005196 10.663802 -2.784935
v -69.208092 12.140990 -2.500221
v -69.583557 12.618508 -2.495806
v -69.704613 12.929236 -2.459589
v -71.398659 14.468066 -2.758921
v -62.691326 18.877720 -2.787746
v -64.646263 8.441578 -2.538697
v -65.231171 8.139779 -2.531811
v -65.282944 8.415761 -2.548165
v -65.542458 8.948265 -2.796354
v -65.733330 8.336226 -2.658915
v -65.247154 8.113732 -2.716849
v -57.204586 17.432396 -2.743697
v -56.950031 17.359751 -2.406178
v -57.224022 17.660963 -2.445761
v -57.443336 18.349487 -2.748384
v -62.037758 21.942398 -0.565074
v -37.135651 7.726418 -0.740028
v -46.769070 13.927288 -2.638525
v -47.528690 11.640651 -2.522256
v -44.281914 11.821471 -2.529199
v -47.822235 11.214810 -2.765309
v -48.028591 10.728068 -2.697992
v -47.899891 10.587983 -2.680088
v -47.116802 13.398917 -2.404765
v -47.001392 13.652562 -2.439941
v -47.268406 14.357248 -2.441265
v -55.663734 17.714346 -2.715549
v -55.899307 18.712307 -2.549901
v -42.183407 18.006153 -2.521504
vn 0.2527 0.5709 0.7811
vn 0.6028 0.2928 0.7422
vn 0.6622 0.6652 0.3449
vn -0.9615 -0.2739 -0.0208
vn -0.1775 0.1370 0.9745
vn -0.0219 -0.1540 0.9878
vn 0.0090 -0.3696 0.9291
vn 0.1030 -0.0889 0.9907
vn 0.0234 -0.1855 0.9824
vn 0.3724 0.7649 -0.5257
vn -0.2749 0.0119 -0.9614
vn -0.1017 0.2968 -0.9495
vn -0.1435 -0.2869 -0.9472
vn -0.2199 -0.0466 -0.9744
vn -0.1861 -0.5535 -0.8118
vn 0.0798 -0.7462 -0.6609
vn 0.0826 -0.7394 -0.6681
vn 0.0899 -0.7214 -0.6866
vn 0.9279 -0.3217 0.1885
vn 0.1507 -0.4122 -0.8986
vn -0.0783 0.3463 -0.9348
vn 0.0703 -0.0836 -0.9940
vn 0.0770 0.1668 0.9830
vn 0.1280 0.2781 0.9520
vn 0.2586 0.3762 0.8897
vn 0.3919 -0.3165 -0.8638
vn -0.5017 0.4145 -0.7593
vn 0.4096 -0.3221 -0.8535
vn 0.3134 -0.0761 0.9466
vn 0.9483 -0.1948 -0.2507
vn 0.9329 -0.2965 -0.2045
vn 0.9058 -0.4236 -0.0060
vn 0.7042 0.0771 0.7058
vn 0.7158 -0.2556 0.6499
vn 0.2191 -0.2453 0.9443
vn 0.8591 -0.2310 -0.4567
vn 0.8586 -0.2314 -0.4574
vn 0.8594 -0.2305 -0.4565
vn -0.4029 0.2551 -0.8790
vn 0.8614 0.4682 0.1967
vn 0.8818 -0.4717 0.0029
vn 0.6165 -0.7873 0.0030
vn -0.1204 -0.3098 -0.9431
vn 0.1588 0.3075 -0.9382
vn 0.2613 0.6499 -0.7137
vn 0.6464 -0.6789 -0.3483
vn 0.8440 0.1396 -0.5178
vn 0.8323 -0.5496 0.0718
vn 0.5766 -0.0254 0.8166
vn 0.3720 -0.3753 0.8490
vn 0.1732 -0.2600 0.9500
vn -0.4793 -0.8716 -0.1026
vn -0.4690 -0.6265 -0.6226
vn -0.1489 -0.1868 -0.9711
vn 0.1058 -0.9925 -0.0608
vn 0.1066 -0.9804 0.1655
vn -0.1901 -0.9630 0.1912
vn 0.1367 0.0631 -0.9886
vn -0.7274 0.4755 -0.4947
vn 0.4389 0.4870 -0.7551
vn 0.2939 0.4897 -0.8208
vn 0.2374 0.3320 -0.9129
vn -0.5641 -0.2111 -0.7983
vn -0.0707 0.5299 -0.8451
vn -0.2961 0.4634 -0.8352
vn -0.4992 0.4944 -0.7116
vn -0.0235 0.9411 -0.3373
vn 0.2066 0.6583 -0.7239
vn -0.7386 0.6695 -0.0791
vn -0.6872 0.6368 -0.3496
vn -0.3785 0.3950 -0.8371
vn -0.3626 -0.8449 -0.3933
vn -0.3189 -0.4863 -0.8135
vn -0.1962 -0.6915 -0.6952
vn 0.0450 0.9185 -0.3929
vn -0.0949 0.3974 -0.9127
vn -0.0171 0.9484 -0.3166
vn 0.7747 0.0135 -0.6322
vn 0.4130 -0.1974 -0.8891
vn 0.7678 0.0989 -0.6330
vn 0.4207 0.3179 -0.8497
vn 0.4203 0.3177 -0.8499
vn 0.4203 0.3179 -0.8499
vn 0.8486 -0.0600 -0.5256
vn -0.3280 -0.0996 -0.9394
vn -0.5855 -0.1451 -0.7976
vn 0.0034 0.0087 -1.0000
vn 0.5659 0.6920 -0.4482
vn 0.5452 0.6460 -0.5342
vn 0.3779 0.5121 -0.7713
vn 0.0272 0.0339 -0.9991
vn -0.0709 0.1109 -0.9913
vn 0.0353 0.0156 -0.9993
vn 0.6088 -0.0598 0.7910
vn 0.4507 0.8555 0.2550
vn 0.9303 0.3354 -0.1485
vn 0.8605 -0.0388 -0.5080
vn 0.8603 -0.0391 -0.5083
vn -0.0012 0.0340 -0.9994
vn -0.0386 0.2596 -0.9649
vn 0.0448 -0.0738 -0.9963
vn 0.0140 0.1006 0.9948
vn 0.1342 0.1477 0.9799
vn 0.3263 0.3700 0.8698
vn 0.2329 0.2016 -0.9514
vn 0.9551 0.2960 0.0164
vn 0.8623 -0.4921 -0.1191
vn 0.3170 -0.1190 0.9409
vn 0.3511 -0.2414 0.9047
vn 0.8900 0.0517 0.4531
vn 0.0620 -0.3826 0.9218
vn 0.2916 -0.1522 0.9443
vn 0.5762 -0.7105 0.4039
vn 0.9876 -0.1569 0.0017
vn 0.5838 -0.4686 0.6630
vn -0.6479 -0.2859 0.7060
vn -0.5099 0.0622 0.8580
vn -0.7686 -0.5192 0.3737
vn 0.0917 -0.7971 -0.5968
vn 0.6597 -0.7385 0.1394
vn 0.3841 -0.3351 -0.8603
vn 0.2048 0.1116 0.9724
vn 0.4194 0.4711 0.7760
vn 0.7636 0.4730 0.4396
vn -0.0116 0.4349 0.9004
vn -0.1532 0.8597 0.4873
vn 0.3378 0.5364 0.7734
vn 0.3356 -0.3752 -0.8641
vn 0.6946 -0.1840 -0.6955
vn 0.1385 -0.0483 -0.9892
vn -0.0682 0.2730 -0.9596
vn 0.0143 0.1807 -0.9834
vn 0.0568 -0.3256 -0.9438
vn -0.2973 0.3368 0.8934
vn -0.0499 -0.0652 0.9966
vn 0.0965 -0.0666 0.9931
vn -0.1305 -0.2157 0.9677
vn -0.1093 -0.0678 0.9917
vn -0.0905 -0.2729 0.9578
vn -0.5860 -0.7824 0.2109
vn -0.8312 -0.5244 -0.1846
vn -0.3848 -0.8371 -0.3889
vn 0.0515 -0.2554 -0.9655
vn 0.1986 -0.8525 -0.4836
vn 0.0237 -0.0345 -0.9991
vn 0.0236 -0.1348 -0.9906
vn 0.0550 -0.4871 -0.8716
vn -0.0599 -0.0919 -0.9940
vn -0.5501 -0.4143 -0.7251
vn -0.5593 -0.5657 -0.6060
vn -0.5508 -0.6762 -0.4892
vn 0.0895 -0.8888 -0.4496
vn -0.2368 -0.4123 -0.8797
vn -0.0919 -0.5755 0.8126
vn -0.2719 0.1095 0.9561
vn 0.4647 0.3795 -0.8001
vn 0.3135 0.2377 -0.9194
vn 0.0116 -0.0180 -0.9998
vn 0.9295 0.3547 0.1006
vn 0.4733 0.8728 0.1189
vn 0.7362 0.5756 0.3560
vn -0.1631 -0.2671 -0.9498
vn -0.2088 -0.8645 -0.4573
vn -0.4017 -0.7228 -0.5623
vn 0.2311 0.0976 -0.9680
vn 0.0196 0.4394 -0.8981
vn -0.2638 0.0155 -0.9645
vn 0.0678 -0.8563 -0.5120
vn -0.0324 -0.9263 -0.3754
vn -0.1039 -0.3054 -0.9466
vn 0.4421 0.8711 -0.2138
vn -0.0705 0.8564 -0.5115
vn -0.0665 0.8037 -0.5913
vn 0.3705 0.7882 -0.4914
vn 0.3595 0.5830 -0.7286
vn 0.1700 0.5313 -0.8299
vn 0.6572 0.5957 -0.4618
vn -0.0266 -0.0161 -0.9995
vn 0.2683 0.2500 -0.9303
vn -0.1008 -0.3824 -0.9185
vn -0.0134 -0.0984 -0.9951
vn -0.3132 0.0163 -0.9495
vn -0.4255 -0.2878 -0.8580
vn 0.3177 -0.3071 -0.8971
vn -0.1304 0.1682 -0.9771
vn -0.3573 0.2339 -0.9042
vn -0.0532 0.2737 -0.9603
vn -0.0089 0.2504 -0.9681
vn -0.0753 0.8496 -0.5221
vn 0.2797 0.1065 -0.9542
vn 0.6526 -0.4588 -0.6030
vn 0.2917 -0.1968 -0.9360
vn 0.5054 -0.0626 -0.8606
vn -0.1194 0.6504 -0.7501
vn -0.0844 0.6682 -0.7391
vn 0.6172 -0.5545 -0.5582
vn -0.0570 0.0572 -0.9967
vn 0.5369 -0.5336 -0.6534
vn 0.1298 -0.4075 -0.9040
vn 0.1060 -0.2358 -0.9660
vn -0.1266 0.2164 -0.9681
vn -0.0920 0.1511 0.9842
vn -0.0430 -0.4445 0.8948
vn -0.1282 0.1506 0.9802
vn -0.3927 -0.5342 -0.7486
vn -0.2825 0.0018 -0.9593
vn -0.2623 0.0299 -0.9645
vn 0.2619 0.1537 0.9528
vn 0.4063 0.4560 0.7918
vn 0.5674 0.6236 0.5377
vn 0.9793 0.0308 -0.1999
vn 0.1712 -0.1540 -0.9731
vn 0.5657 -0.3899 -0.7265
vn -0.4891 0.4140 -0.7677
vn -0.6736 0.5970 -0.4357
vn 0.1056 -0.4433 -0.8901
vn -0.5307 0.4798 -0.6986
vn -0.3473 0.2066 -0.9147
vn -0.1604 -0.3845 -0.9091
vn -0.2677 0.0115 0.9634
vn -0.6971 -0.5804 0.4209
vn -0.4816 -0.2460 0.8412
vn 0.1686 -0.7098 0.6840
vn 0.1681 -0.7097 0.6842
vn 0.1683 -0.7095 0.6843
vn 0.5910 0.6623 0.4606
vn 0.5685 0.6248 0.5352
vn 0.4556 0.8420 -0.2889
vn -0.2231 -0.2650 -0.9381
vn 0.5200 -0.1531 0.8403
vn 0.1046 -0.0243 -0.9942
vn -0.5395 -0.6741 -0.5044
vn -0.4680 0.4737 -0.7460
vn 0.4411 0.8539 -0.2761
vn 0.6723 0.7394 -0.0361
vn 0.8578 -0.2723 0.4360
vn 0.7917 -0.0038 -0.6109
vn 0.3570 -0.2299 -0.9054
vn 0.0481 -0.1466 0.9880
vn 0.5050 -0.8177 0.2764
vn 0.0391 0.0269 0.9989
vn 0.1280 -0.1496 0.9804
vn -0.0516 0.4970 0.8662
vn -0.2377 0.4207 0.8755
vn -0.3711 -0.3167 0.8729
vn -0.5049 0.2089 0.8375
vn -0.1479 0.0373 0.9883
vn 0.4835 -0.4927 -0.7235
vn 0.2275 0.3830 -0.8953
vn 0.3391 0.6498 -0.6803
vn 0.5031 0.6060 -0.6162
vn -0.1105 -0.0744 -0.9911
vn -0.8445 -0.4256 0.3250
vn -0.6096 -0.7462 -0.2674
vn 0.3148 -0.0419 -0.9482
vn -0.2209 -0.1801 -0.9585
vn 0.1692 -0.1135 -0.9790
vn 0.4941 -0.4346 -0.7529
vn 0.3461 -0.4118 -0.8430
vn 0.8481 -0.1831 -0.4971
vn 0.0169 -0.0426 0.9990
vn 0.1282 0.0091 0.9917
vn -0.2194 0.6054 0.7651
vn 0.3762 -0.5509 -0.7450
vn 0.4195 -0.5371 -0.7318
vn 0.4619 -0.4952 -0.7358
vn -0.2895 -0.1817 0.9398
vn -0.6057 -0.7914 0.0828
vn -0.0103 0.0127 0.9999
vn 0.1545 -0.6383 -0.7541
vn -0.4212 -0.4251 -0.8012
vn -0.2872 -0.2354 -0.9285
vn -0.6099 -0.6534 -0.4484
vn 0.0248 0.1803 -0.9833
vn 0.5427 0.2585 -0.7992
vn 0.5427 0.2586 -0.7991
vn 0.5425 0.2591 -0.7991
vn 0.0116 0.5532 -0.8330
vn -0.1730 0.6681 -0.7236
vn -0.1214 0.8202 -0.5590
vn -0.0828 0.6794 -0.7291
vn -0.0175 0.0167 -0.9997
vn 0.0067 -0.0107 -0.9999
vn 0.0052 -0.0049 1.0000
vn 0.5091 -0.4820 -0.7131
vn 0.6323 -0.5337 -0.5615
vn 0.5357 -0.5109 -0.6723
vn 0.0398 -0.0052 -0.9992
vn 0.5316 -0.4551 -0.7144
vn 0.1011 -0.1234 -0.9872
vn -0.8554 -0.2812 0.4350
vn -0.8697 -0.2730 0.4113
vn -0.7493 -0.3291 0.5746
vn 0.5081 -0.4954 0.7045
vn 0.2605 -0.2353 0.9364
vn 0.2030 0.0199 0.9790
vn 0.5391 -0.6581 -0.5257
vn -0.2514 0.2286 -0.9405
vn 0.2192 -0.2319 -0.9477
vn 0.2040 -0.5669 0.7981
vn 0.2042 -0.5671 0.7979
vn 0.5195 0.0210 -0.8542
vn 0.4349 0.2450 -0.8665
vn 0.2905 0.1408 -0.9465
vn 0.7161 -0.5909 -0.3716
vn 0.6945 -0.4055 0.5944
vn -0.2805 -0.0477 -0.9587
vn 0.0357 -0.3988 -0.9164
vn -0.0864 -0.1486 -0.9851
vn -0.1781 -0.3988 -0.8996
vn 0.4166 -0.1487 -0.8969
vn 0.3184 0.1129 -0.9412
vn 0.2674 -0.0438 -0.9626
vn -0.3087 0.0040 -0.9511
vn -0.4064 0.2599 -0.8760
vn -0.3300 0.3281 0.8851
vn 0.0930 -0.0812 0.9923
vn -0.0184 0.0369 0.9992
vn -0.6860 0.0649 -0.7247
vn -0.4701 0.0555 -0.8809
vn -0.5975 -0.5530 0.5807
vn -0.5494 0.0261 0.8352
vn -0.7729 0.0223 0.6341
vn 0.2897 0.4209 0.8596
vn 0.3227 0.4260 0.8452
vn 0.1216 0.5906 -0.7978
vn -0.1178 0.3722 -0.9206
vn 0.1929 0.3954 -0.8980
vn -0.2925 0.3295 0.8977
vn -0.2594 0.0401 0.9649
vn 0.0212 -0.0113 0.9997
vn 0.0494 0.5215 0.8518
vn 0.2138 0.1163 0.9699
vn 0.3710 0.7495 0.5483
vn 0.0188 0.6901 -0.7235
vn -0.1332 -0.0762 -0.9882
vn -0.0629 -0.1921 -0.9794
vn -0.1547 0.2103 -0.9653
vn -0.0855 0.2092 -0.9741
vn -0.2144 0.4984 -0.8400
vn -0.0742 0.2918 -0.9536
vn -0.0117 0.0120 -0.9999
vn 0.0873 0.1304 0.9876
vn 0.2266 0.1828 0.9567
vn 0.1921 0.1935 0.9621
vn 0.0304 -0.1190 0.9924
vn 0.3704 -0.1191 0.9212
vn -0.2306 -0.1428 0.9625
vn 0.1125 0.1657 0.9797
vn -0.0965 -0.0424 0.9944
vn -0.4513 -0.7082 0.5430
vn -0.0343 -0.0550 -0.9979
vn -0.1974 -0.2632 -0.9443
vn 0.0825 -0.7188 -0.6903
vn 0.3303 0.1133 -0.9371
vn 0.3602 0.0740 -0.9299
vn 0.7809 0.5737 -0.2474
vn 0.4025 0.2662 -0.8759
vn 0.4559 0.2849 -0.8432
vn 0.4244 0.2964 -0.8556
vn -0.0357 0.4734 -0.8801
vn -0.6942 -0.5220 -0.4955
vn -0.4893 -0.6454 -0.5866
vn -0.0916 -0.0066 0.9958
vn 0.2357 -0.1940 0.9523
vn -0.1041 -0.0410 0.9937
vn 0.5127 0.0239 -0.8582
vn 0.5127 0.0238 -0.8582
vn 0.5128 0.0239 -0.8582
vn -0.0828 0.5438 -0.8351
vn -0.1888 -0.1049 -0.9764
vn -0.8504 -0.5164 -0.1005
vn -0.0852 -0.0580 -0.9947
vn -0.2709 -0.6849 0.6764
vn -0.0655 0.0218 -0.9976
vn -0.6636 0.6369 -0.3924
vn -0.7348 0.6687 -0.1139
vn -0.1561 0.1499 -0.9763
vn -0.0957 0.0998 -0.9904
vn 0.6696 -0.6173 -0.4131
vn -0.4326 0.4856 -0.7596
vn -0.1569 0.2140 -0.9642
vn -0.8697 0.0502 -0.4911
vn -0.0299 -0.2944 -0.9552
vn -0.2061 -0.2205 -0.9534
vn 0.4272 0.1089 0.8976
vn -0.3161 0.4589 0.8304
vn 0.0079 -0.0050 -1.0000
vn -0.0127 0.2822 -0.9593
vn -0.0688 -0.4528 -0.8889
vn -0.2296 -0.3775 -0.8971
vn 0.4148 -0.8803 -0.2304
vn 0.0520 0.1084 0.9927
vn -0.0209 0.2673 0.9634
vn 0.4906 0.6362 0.5955
vn 0.3336 -0.2545 -0.9077
vn 0.6663 0.0164 -0.7455
vn 0.1406 -0.5704 -0.8092
vn -0.5557 0.1226 -0.8223
vn -0.5557 0.1224 -0.8223
vn -0.5554 0.1228 -0.8224
vn 0.5424 -0.2418 0.8046
vn 0.3576 -0.0412 -0.9330
vn 0.8921 0.1740 -0.4169
vn 0.9613 -0.0249 -0.2743
vn -0.6892 0.6479 -0.3244
vn -0.7318 0.6203 -0.2822
vn -0.3785 0.3077 -0.8730
vn 0.2865 -0.2337 -0.9291
vn -0.0900 0.2574 -0.9621
vn -0.0023 -0.0074 -1.0000
vn 0.9235 -0.1638 0.3469
vn 0.8341 0.5516 -0.0067
vn 0.9241 0.2594 0.2807
vn 0.0155 -0.4923 -0.8703
vn -0.0499 -0.2537 -0.9660
vn 0.1210 0.1199 -0.9854
vn 0.3155 0.3157 -0.8949
vn 0.5553 0.3409 -0.7586
vn 0.2114 0.0316 -0.9769
vn 0.3101 -0.1333 -0.9413
vn -0.1871 -0.0368 -0.9817
vn -0.2027 0.3100 -0.9289
vn -0.5151 0.0027 -0.8571
vn 0.0392 -0.0377 -0.9985
vn -0.0312 0.0860 -0.9958
vn -0.0452 0.0661 -0.9968
vn 0.2000 -0.0437 -0.9788
vn 0.2039 -0.0171 -0.9788
vn 0.2005 -0.0425 -0.9788
vn 0.1704 0.6754 0.7175
vn -0.1048 0.5368 0.8372
vn 0.0911 -0.2878 0.9533
vn 0.0353 -0.0609 0.9975
vn 0.1626 0.1217 -0.9792
vn -0.2533 -0.2422 -0.9366
vn -0.2539 -0.2416 -0.9366
vn -0.8893 -0.4503 0.0794
vn -0.0019 -0.0046 -1.0000
vn -0.1519 0.0468 -0.9873
vn 0.0456 -0.0652 0.9968
vn 0.3441 -0.3474 0.8723
vn 0.6590 -0.5539 -0.5088
vn 0.1263 -0.0917 -0.9877
vn 0.6783 -0.6305 -0.3774
vn 0.2536 0.2372 0.9378
vn 0.5269 0.5542 0.6444
vn -0.9336 0.3492 -0.0799
vn -0.9616 -0.2531 -0.1062
vn -0.1873 0.0758 -0.9794
vn -0.4655 0.4513 -0.7613
vn 0.1872 -0.7298 -0.6575
vn -0.1049 0.1807 -0.9779
vn -0.1753 0.1881 -0.9664
vn 0.0038 -0.5453 -0.8382
vn -0.1609 -0.8374 -0.5224
vn -0.1320 -0.9517 -0.2773
vn -0.3624 -0.5993 -0.7138
vn 0.4417 0.3367 -0.8316
vn 0.2585 0.1752 -0.9500
vn 0.4848 -0.5036 0.7151
vn 0.0152 -0.0538 0.9984
vn 0.5619 0.3411 0.7536
vn -0.1028 -0.2743 0.9561
vn -0.5051 0.4596 -0.7305
vn -0.3609 0.3893 -0.8475
vn -0.1407 0.3426 -0.9289
vn 0.0165 0.0311 -0.9994
vn 0.1741 0.1426 -0.9743
vn -0.1652 -0.3715 -0.9136
vn -0.2042 0.4780 -0.8543
vn 0.2998 -0.2658 -0.9162
vn 0.5130 -0.4132 -0.7524
vn 0.5606 -0.4898 -0.6677
vn 0.4442 -0.2279 -0.8664
vn 0.6853 0.0239 -0.7278
vn 0.3030 -0.1744 -0.9369
vn -0.1936 0.0855 0.9774
vn 0.3649 -0.3264 -0.8719
vn 0.2922 -0.2737 -0.9164
vn 0.3752 -0.3491 -0.8587
vn -0.3150 -0.0500 0.9478
vn -0.2657 -0.4203 0.8676
vn 0.6749 -0.0573 -0.7357
vn 0.2072 0.2832 -0.9364
vn 0.5095 0.4558 -0.7299
vn 0.1817 0.2675 -0.9463
vn -0.4774 -0.4214 0.7710
vn -0.4368 -0.3134 0.8432
vn -0.0549 -0.9979 0.0348
vn -0.1621 -0.9756 -0.1483
vn -0.1646 -0.9845 -0.0604
vn 0.8992 -0.2454 -0.3623
vn -0.6066 -0.7598 -0.2338
vn -0.3182 -0.3588 0.8775
vn -0.0839 0.5343 -0.8411
vn 0.5127 0.6956 -0.5033
vn 0.2330 0.2670 -0.9351
vn 0.2904 0.3140 -0.9039
vn -0.2081 -0.3321 -0.9200
vn 0.1242 -0.5896 -0.7981
vn 0.2289 -0.1868 -0.9554
vn 0.5486 -0.5103 -0.6623
vn 0.0933 -0.0709 -0.9931
vn -0.4726 0.3002 0.8286
vn 0.2244 -0.4991 -0.8370
vn -0.1715 0.4499 0.8764
vn -0.0470 0.1993 0.9788
vn -0.3753 0.5237 -0.7648
vn -0.1827 -0.2954 0.9377
vn 0.1781 -0.5207 0.8349
vn 0.0029 -0.5142 0.8577
vn 0.1487 0.2463 -0.9577
vn -0.2466 -0.2527 -0.9356
vn 0.0099 -0.9901 -0.1401
vn 0.9139 0.1494 -0.3774
vn -0.0865 -0.6529 -0.7525
vn 0.0186 0.1205 0.9925
vn 0.1605 0.4936 0.8548
vn 0.3570 0.6669 0.6540
vn -0.3640 -0.3981 -0.8420
vn -0.3063 -0.3173 -0.8975
vn -0.2332 0.0587 0.9707
vn -0.0602 -0.0788 0.9951
vn 0.4317 0.4944 0.7544
vn 0.2192 0.2019 0.9546
vn 0.0812 -0.2052 0.9753
vn -0.0393 0.0899 0.9952
vn 0.1635 0.1939 -0.9673
vn 0.1722 0.1707 -0.9702
vn 0.5448 0.3749 -0.7501
vn 0.5057 0.5552 0.6604
vn 0.7004 0.2610 0.6643
vn -0.4938 -0.1030 0.8634
vn 0.0202 0.5033 -0.8639
vn 0.0757 0.3109 -0.9474
vn -0.0497 -0.0430 0.9978
vn 0.2422 0.3274 0.9133
vn -0.2662 -0.3695 0.8903
vn -0.8220 -0.0557 -0.5667
vn 0.3705 -0.5464 -0.7511
vn 0.4206 -0.1461 -0.8954
vn 0.5150 0.4116 -0.7519
vn -0.7645 -0.0738 -0.6404
vn 0.0031 0.3590 -0.9334
vn -0.2576 0.6538 -0.7115
vn 0.4970 -0.8107 0.3095
vn 0.5055 -0.8081 0.3023
vn 0.5041 -0.8090 0.3023
vn 0.4731 -0.8810 -0.0109
vn -0.2393 -0.9701 0.0397
vn -0.0061 -0.8876 0.4606
vn 0.2140 -0.3268 -0.9205
vn -0.0644 0.1698 -0.9834
vn 0.3491 -0.7458 -0.5673
vn -0.0473 0.5035 -0.8627
vn -0.0965 0.4694 -0.8777
vn -0.0385 0.0512 -0.9979
vn -0.3103 0.4058 -0.8597
vn -0.2859 0.4707 -0.8347
vn -0.2808 0.4423 -0.8518
vn -0.5357 0.0444 -0.8432
vn 0.0506 -0.0866 -0.9950
vn -0.3206 0.8163 -0.4805
vn -0.3658 -0.8932 0.2614
vn -0.9353 -0.3010 -0.1863
vn 0.7252 0.6822 0.0931
vn 0.6599 0.0370 0.7505
vn 0.4659 0.6129 0.6382
vn 0.1388 -0.8049 -0.5769
vn 0.3326 0.6721 -0.6615
vn 0.2714 0.1913 -0.9433
vn 0.2126 0.3234 -0.9221
vn 0.0204 0.0255 -0.9995
vn 0.2034 0.2636 -0.9429
vn 0.1823 -0.3351 -0.9244
vn 0.6619 -0.7055 -0.2531
vn 0.9614 0.1098 0.2525
vn 0.9422 -0.3066 0.1351
vn 0.9730 0.0034 0.2306
vn 0.0153 0.5552 -0.8316
vn 0.5533 0.1615 -0.8172
vn 0.1604 -0.1464 -0.9761
vn -0.1876 -0.2055 -0.9605
vn 0.1159 -0.1875 -0.9754
vn 0.7301 -0.6642 -0.1608
vn 0.0911 -0.0522 0.9945
vn 0.1035 -0.0433 0.9937
vn 0.0124 -0.5770 0.8167
vn -0.0304 0.0549 0.9980
vn -0.0432 0.4174 -0.9077
vn -0.0752 0.3123 -0.9470
vn 0.8750 0.4825 0.0401
vn 0.8730 0.4844 0.0572
vn 0.8646 0.5007 0.0416
vn 0.5153 -0.4131 -0.7508
vn 0.3556 -0.4127 -0.8385
vn -0.3818 -0.5748 0.7238
vn -0.6340 0.7733 0.0129
vn -0.1330 0.0691 0.9887
vn 0.1090 -0.0748 0.9912
vn 0.1701 -0.0978 0.9806
vn 0.2111 -0.2994 -0.9305
vn 0.1861 0.4303 0.8833
vn 0.2240 0.3343 0.9155
vn 0.3655 -0.0858 0.9269
vn 0.1256 0.8214 -0.5564
vn 0.0872 0.8645 0.4950
vn -0.0050 0.4095 0.9123
vn 0.2932 0.1377 -0.9461
vn 0.4598 0.5709 -0.6802
vn -0.5051 0.4711 0.7231
vn -0.6427 0.6466 -0.4109
vn -0.1562 0.2577 0.9535
vn 0.1186 -0.5637 0.8175
vn 0.1565 -0.4006 0.9028
vn 0.4340 0.3849 -0.8146
vn 0.4351 -0.1192 -0.8925
vn -0.6905 0.4715 -0.5485
vn -0.8985 0.3517 -0.2628
vn -0.5584 0.8255 -0.0819
vn 0.5210 0.1579 0.8388
vn 0.5608 -0.0996 0.8219
vn 0.2083 0.0321 0.9775
vn 0.3280 -0.7790 0.5344
vn 0.1322 -0.6269 0.7678
vn 0.2932 -0.6292 0.7198
vn 0.3950 0.3307 -0.8571
vn 0.4353 0.2810 -0.8553
vn -0.0846 0.2142 -0.9731
vn 0.0700 -0.1232 -0.9899
vn 0.4378 0.5443 0.7156
vn 0.1067 0.1102 0.9882
vn 0.4851 0.2644 0.8335
vn 0.8198 -0.2295 0.5247
vn -0.1849 0.3411 0.9217
vn -0.6947 0.6192 0.3661
vn -0.7268 0.5782 0.3708
vn -0.5264 0.7826 0.3323
vn 0.7963 0.5931 -0.1190
vn 0.5875 0.6276 -0.5108
vn 0.4901 0.4297 0.7584
vn 0.0908 0.0660 0.9937
vn 0.1679 -0.1176 0.9788
vn -0.0265 -0.0117 0.9996
vn 0.1034 -0.4163 0.9033
vn -0.0461 -0.6681 0.7427
vn -0.5517 -0.1148 0.8261
vn -0.0091 0.2278 0.9737
vn 0.7062 -0.0285 -0.7075
vn -0.3688 -0.0520 -0.9280
vn -0.0092 -0.0107 -0.9999
vn 0.9482 -0.0511 -0.3136
vn 0.1562 -0.4326 -0.8879
vn -0.1393 -0.2975 -0.9445
vn -0.2263 0.0459 -0.9730
vn 0.2095 0.4931 0.8443
vn 0.1326 -0.1991 0.9710
vn -0.1475 0.1248 0.9812
vn 0.1205 -0.2785 0.9528
vn 0.1364 -0.9397 0.3137
vn 0.6084 -0.4649 -0.6432
vn 0.1595 -0.1639 -0.9735
vn 0.4525 0.3079 -0.8369
vn 0.1522 0.1072 -0.9825
vn 0.0995 0.0491 -0.9938
vn 0.9290 -0.3318 0.1639
vn 0.7219 0.2249 -0.6544
vn 0.1396 0.0461 -0.9891
vn -0.1690 0.2294 0.9585
vn -0.1430 0.0367 0.9890
vn 0.2840 0.3926 0.8747
vn 0.4020 0.4260 0.8105
vn 0.5193 -0.3647 0.7729
vn 0.4410 -0.2859 0.8507
vn 0.7336 -0.5758 0.3611
vn 0.3724 -0.3389 -0.8640
vn 0.3691 -0.4858 -0.7923
vn 0.3731 -0.4246 -0.8249
vn -0.8120 0.5668 0.1393
vn -0.6548 0.6013 -0.4579
vn -0.0961 0.1891 0.9772
vn -0.2632 0.3711 0.8905
vn -0.1125 0.5741 0.8110
vn -0.5623 0.8169 0.1281
vn -0.5028 0.6522 -0.5673
vn -0.5379 0.6654 -0.5176
vn -0.0386 0.6108 -0.7908
vn -0.1699 0.5012 -0.8485
vn -0.2896 0.1758 -0.9409
vn -0.1590 0.0689 -0.9849
vn -0.5632 -0.7725 -0.2933
vn -0.3045 -0.0334 -0.9519
vn -0.2600 0.2184 -0.9406
vn -0.2218 0.3276 -0.9184
vn -0.6004 -0.2795 -0.7493
vn -0.6003 -0.2794 -0.7494
vn 0.2045 0.6120 -0.7639
vn 0.0077 0.1622 -0.9867
vn 0.2211 -0.4675 -0.8559
vn 0.0409 -0.0578 -0.9975
vn -0.1306 -0.1793 -0.9751
vn 0.3703 -0.0137 0.9288
vn 0.9584 -0.2037 0.2000
vn 0.9918 0.1113 0.0624
vn 0.7932 0.5331 0.2945
vn -0.0899 -0.3016 -0.9492
vn -0.3613 -0.4925 -0.7918
vn -0.0194 -0.1457 -0.9891
vn -0.1443 -0.6793 -0.7195
vn -0.1442 -0.6793 -0.7196
vn -0.1444 -0.6793 -0.7195
vn -0.5832 -0.1779 -0.7926
vn -0.2528 0.6393 -0.7263
vn -0.2250 0.2341 -0.9458
vn -0.5188 0.7126 -0.4722
vn -0.3664 0.3242 0.8721
vn -0.6489 -0.0109 -0.7608
vn -0.6616 0.7231 0.1985
vn -0.6513 0.4598 -0.6036
vn 0.1939 0.6925 0.6949
vn 0.2800 -0.0864 -0.9561
vn 0.6960 -0.2428 -0.6758
vn -0.0050 0.0061 -1.0000
vn 0.2100 0.1915 -0.9588
vn -0.2637 0.1478 0.9532
vn -0.0064 -0.0205 0.9998
vn -0.0054 0.0126 0.9999
vn -0.1568 0.2242 0.9618
vn -0.1318 0.2145 0.9678
vn -0.1567 0.2247 0.9617
vn -0.4760 -0.2526 -0.8424
vn -0.2636 -0.4546 -0.8508
vn -0.3654 -0.2763 -0.8889
vn -0.3429 0.3154 -0.8848
vn 0.2994 0.6314 -0.7154
vn 0.0505 0.9572 -0.2848
vn 0.1302 0.6457 -0.7524
vn 0.0755 -0.5780 -0.8125
vn 0.6932 0.2959 -0.6573
vn 0.0157 -0.2694 -0.9629
vn 0.3221 0.3398 -0.8836
vn -0.1842 0.0630 -0.9809
vn -0.0446 0.5334 0.8447
vn -0.3814 0.9243 -0.0123
vn -0.7525 0.4580 0.4733
vn -0.3050 0.0050 -0.9523
vn -0.1559 -0.7432 -0.6506
vn 0.0696 0.0275 -0.9972
vn -0.2476 -0.3464 -0.9048
vn -0.6209 -0.6564 -0.4285
vn -0.0884 -0.1050 0.9905
vn -0.0745 -0.0949 0.9927
vn -0.5797 -0.6539 -0.4861
vn -0.5802 -0.6534 -0.4862
vn -0.3821 0.1935 -0.9036
vn -0.3821 0.1931 -0.9037
vn 0.6133 -0.5789 -0.5373
vn -0.1558 -0.1191 -0.9806
vn -0.2691 -0.2297 -0.9353
vn -0.6833 -0.6481 -0.3363
vn -0.2635 -0.3508 -0.8986
vn -0.0569 0.3509 0.9347
vn -0.0714 0.6108 0.7885
vn 0.0576 -0.0153 0.9982
vn 0.0324 -0.0321 0.9990
vn 0.0525 0.5042 -0.8620
vn 0.2430 0.3799 -0.8925
vn 0.0002 -0.2062 0.9785
vn 0.1262 0.1637 0.9784
vn -0.0012 0.1703 0.9854
vn -0.1377 0.7049 -0.6958
vn 0.1049 -0.0526 0.9931
vn 0.0019 -0.0907 0.9959
vn 0.0004 0.0766 0.9971
vn 0.6540 0.0915 -0.7509
vn 0.2563 0.1899 -0.9478
vn 0.6429 0.3315 -0.6905
vn 0.2153 0.2288 -0.9494
vn 0.0433 -0.0295 0.9986
vn -0.0777 0.3405 -0.9370
vn -0.3356 0.9207 0.1990
vn 0.1433 0.2363 0.9611
vn 0.3762 0.5271 0.7619
vn -0.3989 0.0950 -0.9121
vn -0.4529 -0.6382 -0.6226
vn -0.3323 -0.4601 -0.8233
vn 0.0967 0.0532 -0.9939
vn 0.1298 -0.0392 -0.9908
vn 0.3304 0.4039 -0.8531
vn 0.4692 0.5740 -0.6711
vn 0.1018 0.1671 -0.9807
vn -0.2345 0.4322 -0.8707
vn 0.1336 0.1487 0.9798
vn 0.0656 0.0243 0.9976
vn 0.1781 0.2310 0.9565
vn 0.3347 0.4016 -0.8524
vn -0.4727 -0.3980 0.7862
vn -0.1035 -0.1410 0.9846
vn 0.1173 0.1411 0.9830
vn 0.1015 0.2891 -0.9519
vn -0.0454 -0.0530 -0.9976
vn -0.0253 0.0336 -0.9991
vn -0.2356 0.1584 -0.9589
vn -0.1715 -0.1601 -0.9721
vn -0.0778 -0.0694 -0.9946
vn -0.0768 -0.0684 -0.9947
vn -0.1794 0.1796 -0.9672
vn 0.0861 -0.0729 -0.9936
vn -0.0502 0.1183 -0.9917
vn 0.1176 -0.1137 -0.9865
vn -0.1211 0.1124 -0.9863
vn -0.6515 0.7544 0.0804
vn -0.0921 0.1591 0.9830
vn 0.0240 0.0305 -0.9992
vn -0.2865 -0.4681 -0.8360
vn -0.1064 -0.1925 -0.9755
vn 0.0782 -0.4247 -0.9019
vn 0.3364 0.5015 -0.7971
vn 0.0833 0.1351 -0.9873
vn 0.0304 0.2319 -0.9723
vn 0.0413 -0.0867 0.9954
vn 0.0846 -0.2075 0.9746
vn -0.0499 0.0993 -0.9938
vn 0.0258 -0.0199 -0.9995
vn -0.0632 0.0684 -0.9957
vn -0.0553 -0.5306 0.8458
vn -0.2368 -0.0027 0.9715
vn -0.0185 -0.0495 0.9986
vn 0.1147 -0.1202 -0.9861
vn 0.5508 -0.5842 -0.5961
vn -0.4828 0.1162 -0.8680
vn -0.0221 0.6058 -0.7953
vn 0.0481 -0.3247 -0.9446
vn 0.0739 -0.4313 -0.8992
vn 0.2214 0.4400 -0.8703
vn 0.0722 -0.6513 0.7554
vn 0.0343 -0.1945 0.9803
vn 0.1336 -0.3490 0.9275
vn 0.5758 -0.8173 -0.0227
vn 0.7993 -0.5986 0.0531
vn 0.4381 -0.3783 -0.8154
vn 0.4192 -0.3582 -0.8342
vn 0.5243 -0.4561 -0.7191
vn -0.1855 -0.6578 -0.7300
vn 0.2739 0.2537 -0.9277
vn 0.3581 -0.0160 -0.9335
vn 0.4741 -0.3439 -0.8106
vn 0.8237 -0.4481 -0.3475
vn -0.5663 0.0269 0.8238
vn -0.2740 -0.0219 0.9615
vn -0.2794 0.1680 0.9454
vn -0.2017 0.7982 0.5676
vn 0.1142 -0.1238 0.9857
vn -0.5079 0.5409 0.6704
vn -0.0817 0.3483 0.9338
vn 0.1146 0.1400 -0.9835
vn -0.1445 0.0619 -0.9876
vn -0.6651 -0.0434 -0.7455
vn -0.2116 -0.0572 -0.9757
vn -0.1610 0.1310 0.9782
vn -0.0566 0.0241 0.9981
vn 0.2812 -0.2190 0.9343
vn 0.2361 0.4551 -0.8586
vn 0.2355 0.4558 -0.8584
vn 0.2360 0.4560 -0.8581
vn -0.0986 0.9939 0.0484
vn -0.1352 0.9105 0.3908
vn -0.1508 0.9797 -0.1317
vn 0.2680 0.2141 -0.9393
vn 0.3084 0.2897 -0.9061
vn 0.4183 0.3838 -0.8232
vn -0.1122 0.3083 0.9446
vn -0.1125 0.3820 0.9173
vn -0.0786 0.8286 0.5543
vn -0.2170 -0.2877 0.9328
vn -0.4425 -0.7722 0.4560
vn -0.2784 -0.3322 0.9012
vn -0.4091 0.8345 -0.3690
vn -0.0299 0.0050 -0.9995
vn 0.5330 -0.1789 -0.8270
vn -0.0202 -0.0296 -0.9994
vn -0.0557 0.0935 -0.9941
vn 0.1761 -0.8578 0.4828
vn 0.3469 -0.9295 0.1249
vn -0.3310 -0.8962 0.2956
vn 0.0295 -0.7993 -0.6003
vn 0.0274 -0.3339 -0.9422
vn -0.5407 -0.7090 -0.4528
vn -0.1146 -0.8175 -0.5644
vn -0.3988 -0.4230 -0.8137
vn -0.3350 -0.3842 -0.8603
vn 0.3543 -0.9290 -0.1071
vn -0.5240 0.7625 -0.3794
vn -0.0147 0.0468 -0.9988
vn -0.0935 0.8119 0.5763
vn 0.5617 0.6770 0.4756
vn -0.0387 0.6524 0.7569
vn -0.0410 0.0683 0.9968
vn -0.1820 0.1653 0.9693
vn 0.3413 0.3403 -0.8762
vn -0.0219 -0.2857 -0.9581
vn -0.3112 -0.5642 -0.7648
vn 0.2707 -0.3449 -0.8988
vn 0.0008 -0.0146 -0.9999
vn 0.0007 -0.0299 -0.9996
vn 0.2455 0.0346 -0.9688
vn 0.8085 -0.2690 0.5233
vn 0.6528 0.3016 0.6949
vn 0.6895 0.0165 0.7241
vn 0.9305 -0.3541 0.0941
vn 0.9707 -0.2400 -0.0139
vn 0.7419 -0.6370 0.2092
vn 0.0273 -0.2077 0.9778
vn 0.1219 -0.2807 0.9520
vn 0.8943 -0.0216 -0.4469
vn -0.2217 -0.2532 0.9417
vn -0.2217 -0.2531 0.9417
vn -0.2218 -0.2530 0.9417
vn 0.0297 0.0614 -0.9977
vn -0.0098 -0.0191 -0.9998
vn 0.3095 0.2834 -0.9077
vn -0.2287 0.5421 -0.8086
vn -0.1903 0.3798 -0.9053
vn -0.5094 0.3633 -0.7801
vn -0.2854 -0.8914 -0.3522
vn 0.3042 -0.2494 -0.9194
vn 0.3034 -0.2487 -0.9198
vn 0.3035 -0.2487 -0.9198
vn 0.1912 0.3269 -0.9255
vn 0.3845 0.5988 -0.7025
vn 0.2509 -0.8451 -0.4721
vn -0.0884 -0.9555 0.2813
vn 0.4706 0.2184 -0.8549
vn 0.7309 0.4459 -0.5167
vn 0.5865 0.5032 -0.6347
vn 0.0082 0.2760 -0.9611
vn 0.3373 -0.3971 0.8535
vn 0.1356 -0.5337 0.8347
vn 0.4116 -0.1620 -0.8968
vn 0.9832 0.1377 0.1200
vn 0.6178 0.1062 -0.7792
vn 0.8421 0.1887 0.5052
vn -0.5746 0.7736 0.2670
vn -0.0521 0.2385 -0.9697
vn 0.0827 0.4113 -0.9078
vn -0.0951 0.1180 -0.9885
vn -0.2215 0.9748 -0.0252
vn -0.2210 0.9749 -0.0259
vn -0.2212 0.9749 -0.0255
vn 0.4567 -0.2812 -0.8440
vn 0.1787 -0.4607 -0.8694
vn 0.0325 0.0626 -0.9975
vn -0.7634 0.1253 -0.6336
vn -0.6772 -0.6135 -0.4062
vn 0.7790 -0.0871 0.6209
vn 0.1776 0.0734 -0.9814
vn -0.2724 -0.1030 -0.9567
vn -0.5137 -0.4142 0.7514
vn -0.2984 -0.2921 0.9086
vn -0.4083 -0.3155 0.8566
vn 0.0177 -0.0306 0.9994
vn 0.0289 -0.0233 0.9993
vn 0.0167 -0.0317 0.9994
vn 0.2834 -0.6677 -0.6884
vn 0.2438 -0.5811 -0.7765
vn -0.3673 0.4002 -0.8396
vn -0.1048 -0.1279 0.9862
vn -0.9599 0.1947 0.2016
vn -0.7936 -0.3565 0.4930
vn -0.3011 -0.6840 -0.6645
vn -0.0931 -0.3067 -0.9472
vn -0.2128 -0.5406 -0.8139
vn 0.4055 -0.5173 -0.7537
vn 0.0413 0.6887 -0.7239
vn -0.0555 0.5206 -0.8520
vn 0.0497 0.7187 -0.6935
vn -0.4938 -0.4297 -0.7560
vn -0.4996 -0.3041 -0.8111
vn 0.2245 0.2094 -0.9517
vn 0.0807 -0.2136 -0.9736
vn 0.0337 -0.3099 -0.9502
vn 0.3890 0.3477 -0.8531
vn 0.4025 0.2898 -0.8683
vn 0.4128 0.2400 -0.8787
vn 0.2080 -0.3404 0.9170
vn 0.1393 -0.0875 0.9864
vn -0.2874 0.3712 0.8830
vn -0.3529 0.4111 0.8405
vn -0.3593 0.4405 0.8227
vn -0.0175 -0.3758 0.9265
vn 0.3091 -0.8921 0.3297
vn 0.2822 -0.7982 0.5322
vn 0.0359 -0.0922 0.9951
vn -0.0562 -0.0177 0.9983
vn 0.1266 -0.3621 0.9235
vn 0.1166 0.2227 0.9679
vn -0.1911 -0.3193 0.9282
vn 0.1288 0.6039 0.7866
vn -0.0553 0.1312 0.9898
vn 0.7983 0.3558 -0.4859
vn 0.7532 0.4577 -0.4724
vn 0.5648 0.1919 -0.8026
vn -0.0204 0.3136 0.9493
vn -0.2322 0.0600 0.9708
vn 0.0224 0.5053 0.8626
vn 0.0258 0.2314 0.9725
vn -0.1559 -0.1901 -0.9693
vn -0.5384 -0.6532 -0.5324
vn -0.5832 -0.6882 -0.4316
vn 0.0490 0.3874 -0.9206
vn -0.3064 -0.4304 -0.8491
vn 0.4774 0.5244 -0.7050
vn -0.3896 -0.2434 -0.8882
vn 0.7863 0.5548 -0.2719
vn 0.6081 0.7764 0.1658
vn 0.5697 0.7056 -0.4214
vn 0.9395 -0.3251 0.1081
vn -0.4561 0.3829 -0.8033
vn -0.5082 0.6042 -0.6137
vn -0.2560 0.2129 -0.9429
vn 0.2634 0.3371 0.9039
vn 0.2928 -0.5678 0.7693
vn 0.3035 -0.5236 0.7961
vn 0.1325 -0.7473 0.6512
vn -0.3966 0.9077 -0.1373
vn -0.3517 0.9258 -0.1385
vn -0.3884 0.9109 -0.1396
vn -0.3346 0.5973 0.7289
vn 0.3649 -0.4147 0.8336
vn -0.2598 -0.2859 -0.9224
vn -0.1176 -0.7626 0.6361
vn -0.3083 0.2026 0.9295
vn -0.2886 0.2122 0.9336
vn -0.0000 0.0307 -0.9995
vn -0.0083 0.0311 -0.9995
vn -0.0744 -0.6514 -0.7551
vn -0.5463 -0.5781 0.6061
vn -0.3926 -0.4697 0.7908
vn 0.0152 -0.0473 -0.9988
vn 0.6897 0.1721 0.7033
vn -0.2100 -0.1770 -0.9616
vn -0.3760 -0.3531 -0.8567
vn 0.4660 0.6294 -0.6218
vn 0.5215 0.5752 -0.6303
vn 0.6982 0.6511 0.2978
vn 0.1876 0.6104 -0.7696
vn 0.1879 0.6104 -0.7694
vn 0.1879 0.6106 -0.7694
vn -0.9713 -0.2001 0.1286
vn -0.5701 0.7098 0.4136
vn -0.2351 0.4421 -0.8656
vn 0.2014 0.9674 -0.1536
vn -0.3238 0.8814 -0.3438
vn 0.4708 -0.5953 -0.6511
vn 0.2579 -0.4343 -0.8630
vn 0.0992 -0.4633 -0.8807
vn 0.1975 -0.9644 -0.1757
vn -0.5011 -0.7969 -0.3375
vn -0.8108 -0.5841 0.0370
vn -0.1131 -0.3786 0.9186
vn -0.1387 -0.5575 0.8185
vn 0.1457 0.2716 -0.9513
vn -0.3539 -0.2357 -0.9051
vn 0.7091 -0.6821 -0.1788
vn -0.1721 -0.1659 -0.9710
vn -0.2045 0.0747 -0.9760
vn 0.0056 0.0020 -1.0000
vn 0.7029 0.5854 -0.4040
vn 0.7028 0.5856 -0.4040
vn 0.7028 0.5854 -0.4042
vn -0.2443 -0.2100 0.9467
vn 0.1124 0.1179 -0.9867
vn -0.0167 0.2558 -0.9666
vn -0.1037 0.0169 0.9945
vn -0.0809 -0.1498 0.9854
vn -0.0256 -0.0852 0.9960
vn -0.3735 -0.4385 -0.8174
vn 0.3689 -0.8051 -0.4644
vn 0.1283 -0.1126 0.9853
vn -0.0010 -0.0324 0.9995
vn 0.6070 -0.1556 0.7793
vn -0.0117 -0.0060 -0.9999
vn 0.1416 0.1363 -0.9805
vn 0.5909 0.0531 -0.8050
vn -0.8565 0.4508 -0.2515
vn -0.8564 0.4509 -0.2517
vn -0.8563 0.4512 -0.2514
vn -0.4387 -0.7002 -0.5633
vn 0.9002 0.3860 -0.2014
vn 0.7740 0.3882 -0.5003
vn 0.7964 0.1715 -0.5799
vn 0.2969 -0.2621 -0.9183
vn 0.0194 0.2107 0.9773
vn -0.2754 0.2597 0.9256
vn 0.3209 -0.2993 0.8986
vn 0.2135 -0.3698 0.9043
vn 0.5347 -0.6683 0.5172
vn 0.2690 -0.3634 0.8919
vn 0.2105 -0.3859 0.8982
vn 0.1625 -0.8726 0.4606
vn -0.1335 -0.8205 0.5558
vn -0.0650 -0.3623 0.9298
vn -0.2682 0.1424 0.9528
vn -0.0559 -0.1340 0.9894
vn 0.0438 -0.5498 0.8342
vn 0.1935 -0.3997 0.8960
vn -0.0648 0.0168 0.9978
vn -0.0478 0.3031 0.9518
vn 0.1208 -0.0556 0.9911
vn 0.0499 0.9418 -0.3324
vn -0.0233 0.2860 -0.9579
vn 0.0752 -0.7571 -0.6490
vn 0.0981 0.0082 0.9951
vn 0.0087 0.2650 0.9642
vn -0.0407 0.0669 -0.9969
vn -0.4214 -0.8894 -0.1770
vn 0.6355 -0.7077 -0.3087
vn 0.5902 -0.6506 0.4780
vn -0.6581 -0.3527 -0.6652
vn 0.1968 0.1235 -0.9726
vn 0.3663 0.5456 -0.7537
vn -0.1048 0.3363 -0.9359
vn -0.7411 0.6700 -0.0441
vn -0.3126 -0.9088 -0.2763
vn -0.0885 -0.2496 -0.9643
vn 0.0354 -0.0185 -0.9992
vn 0.0736 -0.2549 -0.9642
vn 0.5752 0.7017 -0.4204
vn 0.6421 0.7265 -0.2449
vn 0.6225 0.7160 -0.3160
vn -0.0470 -0.2575 -0.9651
vn 0.0359 0.3736 -0.9269
vn -0.1779 -0.2393 -0.9545
vn 0.1695 0.1090 -0.9795
vn -0.0875 0.0962 -0.9915
vn 0.2277 -0.2211 -0.9483
vn 0.0461 0.0361 -0.9983
vn 0.1325 0.1628 -0.9777
vn 0.0969 0.1176 -0.9883
vn 0.2172 -0.2398 -0.9462
vn -0.2379 0.0128 -0.9712
vn 0.6116 0.4757 -0.6322
vn 0.6289 0.5720 -0.5266
vn 0.1885 0.0374 -0.9814
vn -0.0301 -0.1264 -0.9915
vn -0.2557 -0.3756 -0.8908
vn -0.0142 -0.0460 -0.9988
vn -0.0312 0.2844 -0.9582
vn 0.3124 0.3440 0.8855
vn 0.2659 0.3446 0.9003
vn 0.8681 -0.0051 -0.4963
vn 0.3653 -0.3163 -0.8755
vn 0.0363 -0.1363 -0.9900
vn -0.0000 0.0008 1.0000
vn -0.1705 0.2644 0.9492
vn 0.0176 -0.4802 0.8770
vn -0.0048 -0.1186 0.9929
vn 0.1512 -0.3458 0.9261
vn 0.0985 -0.1266 0.9871
vn 0.0776 -0.1495 0.9857
vn 0.0442 0.0652 0.9969
vn 0.4262 -0.5174 0.7421
vn 0.0837 -0.2356 0.9682
vn 0.2731 -0.3157 0.9087
vn 0.1183 0.1476 0.9819
vn -0.4601 0.3126 0.8310
vn 0.0234 -0.0966 0.9950
vn 0.0583 0.1065 0.9926
vn 0.1122 0.2497 0.9618
vn -0.0158 -0.0111 0.9998
vn 0.1521 -0.0237 0.9881
vn 0.0900 0.0777 0.9929
vn 0.0324 -0.0551 0.9980
vn 0.1052 -0.3690 0.9234
vn -0.9808 -0.0867 0.1745
vn 0.1164 0.1477 0.9822
vn 0.0308 -0.6506 0.7588
vn 0.0128 -0.1999 0.9797
vn 0.0168 0.2500 0.9681
vn -0.0226 -0.0110 0.9997
vn -0.0191 -0.1012 0.9947
vn -0.0591 0.1705 0.9836
vn -0.2565 0.2280 0.9393
vn 0.0694 0.0892 0.9936
vn -0.0195 0.0622 0.9979
vn 0.0490 -0.2316 0.9716
vn 0.0616 0.0987 0.9932
vn 0.0264 -0.1205 0.9924
vn -0.0019 -0.0052 1.0000
vn -0.0476 0.0208 0.9987
vn -0.0784 -0.0574 0.9953
vn -0.3751 -0.5077 0.7756
vn 0.5253 -0.4310 0.7337
vn 0.1833 -0.2550 0.9494
vn -0.0336 -0.1462 0.9887
vn 0.0424 -0.4434 0.8953
vn -0.0075 -0.0067 0.9999
vn -0.0020 -0.1325 0.9912
vn 0.0063 -0.4517 0.8921
vn -0.0230 0.1502 0.9884
vn -0.4675 0.1915 0.8630
vn -0.0734 0.0582 0.9956
vn -0.0090 -0.0962 0.9953
vn 0.0503 -0.3577 0.9325
vn -0.7732 -0.5562 -0.3048
vn 0.0162 -0.0375 -0.9992
vn 0.0940 -0.1292 -0.9871
vn 0.0588 -0.1065 -0.9926
vn 0.0485 -0.2409 -0.9693
vn -0.0315 0.3650 -0.9305
vn -0.3506 0.3916 -0.8507
vn -0.5306 -0.2940 -0.7950
vn 0.5904 -0.4067 -0.6971
vn 0.2927 -0.1310 0.9472
vn 0.7480 0.6348 0.1939
vn 0.5505 0.2928 0.7818
vn 0.9503 0.2736 -0.1483
vn 0.8587 0.4446 -0.2549
vn 0.6477 0.4338 0.6263
vn 0.2706 -0.7980 -0.5385
vn 0.3721 -0.8222 -0.4308
vn -0.0820 -0.3951 -0.9150
vn -0.0041 0.6315 -0.7753
vn -0.0814 0.9188 -0.3862
vn 0.5078 0.8068 -0.3020
vn -0.0025 -0.7598 -0.6501
vn -0.1240 -0.0646 -0.9902
vn 0.0879 0.1842 -0.9790
vn -0.0445 0.9704 -0.2375
vn 0.1975 -0.1891 -0.9619
vn 0.1566 -0.1789 -0.9713
vn -0.0464 -0.3381 -0.9400
vn -0.1940 0.4374 -0.8781
vn 0.0319 0.1356 -0.9902
vn 0.3716 -0.1352 -0.9185
vn -0.0367 0.5553 -0.8308
vn -0.2114 -0.3637 -0.9072
vn 0.0387 -0.2326 -0.9718
vn -0.0389 0.0945 -0.9948
vn 0.1761 0.0699 -0.9819
vn 0.7090 0.1663 -0.6853
vn 0.7126 -0.6523 -0.2582
vn 0.0203 -0.0746 -0.9970
vn -0.4775 0.3936 -0.7856
vn 0.3004 -0.2486 -0.9209
vn -0.3002 -0.4525 -0.8397
vn 0.0002 -0.0137 -0.9999
vn 0.0661 -0.6047 0.7937
vn 0.0501 -0.6384 0.7681
vn 0.5573 0.6201 0.5523
vn 0.5141 0.5850 0.6273
vn -0.1281 0.0972 -0.9870
vn -0.3492 0.2848 -0.8927
vn -0.1306 0.0541 -0.9900
vn -0.0165 -0.0515 0.9985
vn -0.5920 -0.0503 -0.8044
vn -0.6131 -0.6238 -0.4847
vn 0.8801 0.0131 -0.4747
vn 0.9935 0.0552 -0.0999
vn 0.8500 -0.2296 -0.4741
vn 0.7511 -0.3122 -0.5817
vn 0.5572 0.1692 -0.8130
vn 0.6467 -0.3166 -0.6939
vn 0.1828 0.6760 -0.7139
vn 0.4763 0.5807 -0.6603
vn -0.2238 -0.1486 -0.9632
vn -0.7095 -0.6892 -0.1472
vn -0.2972 -0.2759 -0.9141
vn -0.0403 -0.0425 -0.9983
vn -0.1818 -0.3786 -0.9075
vn -0.0649 -0.3154 -0.9467
vn 0.0365 -0.0448 -0.9983
vn 0.6871 -0.7098 0.1555
vn 0.3533 -0.4349 -0.8283
vn -0.1132 0.1226 0.9860
vn -0.4813 0.2442 0.8418
vn -0.0303 -0.0180 0.9994
vn -0.0060 -0.0095 0.9999
vn -0.2391 -0.0937 0.9664
vn 0.1273 0.0487 0.9907
vn 0.2389 0.4276 0.8718
vn -0.2105 -0.1298 0.9689
vn -0.4771 -0.6786 0.5584
vn -0.0589 -0.0244 0.9980
vn 0.1285 -0.0343 0.9911
vn 0.1966 0.2708 0.9424
vn -0.0495 0.0131 0.9987
vn 0.2960 -0.3684 0.8813
vn -0.0062 -0.0977 0.9952
vn -0.2192 -0.2145 0.9518
vn 0.5567 -0.2761 0.7835
vn 0.1118 -0.0552 0.9922
vn 0.3515 -0.1860 0.9175
vn 0.0357 -0.2833 0.9584
vn 0.0929 -0.0467 0.9946
vn 0.1442 0.1734 0.9742
vn 0.2006 0.2830 0.9379
vn -0.2222 -0.3452 0.9118
vn -0.5457 -0.6985 -0.4629
vn -0.6452 -0.7535 0.1260
vn -0.4081 -0.4100 -0.8157
vn -0.0014 -0.2607 -0.9654
vn 0.0982 -0.4793 -0.8721
vn -0.0032 0.0196 -0.9998
vn -0.1426 0.4083 -0.9016
vn -0.1272 0.7434 -0.6566
vn 0.0124 0.0507 -0.9986
vn -0.0336 -0.0122 -0.9994
vn 0.4761 -0.4235 -0.7707
vn 0.4020 -0.3919 -0.8275
vn 0.3862 -0.3762 -0.8422
vn -0.0070 0.0083 -0.9999
vn 0.1750 -0.1607 -0.9714
vn 0.5114 -0.4784 -0.7138
vn 0.4916 -0.4479 -0.7468
vn 0.7223 -0.6179 -0.3105
vn 0.2783 -0.2342 -0.9315
vn -0.9099 -0.2450 0.3347
vn 0.3569 -0.1628 0.9199
vn 0.4646 -0.4987 0.7317
vn 0.2695 -0.2553 0.9285
vn 0.0212 -0.0673 0.9975
vn 0.4779 -0.5659 0.6719
vn 0.0566 -0.1704 -0.9837
vn -0.3996 0.0227 -0.9164
vn -0.2426 -0.2068 0.9478
vn -0.1925 -0.0953 0.9766
vn -0.2160 0.1608 0.9631
vn 0.3353 0.4786 0.8115
vn -0.1598 0.4945 -0.8544
vn -0.0133 0.0071 0.9999
vn -0.3837 0.3675 0.8472
vn 0.3032 0.3356 -0.8919
vn 0.0971 -0.1135 0.9888
vn -0.0528 -0.2075 0.9768
vn 0.0250 -0.1423 0.9895
vn -0.2963 -0.2520 0.9212
vn -0.2185 -0.2267 0.9491
vn 0.0977 0.1348 0.9860
vn 0.1648 -0.1131 0.9798
vn 0.0651 -0.0512 0.9966
vn -0.1313 0.1583 0.9786
vn 0.0508 -0.0137 0.9986
vn 0.0355 0.2420 0.9696
vn 0.1083 -0.2562 0.9605
vn 0.4195 -0.2254 0.8793
vn 0.0612 0.0491 0.9969
vn -0.1850 -0.3537 0.9169
vn 0.0034 -0.0193 0.9998
vn 0.3059 0.3201 0.8966
vn 0.0144 0.0447 0.9989
vn 0.1494 -0.0766 0.9858
vn 0.0099 0.1466 0.9892
vn 0.0342 -0.0336 0.9988
vn -0.1061 -0.1102 0.9882
vn -0.0641 0.0122 0.9979
vn -0.1744 -0.1208 0.9772
vn -0.2706 0.1195 0.9552
vn -0.1717 -0.2099 -0.9625
vn -0.0492 -0.0538 -0.9973
vn 0.6209 0.5685 -0.5397
vn 0.6246 0.5713 -0.5324
vn 0.0110 -0.0152 -0.9998
vn 0.4571 -0.0018 -0.8894
vn -0.0812 -0.1057 0.9911
vn -0.2103 -0.5804 0.7867
vn 0.0496 0.2863 -0.9569
vn -0.0484 -0.0987 -0.9939
vn 0.0435 0.1676 -0.9849
vn 0.1655 0.3314 -0.9288
vn 0.3454 -0.7466 -0.5686
vn 0.4498 0.4238 0.7862
vn 0.2447 0.0871 0.9657
vn -0.7337 0.6220 -0.2735
vn -0.4847 0.3961 -0.7798
vn 0.2086 0.9335 0.2918
vn 0.1003 -0.1504 0.9835
vn 0.2511 -0.3607 0.8982
vn -0.0881 -0.0918 -0.9919
vn 0.7228 -0.6530 -0.2262
vn 0.6375 -0.5260 -0.5630
vn 0.4796 -0.3872 -0.7874
vn 0.5102 -0.4974 -0.7017
vn 0.1244 0.3531 0.9273
vn -0.4920 0.4082 -0.7689
vn 0.6007 0.2866 -0.7463
vn 0.3460 -0.0125 -0.9381
vn 0.6609 0.3591 -0.6590
vn 0.6799 -0.7102 0.1828
vn 0.5424 -0.5585 0.6276
vn -0.3747 0.2160 -0.9016
vn -0.3133 0.2280 -0.9219
vn 0.3148 -0.3985 -0.8615
vn 0.2383 -0.3001 -0.9237
vn 0.0475 0.0658 -0.9967
vn 0.0219 0.0193 -0.9996
vn 0.0006 -0.0164 -0.9999
vn -0.2186 0.2590 -0.9408
vn 0.3104 -0.2662 -0.9126
vn 0.6461 -0.5491 -0.5301
vn 0.5365 0.4700 -0.7009
vn -0.1540 -0.3329 0.9303
vn -0.4949 -0.5281 0.6901
vn -0.1989 -0.2059 0.9582
vn 0.4101 0.4113 -0.8141
vn 0.5222 0.8359 -0.1689
vn -0.3679 -0.4211 -0.8290
vn -0.3070 -0.7026 -0.6419
vn -0.0140 0.0048 0.9999
vn 0.2327 0.1770 0.9563
vn 0.3944 0.4576 0.7969
vn 0.2096 0.2016 -0.9568
vn 0.1911 0.1875 -0.9635
vn 0.6675 0.2145 -0.7131
vn 0.4126 0.5543 -0.7228
vn 0.1561 -0.9877 0.0011
vn 0.2387 -0.3057 -0.9217
vn 0.2384 -0.3038 -0.9225
vn -0.0006 0.2883 -0.9575
vn -0.2278 0.4159 -0.8804
vn -0.0929 0.2818 -0.9550
vn 0.0958 0.2734 -0.9571
vn -0.2457 0.4172 -0.8750
vn -0.3096 -0.5074 -0.8042
vn -0.0129 -0.8928 0.4504
vn 0.4348 -0.2947 -0.8509
vn 0.5026 -0.4327 -0.7485
vn 0.1587 -0.1467 -0.9764
vn -0.0037 0.0087 -1.0000
vn 0.0927 -0.0863 -0.9919
vn 0.0225 -0.0163 -0.9996
vn 0.2632 -0.5702 -0.7782
vn 0.9122 0.2030 0.3558
vn 0.9724 0.2294 -0.0425
vn -0.0024 -0.0308 0.9995
vn -0.0112 0.3207 -0.9471
vn -0.1829 0.0149 -0.9830
vn -0.0056 0.1587 -0.9873
vn -0.0197 0.2817 -0.9593
vn -0.0050 0.0885 -0.9961
vn -0.1128 0.8975 -0.4263
vn 0.4663 -0.3322 -0.8199
vn 0.3784 -0.3872 -0.8408
vn -0.3971 0.4134 0.8194
vn 0.3975 0.0057 0.9176
vn 0.1787 -0.0766 0.9809
vn 0.5074 -0.1577 0.8472
vn 0.5061 0.4292 0.7481
vn 0.5831 0.6673 -0.4634
vn 0.7581 0.5553 -0.3419
vn 0.1249 -0.1311 -0.9835
vn 0.3324 -0.0463 0.9420
vn -0.0988 0.4592 0.8828
vn -0.8074 0.4524 0.3787
vn 0.5528 0.4822 -0.6797
vn 0.2861 0.2741 -0.9182
vn 0.4272 0.2972 -0.8539
vn 0.1532 0.5644 -0.8112
vn 0.6943 -0.3138 -0.6476
vn 0.3604 -0.0780 -0.9295
vn 0.2832 0.0420 -0.9581
vn 0.3036 0.4775 -0.8245
vn -0.1532 0.0023 0.9882
vn -0.2397 0.2446 0.9395
vn 0.0608 -0.3022 0.9513
vn 0.0094 0.0047 0.9999
vn -0.1286 -0.3286 0.9357
vn 0.0171 -0.0311 0.9994
vn 0.0858 -0.0987 0.9914
vn 0.4035 -0.7893 0.4628
vn 0.0158 -0.0407 0.9990
vn -0.0192 -0.4037 0.9147
vn -0.0627 0.3645 0.9291
vn 0.2983 -0.3060 -0.9041
vn -0.0547 0.0224 -0.9983
vn 0.6142 -0.4345 -0.6588
vn 0.7109 -0.5025 -0.4921
vn 0.2744 -0.2912 -0.9165
vn 0.7369 -0.6350 0.2318
vn 0.0958 -0.0982 -0.9905
vn 0.0022 0.0230 -0.9997
vn 0.2498 -0.6679 -0.7011
vn 0.2689 0.2816 -0.9211
vn 0.5562 0.4239 -0.7148
vn 0.5344 0.3479 -0.7703
vn 0.2215 -0.2074 -0.9529
vn 0.5265 -0.4129 -0.7431
vn 0.5467 -0.4232 -0.7225
vn 0.3582 -0.3649 -0.8594
vn 0.3382 -0.5438 -0.7680
vn -0.6193 0.4954 -0.6091
vn -0.6237 0.4973 -0.6030
vn -0.8094 0.5562 0.1886
vn -0.4302 0.4415 -0.7874
vn -0.2978 0.3887 0.8719
vn -0.3183 0.8233 -0.4699
vn -0.5534 0.7820 0.2868
vn 0.0023 0.3331 -0.9429
vn 0.0153 0.0505 -0.9986
vn -0.4839 0.3428 -0.8052
vn -0.1166 0.1152 -0.9865
vn 0.4897 0.7562 -0.4339
vn 0.1026 0.2356 -0.9664
vn -0.2781 0.3355 -0.9000
vn 0.3829 -0.6156 -0.6888
vn 0.3111 -0.6483 -0.6949
vn -0.1056 0.1296 -0.9859
vn 0.1958 -0.2667 -0.9437
vn -0.0367 0.0120 -0.9993
vn 0.8918 0.1988 0.4064
vn 0.9072 0.1977 0.3713
vn -0.2723 0.9590 -0.0783
vn -0.5663 -0.5899 -0.5757
vn -0.8255 0.5642 0.0113
vn 0.1036 0.0906 -0.9905
vn 0.2391 0.2890 0.9270
vn -0.4730 -0.6319 0.6140
vn -0.3858 -0.4420 -0.8098
vn -0.6384 -0.5190 -0.5684
vn -0.0373 -0.0495 -0.9981
vn -0.1709 0.1128 0.9788
vn -0.1272 0.2235 0.9664
vn 0.1529 0.0733 0.9855
vn 0.2772 0.3520 -0.8940
vn 0.6239 0.6729 -0.3976
vn 0.2920 0.2694 -0.9177
vn 0.3140 -0.0421 -0.9485
vn 0.5605 0.6292 -0.5384
vn 0.1433 0.0622 0.9877
vn 0.4146 -0.1703 0.8939
vn -0.0041 0.0762 0.9971
vn 0.1278 0.0562 -0.9902
vn 0.7211 0.3296 -0.6095
vn -0.5779 0.0125 -0.8160
vn 0.3303 -0.2171 0.9186
vn -0.3673 -0.0577 -0.9283
vn -0.1381 -0.4795 -0.8666
vn 0.6027 0.6833 0.4121
vn -0.4883 -0.6233 -0.6109
vn 0.0510 -0.0020 0.9987
vn -0.3171 -0.4302 -0.8452
vn -0.1749 -0.1633 -0.9710
vn 0.0611 -0.0767 -0.9952
vn -0.1416 0.5187 -0.8432
vn -0.0489 0.1370 -0.9894
vn 0.6204 -0.7819 0.0615
vn 0.4343 -0.3744 -0.8192
vn -0.1861 0.1609 0.9693
vn -0.3664 0.3213 0.8732
vn 0.2668 0.2055 -0.9416
vn -0.3016 -0.4194 0.8562
vn -0.4269 -0.5521 0.7162
vn -0.0320 0.1275 -0.9913
vn 0.0259 -0.1548 -0.9876
vn -0.0134 0.2021 -0.9793
vn 0.0421 -0.2344 -0.9712
vn 0.1733 -0.5054 -0.8453
vn 0.0157 0.0014 -0.9999
vn 0.1534 0.2187 -0.9637
vn 0.0993 0.0572 -0.9934
vn 0.0887 0.1153 -0.9894
vn 0.0480 0.0353 -0.9982
vn 0.2844 0.1813 -0.9414
vn 0.2271 0.1984 -0.9534
vn -0.0200 -0.0167 -0.9997
vn 0.2386 0.2235 -0.9451
vn 0.1027 0.1060 -0.9891
vn -0.2075 0.1272 -0.9699
vn 0.5208 -0.1502 -0.8404
vn -0.1352 0.1030 -0.9854
vn -0.1438 0.1062 -0.9839
vn -0.2180 0.1667 -0.9616
vn -0.0513 -0.1692 -0.9842
vn -0.0154 0.2184 -0.9757
vn -0.2801 -0.1475 -0.9486
vn -0.3049 -0.0900 -0.9481
vn -0.0453 -0.1837 -0.9819
vn 0.0077 -0.0108 -0.9999
vn -0.0272 -0.0219 -0.9994
vn 0.0020 -0.0438 -0.9990
vn -0.1640 -0.4486 -0.8786
vn -0.0634 -0.1815 -0.9813
vn -0.1419 0.1190 -0.9827
vn 0.3836 -0.0819 -0.9199
vn -0.2238 0.0099 -0.9746
vn 0.1176 0.2128 -0.9700
vn 0.0691 -0.1920 -0.9790
vn -0.0415 0.0490 -0.9979
vn -0.1387 -0.1068 -0.9846
vn 0.2504 0.1358 -0.9586
vn 0.4332 -0.4874 -0.7581
vn -0.1099 0.0807 -0.9907
vn -0.1126 0.0695 -0.9912
vn 0.0012 -0.0028 -1.0000
vn -0.0092 -0.0037 -1.0000
vn -0.0728 0.2031 -0.9764
vn -0.2201 0.1317 -0.9665
vn 0.0192 -0.5902 -0.8070
vn -0.4403 0.3683 -0.8188
vn -0.1471 0.1190 -0.9819
vn -0.2953 0.2922 -0.9096
vn -0.0567 0.0772 -0.9954
vn 0.0020 0.0146 -0.9999
vn 0.2051 -0.1307 -0.9700
vn 0.0283 -0.0316 0.9991
vn 0.0185 -0.5193 -0.8544
vn 0.0458 -0.9958 -0.0788
vn -0.0924 -0.1237 -0.9880
vn -0.0517 -0.0645 -0.9966
vn -0.0601 -0.0725 -0.9956
vn -0.1563 -0.1656 -0.9737
vn -0.0522 -0.0802 -0.9954
vn -0.0244 -0.0307 -0.9992
vn -0.1959 -0.3277 -0.9242
vn -0.0948 -0.0919 -0.9912
vn 0.2755 0.4623 -0.8428
vn 0.0892 -0.1820 -0.9792
vn -0.1369 0.1059 -0.9849
vn 0.3834 -0.4094 -0.8279
vn 0.1241 0.3100 -0.9426
vn 0.3175 0.5041 -0.8032
vn -0.1396 -0.1300 -0.9816
vn 0.1570 0.3168 -0.9354
vn -0.0174 0.0137 -0.9998
vn -0.0828 0.0835 -0.9931
vn -0.0024 0.0064 -1.0000
vn -0.7147 0.6577 -0.2378
vn 0.1016 -0.0991 -0.9899
vn 0.0939 0.0071 -0.9956
vn 0.4351 0.0519 -0.8989
vn -0.0193 -0.0153 -0.9997
vn -0.0921 -0.1304 -0.9872
vn -0.0054 0.0047 -1.0000
vn 0.1413 -0.1215 -0.9825
vn 0.3647 -0.3262 -0.8721
vn 0.0434 -0.0362 -0.9984
vn 0.1285 -0.1004 -0.9866
vn 0.3282 -0.1392 -0.9343
vn -0.0057 -0.1000 -0.9950
vn 0.0163 -0.4906 -0.8713
vn 0.1441 -0.0775 -0.9865
vn 0.1115 -0.0651 -0.9916
vn 0.0492 -0.0618 -0.9969
vn -0.0359 0.0101 -0.9993
vn 0.0193 0.0657 -0.9977
vn 0.0377 0.1966 -0.9798
vn -0.3445 -0.4383 -0.8302
vn -0.0378 -0.0501 -0.9980
vn 0.7042 0.7037 0.0943
vn 0.0171 -0.0054 0.9998
vn -0.0167 -0.1420 0.9897
vn 0.3433 0.5542 -0.7583
vn 0.0737 -0.0665 0.9951
vn 0.4463 -0.0779 0.8915
vn 0.4132 -0.3142 0.8548
vn 0.4089 -0.2651 0.8732
vn 0.4581 -0.5701 0.6820
vn 0.5116 0.0428 -0.8581
vn -0.4670 0.3352 -0.8183
vn -0.1930 -0.4195 -0.8870
vn 0.3660 0.6745 -0.6412
vn -0.1048 -0.5958 -0.7963
vn 0.0333 -0.9768 -0.2116
vn -0.1479 -0.9215 0.3592
vn 0.0318 -0.9762 0.2144
vn 0.1635 -0.4189 0.8932
vn 0.5065 -0.4888 0.7103
vn 0.2685 -0.2008 0.9421
vn 0.2522 -0.2320 0.9394
vn 0.5856 0.1414 -0.7982
vn -0.3222 -0.2186 0.9211
vn -0.2189 -0.3871 0.8957
vn 0.2736 -0.6436 -0.7148
vn -0.6608 0.7203 -0.2109
vn -0.3512 -0.6993 -0.6226
vn -0.4250 -0.8809 -0.2081
vn -0.4207 -0.8738 -0.2440
vn 0.0496 -0.0813 -0.9955
vn -0.0586 -0.0833 -0.9948
vn -0.3296 -0.7058 -0.6271
vn -0.6082 -0.2461 -0.7547
vn 0.0698 -0.5529 -0.8303
vn 0.3767 0.3949 -0.8380
vn 0.2099 -0.8447 0.4923
vn 0.0515 -0.3213 -0.9456
vn -0.0286 0.0358 -0.9990
vn 0.0052 -0.4423 -0.8968
vn -0.0128 -0.3346 -0.9423
vn -0.0059 -0.1857 -0.9826
vn 0.1404 -0.6798 -0.7198
vn 0.2345 -0.6013 -0.7638
vn -0.0298 -0.1091 -0.9936
vn 0.0229 -0.4787 -0.8777
vn 0.0101 -0.4037 -0.9148
vn 0.5591 0.6753 -0.4811
vn 0.8169 0.4424 -0.3700
vn -0.5183 0.6210 -0.5880
vn -0.0232 0.0357 0.9991
vn -0.2913 0.6352 0.7153
vn -0.3193 0.2644 0.9100
vn 0.3000 0.3421 0.8905
vn 0.7196 0.6558 -0.2282
vn 0.5920 0.5167 -0.6185
vn 0.5099 0.5085 0.6938
vn 0.7056 0.6756 -0.2139
vn 0.5232 0.4826 -0.7024
vn 0.7326 0.3453 0.5866
vn 0.4920 0.5122 -0.7039
vn 0.4116 0.4729 -0.7791
vn 0.4773 0.4447 -0.7579
vn 0.3488 0.3376 -0.8743
vn 0.2764 0.2763 -0.9205
vn 0.2057 0.1754 -0.9628
vn 0.1622 0.1596 -0.9738
vn 0.3441 0.7045 -0.6206
vn -0.1929 -0.3003 -0.9341
vn -0.0296 -0.0201 -0.9994
vn -0.1541 0.1331 -0.9790
vn 0.2037 0.2174 -0.9546
vn -0.4083 0.3329 -0.8500
vn -0.1391 0.0685 -0.9879
vn 0.1229 -0.1505 -0.9809
vn 0.3232 -0.3066 -0.8953
vn -0.2079 0.1883 -0.9599
vn -0.0812 0.0620 -0.9948
vn -0.2302 0.1818 -0.9560
vn -0.1674 0.3833 -0.9083
vn -0.3839 -0.7885 0.4805
vn -0.5013 -0.8490 0.1671
vn -0.3589 -0.4191 -0.8340
vn 0.4905 -0.3275 0.8076
vn 0.0604 0.1565 -0.9858
vn 0.0529 0.1625 -0.9853
vt 0.309272 0.837950
vt 0.310870 0.836403
vt 0.310350 0.838090
vt 0.311070 0.827749
vt 0.310853 0.825123
vt 0.310442 0.829155
vt 0.023631 0.791957
vt 0.053417 0.798454
vt 0.524892 0.290199
vt 0.252438 0.509378
vt 0.305513 0.462395
vt 0.302316 0.478356
vt 0.251770 0.492622
vt 0.250424 0.491011
vt 0.253008 0.491271
vt 0.722392 0.415911
vt 0.721482 0.414638
vt 0.721853 0.414204
vt 0.245006 0.464618
vt 0.246860 0.463939
vt 0.247106 0.465362
vt 0.308901 0.440723
vt 0.310553 0.439630
vt 0.340230 0.420226
vt 0.176204 0.289066
vt 0.175948 0.292568
vt 0.173339 0.287041
vt 0.149752 0.618910
vt 0.158926 0.619590
vt 0.151050 0.620735
vt 0.311628 0.800253
vt 0.312484 0.799163
vt 0.312895 0.800496
vt 0.217508 0.438414
vt 0.196807 0.425444
vt 0.216077 0.428733
vt 0.307537 0.800816
vt 0.307718 0.802272
vt 0.306350 0.799524
vt 0.252029 0.487560
vt 0.623662 0.392248
vt 0.630191 0.396536
vt 0.629153 0.396949
vt 0.233737 0.478055
vt 0.234500 0.478569
vt 0.324701 0.814985
vt 0.303622 0.827902
vt 0.304494 0.829052
vt 0.303917 0.830450
vt 0.195997 0.619003
vt 0.199717 0.628309
vt 0.198471 0.629049
vt 0.283139 0.338419
vt 0.271493 0.684756
vt 0.320875 0.310671
vt 0.616424 0.372941
vt 0.616183 0.370237
vt 0.631207 0.385053
vt 0.711301 0.382373
vt 0.708712 0.382549
vt 0.705220 0.376754
vt 0.308362 0.456843
vt 0.308226 0.458942
vt 0.306755 0.458676
vt 0.308902 0.457529
vt 0.310049 0.458666
vt 0.191563 0.654708
vt 0.186492 0.655908
vt 0.185788 0.655124
vt 0.719462 0.410009
vt 0.717940 0.410358
vt 0.718103 0.408127
vt 0.615829 0.391282
vt 0.606121 0.390778
vt 0.607454 0.390374
vt 0.232390 0.443800
vt 0.233892 0.442413
vt 0.234489 0.443541
vt 0.231659 0.442912
vt 0.218795 0.438992
vt 0.221157 0.439407
vt 0.485057 0.374017
vt 0.530788 0.356805
vt 0.526769 0.372970
vt 0.719360 0.405157
vt 0.713186 0.392587
vt 0.710161 0.384264
vt 0.713151 0.383155
vt 0.697820 0.370171
vt 0.714909 0.374236
vt 0.312584 0.725604
vt 0.312380 0.722258
vt 0.313378 0.723893
vt 0.310646 0.722699
vt 0.348393 0.455338
vt 0.335749 0.461179
vt 0.311952 0.464756
vt 0.208025 0.224519
vt 0.184486 0.201068
vt 0.183840 0.199229
vt 0.362107 0.430860
vt 0.365500 0.433876
vt 0.362635 0.432045
vt 0.195103 0.403071
vt 0.218960 0.400722
vt 0.217296 0.401350
vt 0.291513 0.704836
vt 0.290987 0.701315
vt 0.293001 0.706019
vt 0.282661 0.708714
vt 0.279668 0.707294
vt 0.281640 0.706873
vt 0.280392 0.704644
vt 0.281738 0.706361
vt 0.285526 0.704734
vt 0.285473 0.702775
vt 0.286625 0.704897
vt 0.196012 0.617100
vt 0.193912 0.617253
vt 0.165551 0.616762
vt 0.312663 0.773858
vt 0.313422 0.773356
vt 0.315022 0.772943
vt 0.245491 0.809136
vt 0.247430 0.810441
vt 0.244716 0.811430
vt 0.235138 0.377370
vt 0.234475 0.375090
vt 0.234798 0.371900
vt 0.518899 0.347925
vt 0.523872 0.348961
vt 0.516365 0.349322
vt 0.182060 0.200061
vt 0.221062 0.240917
vt 0.212021 0.243990
vt 0.280509 0.789160
vt 0.282212 0.788637
vt 0.281217 0.789892
vt 0.369224 0.314614
vt 0.336087 0.330279
vt 0.325223 0.330705
vt 0.305289 0.443150
vt 0.308938 0.442286
vt 0.313693 0.441463
vt 0.251036 0.397694
vt 0.232954 0.378469
vt 0.323292 0.344985
vt 0.715636 0.402216
vt 0.713744 0.400980
vt 0.714678 0.400051
vt 0.289904 0.339696
vt 0.326543 0.338439
vt 0.248112 0.815007
vt 0.599555 0.356154
vt 0.597579 0.357797
vt 0.597947 0.353738
vt 0.196277 0.400377
vt 0.216097 0.400284
vt 0.715956 0.407260
vt 0.715135 0.406542
vt 0.382863 0.448171
vt 0.383110 0.448935
vt 0.380561 0.449248
vt 0.369286 0.349220
vt 0.385361 0.339447
vt 0.375766 0.354524
vt 0.231740 0.440810
vt 0.253249 0.438275
vt 0.258560 0.439175
vt 0.640009 0.393597
vt 0.639149 0.391614
vt 0.642347 0.393229
vt 0.352601 0.421382
vt 0.355290 0.422571
vt 0.356069 0.423825
vt 0.492810 0.377929
vt 0.493510 0.378899
vt 0.493547 0.376806
vt 0.492888 0.376430
vt 0.636872 0.411587
vt 0.634660 0.412514
vt 0.638049 0.410085
vt 0.674589 0.445136
vt 0.690721 0.447278
vt 0.703828 0.454934
vt 0.531424 0.433361
vt 0.598699 0.359039
vt 0.631117 0.356554
vt 0.630162 0.355487
vt 0.632488 0.355863
vt 0.503062 0.354181
vt 0.505156 0.351388
vt 0.508583 0.350537
vt 0.511515 0.348359
vt 0.512590 0.348808
vt 0.508223 0.349018
vt 0.127427 0.379504
vt 0.125885 0.376718
vt 0.127004 0.377201
vt 0.671687 0.435766
vt 0.676598 0.442432
vt 0.674708 0.442485
vt 0.224001 0.259082
vt 0.216375 0.250098
vt 0.312550 0.457894
vt 0.313192 0.463705
vt 0.312113 0.462612
vt 0.163608 0.619274
vt 0.168097 0.620259
vt 0.512377 0.347975
vt 0.506063 0.350198
vt 0.485725 0.371518
vt 0.507670 0.347900
vt 0.251495 0.812540
vt 0.250690 0.814762
vt 0.249515 0.813618
vt 0.173663 0.347522
vt 0.174013 0.349051
vt 0.172595 0.349773
vt 0.130155 0.378462
vt 0.135225 0.383554
vt 0.138925 0.388011
vt 0.308119 0.462587
vt 0.215431 0.324307
vt 0.215667 0.323228
vt 0.216895 0.324413
vt 0.637661 0.405914
vt 0.631873 0.400666
vt 0.631411 0.398482
vt 0.228763 0.444118
vt 0.223262 0.424022
vt 0.231043 0.402616
vt 0.232535 0.402760
vt 0.171825 0.337779
vt 0.169894 0.340218
vt 0.166945 0.347525
vt 0.137874 0.362723
vt 0.129003 0.372649
vt 0.129260 0.371313
vt 0.282481 0.702083
vt 0.283687 0.700703
vt 0.158909 0.331283
vt 0.160498 0.331570
vt 0.160265 0.332854
vt 0.763033 0.399260
vt 0.764416 0.399032
vt 0.763005 0.403401
vt 0.705482 0.378200
vt 0.702478 0.376668
vt 0.775000 0.419103
vt 0.775924 0.422707
vt 0.772740 0.409814
vt 0.678593 0.442847
vt 0.711136 0.427472
vt 0.713597 0.427767
vt 0.713862 0.426254
vt 0.714812 0.426035
vt 0.239284 0.786131
vt 0.313310 0.770661
vt 0.237756 0.791332
vt 0.713805 0.423299
vt 0.712599 0.423033
vt 0.712583 0.422163
vt 0.664885 0.497777
vt 0.141370 0.315430
vt 0.156926 0.333794
vt 0.710496 0.389114
vt 0.709216 0.390634
vt 0.707992 0.390310
vt 0.703162 0.379460
vt 0.712063 0.389621
vt 0.712444 0.385366
vt 0.272546 0.435500
vt 0.259291 0.438817
vt 0.258592 0.437835
vt 0.731742 0.375263
vt 0.727991 0.374668
vt 0.729196 0.374987
vt 0.474578 0.949957
vt 0.467898 0.936405
vt 0.470194 0.938984
vt 0.761443 0.411681
vt 0.760485 0.412333
vt 0.759020 0.412273
vt 0.471151 0.935961
vt 0.468725 0.936010
vt 0.154964 0.344843
vt 0.126836 0.372338
vt 0.472474 0.943351
vt 0.472925 0.943288
vt 0.473655 0.945044
vt 0.018586 0.818474
vt 0.052245 0.813087
vt 0.018076 0.821009
vt 0.763336 0.412840
vt 0.763579 0.410541
vt 0.765087 0.411517
vt 0.467815 0.935022
vt 0.467509 0.935516
vt 0.466139 0.933935
vt 0.645122 0.395850
vt 0.641259 0.397214
vt 0.642507 0.395525
vt 0.257188 0.490095
vt 0.258453 0.486926
vt 0.258983 0.490482
vt 0.637685 0.408401
vt 0.638857 0.409445
vt 0.215999 0.221540
vt 0.221160 0.217207
vt 0.213518 0.224211
vt 0.614712 0.371699
vt 0.616863 0.368646
vt 0.664886 0.803038
vt 0.663775 0.800577
vt 0.667254 0.801003
vt 0.141548 0.388409
vt 0.140073 0.388735
vt 0.255032 0.486318
vt 0.252426 0.485227
vt 0.256133 0.485060
vt 0.151751 0.348331
vt 0.156565 0.346775
vt 0.305031 0.824227
vt 0.302148 0.824403
vt 0.304104 0.823221
vt 0.342450 0.418745
vt 0.347385 0.421554
vt 0.342749 0.419826
vt 0.604232 0.429794
vt 0.603794 0.431506
vt 0.601284 0.431199
vt 0.630427 0.356612
vt 0.627250 0.359944
vt 0.189257 0.365751
vt 0.185462 0.361964
vt 0.186364 0.362358
vt 0.603679 0.296586
vt 0.575593 0.216318
vt 0.191503 0.369520
vt 0.137250 0.383099
vt 0.128069 0.375218
vt 0.169906 0.362022
vt 0.717388 0.406033
vt 0.200741 0.628923
vt 0.686012 0.372791
vt 0.684757 0.374623
vt 0.683798 0.371741
vt 0.191987 0.617742
vt 0.190343 0.619356
vt 0.190866 0.618725
vt 0.764170 0.402634
vt 0.763359 0.403910
vt 0.338298 0.332432
vt 0.368074 0.350661
vt 0.211960 0.246926
vt 0.210566 0.246311
vt 0.212307 0.245510
vt 0.162301 0.617790
vt 0.162847 0.616895
vt 0.163730 0.618778
vt 0.168700 0.620875
vt 0.169721 0.619294
vt 0.193690 0.655168
vt 0.193336 0.653897
vt 0.193797 0.653287
vt 0.192796 0.654124
vt 0.188616 0.654696
vt 0.181885 0.655318
vt 0.176738 0.656135
vt 0.184212 0.656338
vt 0.185937 0.656761
vt 0.776311 0.423303
vt 0.775649 0.421459
vt 0.303392 0.826194
vt 0.309061 0.825422
vt 0.153321 0.638262
vt 0.161976 0.645032
vt 0.135521 0.622444
vt 0.774928 0.423154
vt 0.177536 0.831588
vt 0.200859 0.786012
vt 0.199670 0.788690
vt 0.176068 0.654785
vt 0.176013 0.656568
vt 0.182938 0.657335
vt 0.183612 0.655839
vt 0.221212 0.420300
vt 0.220296 0.411929
vt 0.221157 0.414101
vt 0.175359 0.618871
vt 0.157892 0.617979
vt 0.155168 0.617191
vt 0.148465 0.614586
vt 0.329038 0.759537
vt 0.353028 0.764812
vt 0.328165 0.761018
vt 0.310280 0.464448
vt 0.307094 0.464320
vt 0.762518 0.397824
vt 0.762897 0.402147
vt 0.135744 0.621325
vt 0.135111 0.620756
vt 0.137204 0.619231
vt 0.227756 0.373580
vt 0.229719 0.373511
vt 0.229320 0.374434
vt 0.662609 0.391494
vt 0.659586 0.392254
vt 0.664115 0.390540
vt 0.195863 0.312675
vt 0.201367 0.311620
vt 0.198727 0.311894
vt 0.177675 0.298036
vt 0.177090 0.304822
vt 0.173759 0.315479
vt 0.573474 0.406188
vt 0.575090 0.410105
vt 0.573281 0.404741
vt 0.214450 0.222470
vt 0.218945 0.218970
vt 0.631907 0.357172
vt 0.623889 0.363287
vt 0.314462 0.774825
vt 0.313508 0.778079
vt 0.576358 0.402339
vt 0.576710 0.403448
vt 0.576304 0.404193
vt 0.600197 0.432779
vt 0.600186 0.432139
vt 0.600689 0.434406
vt 0.466942 0.935586
vt 0.468881 0.936511
vt 0.593548 0.424425
vt 0.592777 0.425868
vt 0.591736 0.426055
vt 0.634564 0.410140
vt 0.632701 0.413992
vt 0.588760 0.346869
vt 0.583533 0.335886
vt 0.585027 0.333873
vt 0.576496 0.408499
vt 0.600231 0.428652
vt 0.600309 0.430056
vt 0.144066 0.288975
vt 0.137831 0.292728
vt 0.163585 0.273664
vt 0.286371 0.707580
vt 0.590243 0.394970
vt 0.598812 0.391644
vt 0.639016 0.390171
vt 0.617748 0.369861
vt 0.667519 0.359297
vt 0.524636 0.375950
vt 0.534491 0.366972
vt 0.536825 0.361904
vt 0.536399 0.368004
vt 0.157011 0.345172
vt 0.167272 0.618324
vt 0.164023 0.275145
vt 0.173762 0.291065
vt 0.225503 0.383443
vt 0.315511 0.716823
vt 0.720710 0.406841
vt 0.720252 0.409584
vt 0.170798 0.695829
vt 0.171913 0.704468
vt 0.148364 0.741323
vt 0.386592 0.321869
vt 0.388007 0.334540
vt 0.385929 0.333562
vt 0.183396 0.360021
vt 0.632244 0.384635
vt 0.631415 0.386573
vt 0.637212 0.390101
vt 0.635846 0.390833
vt 0.661925 0.423856
vt 0.661180 0.425619
vt 0.660024 0.425614
vt 0.682906 0.377681
vt 0.668035 0.388256
vt 0.666684 0.388998
vt 0.221632 0.239610
vt 0.223575 0.239449
vt 0.256411 0.490834
vt 0.172090 0.376559
vt 0.174186 0.376455
vt 0.160562 0.397431
vt 0.230728 0.210946
vt 0.229888 0.210423
vt 0.232455 0.210538
vt 0.526789 0.350644
vt 0.532055 0.355720
vt 0.387804 0.338117
vt 0.684188 0.373216
vt 0.668150 0.358117
vt 0.211537 0.226107
vt 0.211632 0.227367
vt 0.210556 0.228000
vt 0.198972 0.631223
vt 0.194789 0.368996
vt 0.184600 0.359733
vt 0.218863 0.171351
vt 0.226798 0.179303
vt 0.226518 0.182248
vt 0.715440 0.424691
vt 0.218425 0.172483
vt 0.217055 0.171549
vt 0.686021 0.445691
vt 0.684516 0.445591
vt 0.141407 0.314237
vt 0.151580 0.328165
vt 0.650947 0.409422
vt 0.651758 0.410601
vt 0.650618 0.411821
vt 0.646478 0.396892
vt 0.646829 0.397499
vt 0.641739 0.396318
vt 0.643260 0.394857
vt 0.645276 0.393766
vt 0.663588 0.392740
vt 0.666397 0.391894
vt 0.660969 0.393647
vt 0.384423 0.328638
vt 0.369722 0.320623
vt 0.382812 0.313913
vt 0.669561 0.401811
vt 0.685168 0.398645
vt 0.677419 0.400765
vt 0.380150 0.448505
vt 0.374659 0.449541
vt 0.665589 0.402931
vt 0.662336 0.404449
vt 0.666194 0.401585
vt 0.660744 0.402829
vt 0.660568 0.403709
vt 0.667700 0.402304
vt 0.671608 0.400898
vt 0.664229 0.805791
vt 0.676650 0.806673
vt 0.320626 0.769848
vt 0.315643 0.771498
vt 0.315643 0.770157
vt 0.691342 0.401241
vt 0.700416 0.403576
vt 0.671237 0.434288
vt 0.664824 0.427630
vt 0.197066 0.411212
vt 0.220757 0.427328
vt 0.218468 0.426357
vt 0.637597 0.391732
vt 0.622503 0.363927
vt 0.774635 0.415537
vt 0.521016 0.379784
vt 0.528003 0.373883
vt 0.043437 0.794064
vt 0.036655 0.792097
vt 0.038560 0.792145
vt 0.307012 0.830695
vt 0.014151 0.815282
vt 0.011676 0.813507
vt 0.012691 0.811964
vt 0.446828 0.436300
vt 0.335309 0.481050
vt 0.542237 0.278998
vt 0.542997 0.278320
vt 0.542177 0.279685
vt 0.640539 0.410291
vt 0.604924 0.432900
vt 0.285014 0.705513
vt 0.582574 0.257970
vt 0.582830 0.259226
vt 0.581602 0.257109
vt 0.583130 0.260335
vt 0.257849 0.492114
vt 0.279132 0.701969
vt 0.280136 0.703769
vt 0.321558 0.814955
vt 0.525553 0.467351
vt 0.526193 0.468642
vt 0.523706 0.467824
vt 0.248993 0.493709
vt 0.253017 0.500691
vt 0.227506 0.792291
vt 0.237967 0.793360
vt 0.234630 0.793527
vt 0.256180 0.487020
vt 0.525269 0.445781
vt 0.527072 0.445536
vt 0.524766 0.446462
vt 0.037814 0.009601
vt 0.037354 0.007538
vt 0.043790 0.012139
vt 0.014432 0.816383
vt 0.010229 0.814933
vt 0.124565 0.740492
vt 0.128644 0.739965
vt 0.131860 0.744516
vt 0.148561 0.628044
vt 0.149756 0.624859
vt 0.150329 0.626701
vt 0.444322 0.436608
vt 0.444740 0.434100
vt 0.140066 0.385938
vt 0.144320 0.390684
vt 0.320965 0.816133
vt 0.322435 0.815176
vt 0.306508 0.837245
vt 0.466554 0.934245
vt 0.235533 0.445214
vt 0.310599 0.788453
vt 0.310859 0.786916
vt 0.302795 0.829712
vt 0.212709 0.357581
vt 0.214371 0.355923
vt 0.214800 0.357716
vt 0.213915 0.358587
vt 0.182839 0.358895
vt 0.311848 0.459594
vt 0.700784 0.373968
vt 0.222096 0.423618
vt 0.525814 0.348069
vt 0.712427 0.425044
vt 0.134276 0.300494
vt 0.136969 0.296001
vt 0.158246 0.278016
vt 0.233971 0.795858
vt 0.241481 0.793963
vt 0.705724 0.374974
vt 0.762006 0.412492
vt 0.740000 0.415027
vt 0.249570 0.464167
vt 0.250958 0.463021
vt 0.251694 0.465145
vt 0.466127 0.935662
vt 0.535384 0.360228
vt 0.534055 0.352856
vt 0.194495 0.369602
vt 0.195747 0.370461
vt 0.531388 0.483020
vt 0.529146 0.483230
vt 0.581630 0.244678
vt 0.583090 0.247197
vt 0.582250 0.245964
vt 0.184229 0.652855
vt 0.191698 0.653936
vt 0.617814 0.367541
vt 0.621505 0.363435
vt 0.174540 0.318528
vt 0.172701 0.318113
vt 0.174851 0.312767
vt 0.677295 0.441106
vt 0.681177 0.438842
vt 0.684377 0.438729
vt 0.275311 0.443799
vt 0.310056 0.437810
vt 0.720693 0.412951
vt 0.761837 0.410299
vt 0.715242 0.405457
vt 0.699195 0.400689
vt 0.712542 0.417849
vt 0.369262 0.355109
vt 0.343290 0.387266
vt 0.716370 0.409481
vt 0.196717 0.416195
vt 0.315153 0.740024
vt 0.314200 0.733948
vt 0.719616 0.411341
vt 0.714850 0.404208
vt 0.713337 0.403304
vt 0.712277 0.400331
vt 0.712516 0.399278
vt 0.147467 0.623091
vt 0.143429 0.621117
vt 0.146821 0.621411
vt 0.751306 0.414573
vt 0.753157 0.414532
vt 0.748923 0.414796
vt 0.532904 0.365025
vt 0.531217 0.371067
vt 0.526400 0.374745
vt 0.298806 0.727902
vt 0.300341 0.725726
vt 0.301020 0.726715
vt 0.224649 0.379057
vt 0.223502 0.375844
vt 0.354221 0.425420
vt 0.200356 0.302802
vt 0.183066 0.281762
vt 0.178766 0.274087
vt 0.169104 0.321631
vt 0.229966 0.375709
vt 0.230310 0.378127
vt 0.228389 0.376917
vt 0.636000 0.409886
vt 0.525569 0.450859
vt 0.629714 0.397841
vt 0.633210 0.398137
vt 0.630729 0.398323
vt 0.667768 0.495615
vt 0.535047 0.729572
vt 0.667874 0.799371
vt 0.616632 0.391856
vt 0.617504 0.393563
vt 0.623579 0.383622
vt 0.631796 0.387934
vt 0.632694 0.390601
vt 0.213491 0.231498
vt 0.194964 0.296591
vt 0.184228 0.283689
vt 0.624981 0.382167
vt 0.626617 0.383587
vt 0.624170 0.383208
vt 0.705087 0.373954
vt 0.633459 0.391548
vt 0.119195 0.845463
vt 0.488451 0.469807
vt 0.198609 0.641974
vt 0.180092 0.269406
vt 0.182560 0.268367
vt 0.181687 0.269704
vt 0.138664 0.309778
vt 0.133070 0.299105
vt 0.679393 0.439275
vt 0.677579 0.439597
vt 0.243758 0.816904
vt 0.255285 0.825542
vt 0.238056 0.821867
vt 0.672961 0.432981
vt 0.672889 0.433864
vt 0.639518 0.404715
vt 0.638463 0.405771
vt 0.633312 0.400172
vt 0.577334 0.229498
vt 0.093876 0.139726
vt 0.551166 0.720318
vt 0.123389 0.839102
vt 0.121260 0.844427
vt 0.534188 0.366011
vt 0.595244 0.425797
vt 0.537878 0.358958
vt 0.537711 0.364794
vt 0.763577 0.407251
vt 0.532480 0.354858
vt 0.576516 0.406760
vt 0.575596 0.407699
vt 0.578642 0.410701
vt 0.138166 0.310370
vt 0.136372 0.307425
vt 0.656903 0.418174
vt 0.653648 0.414159
vt 0.250469 0.486854
vt 0.161886 0.619304
vt 0.700198 0.431571
vt 0.703104 0.430374
vt 0.709500 0.428353
vt 0.195350 0.629801
vt 0.196353 0.633169
vt 0.196948 0.634582
vt 0.519942 0.378213
vt 0.661207 0.422518
vt 0.200416 0.654458
vt 0.350571 0.378887
vt 0.324757 0.406291
vt 0.348064 0.379567
vt 0.216662 0.326581
vt 0.201651 0.315056
vt 0.201683 0.312913
vt 0.471156 0.940189
vt 0.270252 0.446395
vt 0.278977 0.443896
vt 0.762771 0.396433
vt 0.345949 0.417606
vt 0.348692 0.417965
vt 0.347096 0.418940
vt 0.276601 0.686754
vt 0.286108 0.701706
vt 0.389245 0.333614
vt 0.387942 0.318326
vt 0.388586 0.312844
vt 0.141982 0.621202
vt 0.231680 0.376769
vt 0.234058 0.372618
vt 0.762226 0.411844
vt 0.475856 0.949689
vt 0.477261 0.951223
vt 0.014595 0.812747
vt 0.016891 0.817097
vt 0.125694 0.839325
vt 0.123798 0.840787
vt 0.123223 0.845323
vt 0.124013 0.845805
vt 0.441102 0.430710
vt 0.441798 0.432131
vt 0.439935 0.432744
vt 0.185716 0.196036
vt 0.206351 0.175507
vt 0.443839 0.433877
vt 0.478543 0.467803
vt 0.234831 0.841924
vt 0.521472 0.452273
vt 0.366645 0.431073
vt 0.365605 0.431831
vt 0.363458 0.429354
vt 0.527439 0.484666
vt 0.523699 0.484968
vt 0.518408 0.467980
vt 0.130939 0.382298
vt 0.140423 0.389922
vt 0.348317 0.375033
vt 0.348483 0.377635
vt 0.665228 0.401058
vt 0.126737 0.738400
vt 0.125540 0.738093
vt 0.126369 0.737593
vt 0.387482 0.339924
vt 0.387618 0.344001
vt 0.386520 0.341640
vt 0.385145 0.340125
vt 0.584698 0.416850
vt 0.385361 0.337800
vt 0.592890 0.393501
vt 0.596086 0.392437
vt 0.288694 0.774449
vt 0.315238 0.766884
vt 0.311361 0.770180
vt 0.262844 0.820539
vt 0.248904 0.808869
vt 0.528236 0.433675
vt 0.366813 0.354232
vt 0.368029 0.352720
vt 0.288707 0.388870
vt 0.293067 0.384349
vt 0.286567 0.391313
vt 0.684587 0.375434
vt 0.325623 0.757904
vt 0.315811 0.764796
vt 0.300158 0.728152
vt 0.196879 0.403324
vt 0.214268 0.401756
vt 0.176554 0.272299
vt 0.169889 0.695978
vt 0.169522 0.696701
vt 0.229884 0.371921
vt 0.273599 0.433768
vt 0.272994 0.433095
vt 0.526598 0.432518
vt 0.523822 0.430321
vt 0.566280 0.383135
vt 0.622811 0.394950
vt 0.501044 0.355436
vt 0.503234 0.353323
vt 0.675698 0.439924
vt 0.390971 0.340374
vt 0.586324 0.314922
vt 0.231184 0.401353
vt 0.229138 0.401145
vt 0.231872 0.400139
vt 0.229822 0.399695
vt 0.225942 0.213170
vt 0.228482 0.208889
vt 0.234303 0.374303
vt 0.220162 0.402441
vt 0.220204 0.405781
vt 0.220919 0.400289
vt 0.601566 0.389276
vt 0.194816 0.620036
vt 0.221562 0.405995
vt 0.222241 0.405654
vt 0.268767 0.447803
vt 0.270638 0.445370
vt 0.035582 0.010337
vt 0.677697 0.811414
vt 0.035433 0.008192
vt 0.713050 0.374013
vt 0.241141 0.792787
vt 0.241909 0.793202
vt 0.638522 0.408032
vt 0.011392 0.810796
vt 0.014215 0.803596
vt 0.224649 0.792365
vt 0.222815 0.791536
vt 0.225132 0.791882
vt 0.248260 0.464749
vt 0.686424 0.437897
vt 0.146957 0.396710
vt 0.670956 0.800998
vt 0.666769 0.802586
vt 0.156279 0.638748
vt 0.155300 0.638596
vt 0.233689 0.376050
vt 0.489704 0.375923
vt 0.496089 0.375101
vt 0.716746 0.408058
vt 0.635355 0.405217
vt 0.280188 0.391955
vt 0.251874 0.398613
vt 0.372247 0.437287
vt 0.373457 0.436771
vt 0.374311 0.438368
vt 0.177620 0.329283
vt 0.178359 0.326042
vt 0.166522 0.325658
vt 0.164245 0.327096
vt 0.141906 0.745469
vt 0.139621 0.734009
vt 0.185589 0.195441
vt 0.184159 0.196978
vt 0.180099 0.829394
vt 0.199057 0.789658
vt 0.200455 0.789441
vt 0.200687 0.787665
vt 0.202891 0.787441
vt 0.221487 0.402692
vt 0.230001 0.398741
vt 0.126480 0.365300
vt 0.131239 0.302391
vt 0.131513 0.303441
vt 0.209789 0.226079
vt 0.211591 0.224200
vt 0.619957 0.393514
vt 0.370575 0.314286
vt 0.446827 0.433746
vt 0.242802 0.814141
vt 0.244625 0.814682
vt 0.244537 0.816518
vt 0.652662 0.409827
vt 0.243205 0.810859
vt 0.247292 0.817046
vt 0.237344 0.796037
vt 0.225804 0.795262
vt 0.147806 0.286454
vt 0.271422 0.448504
vt 0.029740 0.788011
vt 0.059064 0.800549
vt 0.048113 0.795002
vt 0.477691 0.950212
vt 0.312412 0.359276
vt 0.313602 0.358581
vt 0.314183 0.359490
vt 0.206038 0.223358
vt 0.351083 0.424715
vt 0.383206 0.445597
vt 0.382287 0.446811
vt 0.360424 0.429532
vt 0.342416 0.417588
vt 0.345067 0.416780
vt 0.344739 0.418048
vt 0.668980 0.801521
vt 0.668220 0.795920
vt 0.343027 0.416360
vt 0.341292 0.417319
vt 0.376437 0.357523
vt 0.382033 0.356384
vt 0.314058 0.424796
vt 0.371139 0.339260
vt 0.369741 0.339710
vt 0.370155 0.326165
vt 0.594121 0.298854
vt 0.597721 0.298860
vt 0.378942 0.350233
vt 0.382019 0.344928
vt 0.380099 0.352120
vt 0.313952 0.461629
vt 0.315762 0.455531
vt 0.310779 0.458790
vt 0.287396 0.704597
vt 0.196885 0.641301
vt 0.167556 0.649009
vt 0.225283 0.181170
vt 0.225350 0.182854
vt 0.221291 0.424192
vt 0.050338 0.796958
vt 0.056452 0.799256
vt 0.270610 0.430388
vt 0.384241 0.445827
vt 0.306224 0.457991
vt 0.305456 0.459627
vt 0.307219 0.463255
vt 0.179855 0.272660
vt 0.208572 0.247915
vt 0.127876 0.737319
vt 0.141429 0.748130
vt 0.209634 0.775417
vt 0.209189 0.773918
vt 0.138514 0.750398
vt 0.511742 0.291002
vt 0.122262 0.740330
vt 0.584725 0.311592
vt 0.598887 0.297943
vt 0.596481 0.297259
vt 0.013644 0.801127
vt 0.060365 0.801870
vt 0.058620 0.802300
vt 0.028129 0.790123
vt 0.312717 0.871025
vt 0.310906 0.470133
vt 0.719919 0.414352
vt 0.163189 0.272210
vt 0.178891 0.301176
vt 0.194732 0.434035
vt 0.626161 0.393395
vt 0.321932 0.310683
vt 0.295545 0.670278
vt 0.286348 0.687022
vt 0.617315 0.374119
vt 0.616087 0.371800
vt 0.710245 0.380600
vt 0.738579 0.375276
vt 0.720827 0.410978
vt 0.725544 0.374463
vt 0.695529 0.366683
vt 0.248786 0.461049
vt 0.237487 0.447638
vt 0.237124 0.445971
vt 0.271668 0.450242
vt 0.343645 0.422156
vt 0.345344 0.458789
vt 0.185636 0.200382
vt 0.205089 0.222110
vt 0.314231 0.722932
vt 0.218548 0.402388
vt 0.236450 0.375824
vt 0.134555 0.304784
vt 0.652718 0.797772
vt 0.476911 0.805619
vt 0.496131 0.803802
vt 0.223162 0.156726
vt 0.222104 0.157011
vt 0.181996 0.197913
vt 0.134962 0.297989
vt 0.135886 0.296702
vt 0.182998 0.198253
vt 0.162629 0.276892
vt 0.155949 0.330062
vt 0.154647 0.333174
vt 0.156477 0.342391
vt 0.127211 0.369433
vt 0.174043 0.336604
vt 0.218796 0.291432
vt 0.202763 0.302991
vt 0.178313 0.271997
vt 0.180457 0.270339
vt 0.179239 0.276187
vt 0.177907 0.273848
vt 0.200986 0.304348
vt 0.200146 0.300892
vt 0.210336 0.171493
vt 0.223245 0.158073
vt 0.223687 0.159719
vt 0.225442 0.157435
vt 0.176880 0.274853
vt 0.227676 0.184783
vt 0.228422 0.180452
vt 0.212417 0.222467
vt 0.223912 0.215939
vt 0.222871 0.256674
vt 0.322952 0.310804
vt 0.280988 0.391301
vt 0.296704 0.669466
vt 0.217338 0.398627
vt 0.310349 0.723853
vt 0.371171 0.342632
vt 0.377455 0.352161
vt 0.232471 0.439778
vt 0.484461 0.374514
vt 0.606477 0.433378
vt 0.621199 0.421781
vt 0.605983 0.431073
vt 0.603583 0.433470
vt 0.533961 0.431124
vt 0.680557 0.440483
vt 0.682201 0.443380
vt 0.530687 0.434685
vt 0.492484 0.363837
vt 0.535293 0.486975
vt 0.224409 0.257020
vt 0.224525 0.259978
vt 0.483868 0.371721
vt 0.250644 0.815775
vt 0.231109 0.438131
vt 0.774354 0.412221
vt 0.773189 0.417471
vt 0.773565 0.422213
vt 0.773371 0.407645
vt 0.774972 0.407546
vt 0.710311 0.428058
vt 0.062835 0.801552
vt 0.536906 0.284565
vt 0.539322 0.284497
vt 0.119505 0.843479
vt 0.547406 0.276443
vt 0.551897 0.265946
vt 0.176961 0.829977
vt 0.150499 0.741863
vt 0.164417 0.719048
vt 0.298623 0.729347
vt 0.291392 0.772872
vt 0.243522 0.781160
vt 0.140157 0.312373
vt 0.274508 0.434785
vt 0.306242 0.427032
vt 0.271602 0.437870
vt 0.255521 0.437436
vt 0.474857 0.947332
vt 0.470897 0.944849
vt 0.470729 0.943748
vt 0.470346 0.942043
vt 0.466778 0.937151
vt 0.471839 0.941238
vt 0.157462 0.343977
vt 0.126991 0.374150
vt 0.614909 0.367981
vt 0.656088 0.798864
vt 0.129042 0.377110
vt 0.154002 0.402142
vt 0.253282 0.486617
vt 0.349292 0.421598
vt 0.191651 0.368262
vt 0.529408 0.484551
vt 0.576503 0.231480
vt 0.580590 0.242582
vt 0.663836 0.497438
vt 0.125652 0.371277
vt 0.595366 0.488736
vt 0.212927 0.354146
vt 0.195988 0.367676
vt 0.214563 0.326882
vt 0.169904 0.344005
vt 0.174403 0.367026
vt 0.171548 0.363934
vt 0.596442 0.249246
vt 0.128406 0.379051
vt 0.153998 0.404280
vt 0.669220 0.357790
vt 0.671582 0.358657
vt 0.688353 0.377433
vt 0.687379 0.376055
vt 0.308550 0.828856
vt 0.157314 0.640758
vt 0.322088 0.814685
vt 0.363893 0.813242
vt 0.197040 0.792942
vt 0.179167 0.829930
vt 0.351031 0.763753
vt 0.310583 0.847986
vt 0.312518 0.775313
vt 0.599145 0.428900
vt 0.600614 0.427642
vt 0.316805 0.672663
vt 0.173042 0.706225
vt 0.384881 0.315030
vt 0.386463 0.314504
vt 0.713529 0.416166
vt 0.715073 0.428121
vt 0.370656 0.333373
vt 0.696501 0.401266
vt 0.685053 0.396701
vt 0.698703 0.399713
vt 0.675730 0.816365
vt 0.660051 0.806804
vt 0.684049 0.376626
vt 0.684064 0.378998
vt 0.684501 0.379992
vt 0.313292 0.729645
vt 0.196213 0.404499
vt 0.308574 0.831061
vt 0.386332 0.446132
vt 0.440452 0.434550
vt 0.474201 0.432523
vt 0.464641 0.432228
vt 0.517629 0.450779
vt 0.538746 0.282864
vt 0.308368 0.838043
vt 0.465414 0.934381
vt 0.231394 0.439241
vt 0.236069 0.444181
vt 0.201184 0.791049
vt 0.239381 0.793357
vt 0.762744 0.413744
vt 0.752637 0.413718
vt 0.738729 0.415566
vt 0.620691 0.362935
vt 0.278786 0.441444
vt 0.272664 0.441304
vt 0.178582 0.657398
vt 0.712066 0.416229
vt 0.356823 0.375844
vt 0.358207 0.372437
vt 0.343257 0.391283
vt 0.321424 0.748698
vt 0.150457 0.624047
vt 0.635390 0.393863
vt 0.266288 0.824528
vt 0.271925 0.827015
vt 0.051440 0.866528
vt 0.776212 0.408938
vt 0.036110 0.024947
vt 0.033756 0.016177
vt 0.652399 0.412200
vt 0.389527 0.313152
vt 0.187421 0.194333
vt 0.677742 0.790790
vt 0.677476 0.803062
vt 0.232392 0.861019
vt 0.366932 0.432506
vt 0.370884 0.435519
vt 0.566200 0.381792
vt 0.594568 0.356315
vt 0.621799 0.395802
vt 0.575066 0.405450
vt 0.280975 0.392589
vt 0.220625 0.361595
vt 0.574707 0.403524
vt 0.579811 0.397418
vt 0.621084 0.391252
vt 0.031614 0.211680
vt 0.030081 0.225542
vt 0.586727 0.334176
vt 0.590165 0.333560
vt 0.588722 0.314886
vt 0.590734 0.316460
vt 0.011121 0.806148
vt 0.012238 0.804321
vt 0.154371 0.637406
vt 0.150459 0.627716
vt 0.156157 0.637413
vt 0.140059 0.733252
vt 0.030191 0.013763
vt 0.175216 0.654313
vt 0.384797 0.345557
vt 0.382849 0.354803
vt 0.474881 0.951331
vt 0.516201 0.290988
vt 0.517926 0.291019
s 1
usemtl 材质.001
f 4353/4793/5623 4355/4794/5624 4354/4795/5625
f 4357/4796/5626 4358/4797/5627 4356/4798/5628
f 4587/4799/5629 4597/4800/5630 4569/4801/5631
f 4347/4802/5632 4413/4803/5633 4409/4804/5634
f 4374/4805/5635 4375/4806/5636 4368/4807/5637
f 5185/4808/5638 5186/4809/5639 5190/4810/5640
f 4382/4811/5641 4383/4812/5641 4381/4813/5641
f 4440/4814/5642 4533/4815/5643 5504/4816/5644
f 4868/4817/5645 4867/4818/5646 4873/4819/5647
f 4835/4820/5648 4831/4821/5649 4836/4822/5650
f 4393/4823/5651 4391/4824/5651 4392/4825/5651
f 4458/4826/5652 4469/4827/5653 4465/4828/5654
f 4395/4829/5655 4393/4823/5656 4396/4830/5657
f 4394/4831/5658 4395/4829/5659 4396/4830/5660
f 4375/4806/5636 4367/4832/5661 4368/4807/5637
f 4391/4824/5662 4382/4811/5663 4392/4825/5664
f 5277/4833/5665 5263/4834/5666 5262/4835/5667
f 4403/4836/5668 4402/4837/5669 4397/4838/5670
f 4388/4839/5671 4407/4840/5672 4387/4841/5673
f 4761/4842/5674 4760/4843/5675 4759/4844/5676
f 5400/4845/5677 4489/4846/5678 5392/4847/5679
f 4947/4848/5680 4950/4849/5681 4955/4850/5682
f 4698/4851/5683 4669/4852/5684 4668/4853/5685
f 4437/4854/5686 4434/4855/5687 4435/4856/5688
f 4436/4857/5689 4438/4858/5690 4434/4855/5687
f 4797/4859/5691 4801/4860/5692 4800/4861/5693
f 5199/4862/5694 5198/4863/5695 5197/4864/5696
f 5269/4865/5697 4914/4866/5698 4915/4867/5699
f 4420/4868/5700 4454/4869/5701 4419/4870/5702
f 4455/4871/5703 4454/4869/5704 4420/4868/5705
f 4459/4872/5706 4458/4826/5706 4460/4873/5706
f 4577/4874/5707 4934/4875/5708 4921/4876/5709
f 5191/4877/5710 4693/4878/5711 4695/4879/5712
f 4697/4880/5713 5174/4881/5714 5175/4882/5715
f 4479/4883/5716 4476/4884/5717 4473/4885/5718
f 4475/4886/5719 4476/4884/5719 4479/4883/5720
f 4550/4887/5721 5503/4888/5722 4412/4889/5723
f 4996/4890/5724 5023/4891/5725 5021/4892/5726
f 5500/4893/5727 5329/4894/5727 5501/4895/5727
f 4476/4896/5717 5415/4897/5728 5414/4898/5729
f 4498/4899/5730 4499/4900/5731 4500/4901/5732
f 4501/4902/5733 4508/4903/5734 4507/4904/5735
f 4503/4905/5736 4504/4906/5737 4507/4904/5735
f 4506/4907/5738 4492/4908/5739 4496/4909/5740
f 4762/4910/5741 4763/4911/5742 4787/4912/5743
f 4512/4913/5744 4511/4914/5745 4513/4915/5746
f 5479/4916/5747 5486/4917/5748 5484/4918/5749
f 5432/4919/5750 5428/4920/5751 5425/4921/5752
f 4572/4922/5753 4935/4923/5754 4571/4924/5755
f 5022/4925/5756 4980/4926/5757 4983/4927/5758
f 4525/4928/5759 4524/4929/5760 4426/4930/5761
f 5478/4931/5762 5390/4932/5763 5389/4933/5764
f 4532/4934/5765 4441/4935/5766 4531/4936/5767
f 5384/4937/5768 5431/4938/5769 5395/4939/5770
f 5202/4940/5771 5203/4941/5772 5204/4942/5773
f 5399/4943/5774 5389/4933/5764 5394/4944/5775
f 5489/4945/5776 5484/4918/5749 5486/4917/5777
f 4943/4946/5778 4941/4947/5779 4942/4948/5780
f 4474/4949/5781 5416/4950/5782 4475/4886/5783
f 5197/4864/5784 5195/4951/5785 4688/4952/5786
f 4560/4953/5787 4558/4954/5788 4552/4955/5789
f 5378/4956/5790 5366/4957/5791 5369/4958/5792
f 4461/4959/5793 4449/4960/5794 4450/4961/5795
f 4961/4962/5796 4962/4963/5797 5042/4964/5798
f 4545/4965/5799 4544/4966/5800 5498/4967/5801
f 4573/4968/5802 4564/4969/5803 4577/4874/5707
f 4574/4970/5804 4573/4968/5802 4575/4971/5805
f 5249/4972/5806 5246/4973/5807 5247/4974/5808
f 5289/4975/5809 5024/4976/5810 5028/4977/5811
f 4608/4978/5812 4941/4947/5813 4940/4979/5814
f 5075/4980/5815 5074/4981/5816 5073/4982/5817
f 4601/4983/5818 4603/4984/5819 4585/4985/5820
f 4586/4986/5821 4584/4987/5822 4582/4988/5823
f 4632/4989/5824 4633/4990/5825 4634/4991/5826
f 5296/4992/5827 5291/4993/5828 5290/4994/5829
f 5214/4995/5830 4979/4996/5831 4983/4927/5832
f 5510/4997/5833 4430/4998/5834 4432/4999/5835
f 4831/4821/5649 4830/5000/5836 4789/5001/5837
f 4570/5002/5838 4584/4987/5822 4586/4986/5821
f 4583/5003/5839 4604/5004/5840 4581/5005/5841
f 5492/5006/5842 5488/5007/5843 5487/5008/5844
f 4614/5009/5845 4613/5010/5846 4612/5011/5847
f 4637/5012/5848 4630/5013/5849 5128/5014/5850
f 4413/4803/5633 4435/4856/5688 4433/5015/5851
f 4621/5016/5852 4620/5017/5852 4619/5018/5852
f 5255/5019/5853 5259/5020/5854 5265/5021/5855
f 4461/4959/5793 4455/4871/5856 4457/5022/5857
f 4451/5023/5858 5410/5024/5859 5403/5025/5860
f 4623/5026/5861 4624/5027/5862 4615/5028/5863
f 4638/5029/5864 4645/5030/5864 4641/5031/5864
f 4492/4908/5739 4493/5032/5865 4490/5033/5866
f 4657/5034/5867 4653/5035/5868 4654/5036/5869
f 4603/4984/5819 4583/5003/5839 4582/4988/5870
f 4775/5037/5871 4776/5038/5872 4715/5039/5873
f 4668/4853/5685 4671/5040/5874 5159/5041/5875
f 4809/5042/5876 4805/5043/5877 4779/5044/5878
f 5294/5045/5879 4675/5046/5880 4677/5047/5881
f 4679/5048/5882 4680/5049/5882 4677/5047/5882
f 5446/5050/5883 4517/5051/5884 5445/5052/5885
f 4685/5053/5886 4683/5054/5887 4684/5055/5888
f 5244/5056/5889 5241/5057/5890 4655/5058/5891
f 4692/5059/5892 4691/5060/5892 4673/5061/5892
f 4692/5059/5893 5158/5062/5894 5159/5041/5895
f 4695/4879/5712 4694/5063/5896 4669/4852/5684
f 4697/4880/5897 4696/5064/5898 4695/4879/5899
f 4698/4851/5900 4697/4880/5900 4695/4879/5900
f 5519/5065/5901 5518/5066/5902 4448/5067/5903
f 4702/5068/5904 4699/5069/5905 4701/5070/5906
f 4704/5071/5907 4664/5072/5908 4666/5073/5909
f 5486/4917/5777 5492/5006/5842 5487/5008/5844
f 4718/5074/5910 4717/5075/5911 4716/5076/5912
f 4664/5072/5913 4662/5077/5914 4663/5078/5915
f 4628/5079/5916 4641/5031/5917 4643/5080/5918
f 4709/5081/5919 4710/5082/5920 4708/5083/5921
f 5098/5084/5922 4599/5085/5923 5179/5086/5922
f 4723/5087/5924 4720/5088/5925 4721/5089/5926
f 5172/5090/5927 5173/5091/5928 4670/5092/5929
f 5039/5093/5930 4964/5094/5931 5041/5095/5932
f 4370/5096/5933 4372/5097/5934 4373/5098/5935
f 5253/5099/5936 5251/5100/5937 5247/4974/5808
f 5000/5101/5938 4990/5102/5939 4999/5103/5940
f 4950/4849/5681 4946/5104/5941 4951/5105/5942
f 4748/5106/5943 4739/5107/5944 4738/5108/5945
f 4630/5013/5849 5125/5109/5946 5127/5110/5947
f 4366/5111/5948 4362/5112/5949 4364/5113/5950
f 4660/5114/5951 4629/5115/5952 4645/5030/5953
f 4360/5116/5954 4390/5117/5955 4361/5118/5956
f 5505/5119/5957 4547/5120/5958 5506/5121/5959
f 4900/5122/5960 4890/5123/5961 4891/5124/5962
f 5076/5125/5963 5075/4980/5815 5072/5126/5964
f 5144/5127/5965 5142/5128/5966 5143/5129/5967
f 5138/5130/5968 5121/5131/5969 5141/5132/5970
f 4609/5133/5971 4646/5134/5972 5156/5135/5973
f 4671/5040/5874 5199/4862/5974 5192/5136/5975
f 4759/4844/5976 4760/4843/5976 4757/5137/5976
f 5168/5138/5977 5163/5139/5978 5170/5140/5979
f 4764/5141/5980 4766/5142/5981 4765/5143/5982
f 4771/5144/5983 4772/5145/5983 4715/5039/5983
f 5383/5146/5984 5379/5147/5985 5394/4944/5775
f 5218/5148/5986 5219/5149/5987 5220/5150/5988
f 4785/5151/5989 4784/5152/5990 4786/5153/5991
f 4790/5154/5992 4789/5001/5992 4783/5155/5992
f 4795/5156/5993 4794/5157/5994 4793/5158/5995
f 4795/5156/5996 4796/5159/5996 4794/5157/5996
f 4797/4859/5997 4796/5159/5998 4795/5156/5999
f 4799/5160/6000 4792/5161/6001 4816/5162/6002
f 4803/5163/6003 4800/4861/5693 4802/5164/6004
f 4802/5164/6005 4800/4861/6005 4801/4860/6005
f 4804/5165/6006 4805/5043/5877 4806/5166/6007
f 4407/4840/5672 4389/5167/6008 4359/5168/6009
f 4828/5169/6010 4821/5170/6011 4848/5171/6012
f 4805/5043/5877 4804/5165/6006 4808/5172/6013
f 4392/4825/5664 4381/4813/6014 4397/4838/5670
f 5457/5173/6015 5464/5174/6016 5462/5175/6017
f 4817/5176/6018 4816/5162/6019 4814/5177/6020
f 4819/5178/6021 4818/5179/6022 4803/5163/6023
f 4803/5163/6003 4818/5179/6024 4792/5161/6001
f 4466/5180/6025 5411/5181/6026 4468/5182/6027
f 4782/5183/6028 4765/5143/6029 4783/5155/6030
f 4832/5184/6031 4833/5185/6032 4834/5186/6033
f 4422/5187/6034 4459/5188/6035 4421/5189/6036
f 4431/5190/6037 4411/5191/6038 4433/5015/5851
f 4714/5192/6039 4775/5037/5871 4774/5193/6040
f 4849/5194/6041 4847/5195/6042 4846/5196/6043
f 4847/5195/6042 4849/5194/6041 4848/5171/6012
f 5420/5197/6044 5422/5198/6045 5421/5199/6046
f 5066/5200/6047 5067/5201/6048 5047/5202/6049
f 4860/5203/6050 4856/5204/6051 4859/5205/6052
f 4354/4795/5625 4402/4837/5669 4347/4802/5632
f 4862/5206/6053 4863/5207/6054 4867/4818/5646
f 4653/5035/6055 4863/5207/6054 4864/5208/6056
f 5329/4894/6057 4560/4953/6058 5501/4895/6059
f 4877/5209/6060 4874/5210/6061 4878/5211/6062
f 4998/5212/6063 4991/5213/6064 5000/5101/5938
f 5077/5214/6065 4951/5105/6066 5069/5215/6067
f 4514/5216/6068 4513/4915/5746 4425/5217/6069
f 4903/5218/6070 4881/5219/6070 4880/5220/6070
f 4892/5221/6071 4889/5222/6071 4884/5223/6071
f 5171/5224/6072 4665/5225/6073 5172/5090/5927
f 4902/5226/6074 4895/5227/6074 4894/5228/6074
f 5258/5229/6075 5302/5230/6076 4890/5123/5961
f 4944/5231/6077 5081/5232/6078 5083/5233/6079
f 4875/5234/6080 4898/5235/6081 4897/5236/6082
f 5231/5237/6083 5282/5238/6084 5226/5239/6085
f 4506/4907/5738 4496/4909/5740 4497/5240/6086
f 4665/5225/6073 4662/5077/6087 4710/5082/5920
f 4908/5241/6088 4910/5242/6089 5269/4865/5697
f 5068/5243/6090 4949/5244/6091 5164/5245/6092
f 4921/4876/6093 4919/5246/6094 4574/4970/5804
f 4831/4821/6095 4832/5184/6031 4786/5153/6096
f 4925/5247/6097 4930/5248/6098 4926/5249/6099
f 4625/5250/6100 5156/5135/5973 4629/5115/5952
f 4788/5251/6101 4786/5153/6102 4784/5152/6103
f 5225/5252/6104 4867/4818/5646 4872/5253/6105
f 5436/5254/6106 4474/5255/5781 4499/4900/5731
f 5201/5256/6107 5200/5257/6108 5191/4877/6109
f 5392/5258/5679 5470/5259/6110 5472/5260/6111
f 5347/5261/6112 5363/5262/6113 5365/5263/6114
f 4941/4947/6115 4943/4946/6115 4940/4979/6115
f 5152/5264/6116 5141/5132/5970 4613/5010/6117
f 4955/4850/6118 4954/5265/6118 4956/5266/6118
f 4959/5267/6119 4958/5268/6120 4956/5266/6121
f 4958/5268/6120 4961/4962/6122 5041/5095/5932
f 4972/5269/6123 4971/5270/6123 4970/5271/6123
f 5065/5272/6124 5049/5273/6125 5048/5274/6126
f 4980/4926/6127 4982/5275/6127 4981/5276/6127
f 4369/5277/6128 4367/4832/5661 4366/5111/5948
f 5130/5278/6129 5178/5279/6130 5124/5280/6131
f 4985/5281/6132 4988/5282/6133 4984/5283/6134
f 4571/4924/5755 4937/5284/6135 4932/5285/6136
f 5357/5286/6137 5366/4957/5791 5363/5262/6113
f 5169/5287/6138 5164/5245/6092 5165/5288/6139
f 5002/5289/6140 4994/5290/6141 4993/5291/6142
f 4757/5137/6143 4804/5165/6006 4758/5292/6144
f 5177/5293/6145 5151/5294/6146 4613/5010/6147
f 5010/5295/6148 5008/5296/6149 5007/5297/6150
f 4685/5053/6151 4681/5298/6152 4680/5049/6153
f 5010/5295/6148 5014/5299/6154 5012/5300/6155
f 4359/5168/6009 4357/4796/5626 4356/4798/6156
f 5025/5301/6157 5024/4976/5810 4978/5302/6158
f 5240/5303/6159 4647/5304/6160 5241/5057/6161
f 5291/4993/5828 5289/4975/5809 5290/4994/5829
f 5035/5305/6162 5034/5306/6162 4967/5307/6162
f 5039/5093/6163 5038/5308/6164 5037/5309/6165
f 4963/5310/6166 5041/5095/5932 4964/5094/5931
f 5042/4964/5798 5040/5311/6167 4961/4962/5796
f 5042/4964/5798 5043/5312/6168 5040/5311/6167
f 5045/5313/6169 5046/5314/6170 5044/5315/6171
f 5346/5316/6172 5477/5317/6173 5352/5318/6174
f 5052/5319/6175 5059/5320/6176 5050/5321/6177
f 4553/5322/6178 4552/4955/6179 4551/5323/6180
f 5030/5324/6181 5029/5325/6182 5054/5326/6183
f 5036/5327/6184 5029/5325/6184 5031/5328/6184
f 5053/5329/6185 5051/5330/6186 5052/5319/6175
f 4730/5331/6187 4748/5106/5943 4733/5332/6188
f 4424/5333/6189 4516/5334/6190 4519/5335/6191
f 5056/5336/6192 5063/5337/6193 4684/5055/6194
f 5299/5338/6195 5296/4992/6196 5297/5339/6197
f 5044/5315/6198 5066/5200/6199 5049/5273/6125
f 4472/5340/6200 4453/5341/6201 5515/5342/6202
f 4959/5267/6203 5068/5243/6203 4960/5343/6203
f 5068/5243/6204 4962/4963/6204 4960/5343/6204
f 5069/5215/6067 4953/5344/6205 5072/5126/5964
f 4806/5166/6007 4809/5042/5876 4810/5345/6206
f 4916/5346/6207 4919/5246/6094 4922/5347/6208
f 4600/5348/6209 4590/5349/6210 4591/5350/6209
f 4405/5351/6211 4387/4841/5673 4407/4840/5672
f 5092/5352/6212 5093/5353/6212 5091/5354/6212
f 4558/4954/5788 5318/5355/6213 5514/5356/6214
f 5094/5357/6215 5093/5358/6216 5088/5359/6217
f 5249/4972/5806 5250/5360/6218 4887/5361/6219
f 4507/4904/5735 4505/5362/6220 4497/5240/6086
f 5102/5363/6221 5100/5364/6222 5101/5365/6223
f 5101/5365/6223 5099/5366/6224 5102/5363/6221
f 4368/4807/5637 4348/5367/6225 4374/4805/5635
f 4494/5368/6226 4493/5032/5865 4502/5369/6227
f 4393/4823/5656 4400/5370/6228 4396/4830/5657
f 4566/5371/6229 5113/5372/6230 5112/5373/6231
f 4376/5374/6232 4374/4805/5635 4349/5375/6233
f 5173/5091/6234 4663/5078/6235 5171/5224/6072
f 5452/5376/6236 5494/5377/6237 5447/5378/6238
f 4371/5379/6239 4364/5113/5950 4372/5097/5934
f 5119/5380/6240 5115/5381/6240 5116/5382/6240
f 4734/5383/6241 4735/5384/6242 4744/5385/6243
f 5093/5353/6244 5096/5386/6245 5095/5387/6246
f 5348/5388/6247 5353/5389/6248 5345/5390/6249
f 4842/5391/6250 4840/5392/6251 4843/5393/6250
f 5323/5394/6252 5320/5395/6253 5318/5355/6213
f 5125/5109/5946 4610/5396/6254 4611/5397/6255
f 4399/5398/6256 4398/5399/6257 4351/5400/6258
f 5171/5224/6259 5174/5401/6260 5173/5091/6261
f 4420/4868/6262 4417/5402/6263 4391/4824/5662
f 4425/5217/6069 4384/5403/6264 4385/5404/6265
f 4390/5117/5955 4388/4839/5671 4386/5405/6266
f 5149/5406/6267 5148/5407/6268 5147/5408/6269
f 5149/5406/6270 5147/5408/6270 5146/5409/6270
f 5153/5410/6271 5151/5294/6271 5152/5264/6271
f 4433/5015/5851 4438/4858/5690 5512/5411/6272
f 5157/5412/6273 5159/5041/5875 5158/5062/6274
f 4466/5180/6025 4468/5182/6027 4452/5413/6275
f 4937/5284/6135 4935/4923/5754 4936/5414/6276
f 5056/5336/6192 4683/5054/6277 4682/5415/6278
f 5232/5416/6279 5301/5417/6280 5228/5418/6281
f 5493/5419/6282 5447/5378/6238 5442/5420/6283
f 4670/5421/5929 4668/4853/5685 5159/5041/5875
f 4717/5075/5911 4724/5422/6284 5207/5423/6285
f 4379/5424/6286 4378/5425/6287 4377/5426/6288
f 4670/5092/5929 5173/5091/5928 5174/5427/6289
f 4931/5428/6290 4938/5429/6291 4930/5248/6098
f 5141/5132/5970 5140/5430/6292 5139/5431/6293
f 5120/5432/6294 5111/5433/6295 5113/5372/6230
f 5104/5434/6296 5103/5435/6297 5106/5436/6298
f 4791/5437/6299 4794/5157/6300 4798/5438/6301
f 5072/5126/5964 4952/5439/6302 5070/5440/6303
f 4649/5441/6304 4865/5442/6305 4866/5443/6306
f 5293/5444/6307 4974/5445/6308 5026/5446/6309
f 4444/5447/6310 4417/5402/6263 4534/5448/6311
f 4818/5179/6024 4814/5177/6312 4816/5162/6313
f 5187/5449/6314 5190/4810/6314 5186/4809/6314
f 4719/5450/6315 4718/5074/6316 5190/4810/6317
f 5193/5451/6318 5192/5136/6318 4688/4952/6319
f 5063/5337/6193 5062/5452/6320 5182/5453/6321
f 5371/5454/6322 5369/4958/5792 5335/5455/6323
f 5197/4864/5696 5198/4863/5695 4687/5456/6324
f 4470/5457/6325 4480/5458/6326 4471/5459/6327
f 5199/4862/6328 5200/5257/6328 5188/5460/6328
f 5202/4940/6329 5194/5461/6330 4689/5462/6331
f 5204/4942/6332 5203/4941/6333 4690/5463/6334
f 5205/5464/6335 5204/4942/6335 4690/5463/6335
f 4841/5465/6336 4837/5466/6337 4839/5467/6338
f 5192/5136/5975 5194/5461/6330 5202/4940/6329
f 5209/5468/6339 5210/5469/6339 5208/5470/6339
f 4923/5471/6340 4928/5472/6341 4920/5473/6342
f 4483/5474/6343 4484/5475/6343 4482/5476/6343
f 5418/5477/6344 5436/5254/6106 5419/5478/6345
f 5497/5479/6346 5500/4893/6347 5501/4895/6059
f 4853/5480/6348 4870/5481/6349 5221/5482/6350
f 4648/5483/6351 4864/5208/6352 4865/5442/6353
f 5438/5484/6354 5430/5485/6355 5437/5486/6356
f 5246/4973/5807 5248/5487/6357 5247/4974/5808
f 5115/5381/6358 5114/5488/6359 5116/5382/6360
f 5262/4835/6361 5263/4834/6362 5260/5489/6363
f 4965/5490/6364 5265/5021/5855 5261/5491/6365
f 5281/5492/6366 4752/5493/6367 4740/5494/6368
f 5271/5495/6369 5273/5496/6370 5269/4865/5697
f 5276/5497/6371 4957/5498/6372 5267/5499/6373
f 4994/5290/6141 4992/5500/6374 4993/5291/6142
f 4870/5481/6375 4851/5501/6375 4869/5502/6375
f 5279/5503/6376 5278/5504/6376 5280/5505/6377
f 5280/5505/6378 5278/5504/6378 5276/5497/6379
f 5279/5503/6380 5280/5505/6380 5276/5497/6380
f 4670/5421/5929 5157/5412/6273 5171/5506/6072
f 5279/5503/6381 4946/5104/6382 4947/4848/6383
f 4957/5498/6372 5266/5507/6384 5267/5499/6373
f 5266/5507/6384 5041/5095/5932 4963/5310/6166
f 5314/5508/6385 5315/5509/6386 5100/5364/6222
f 4503/4905/6387 4493/5032/6388 4505/5362/6220
f 4761/4842/6389 4804/5165/6006 5303/5510/6390
f 5283/5511/6391 5284/5512/6391 5285/5513/6391
f 4647/5304/6160 5239/5514/6392 5235/5515/6393
f 4975/5516/6394 5293/5444/6394 5292/5517/6394
f 4527/5518/6395 4428/5519/6396 4528/5520/6397
f 4973/5521/6398 5300/5522/6398 5299/5338/6398
f 5256/5523/6399 5254/5524/6400 4966/5525/6401
f 5122/5526/6402 5120/5432/6294 5103/5435/6297
f 5306/5527/6403 4749/5528/6404 5115/5381/6358
f 5310/5529/6405 5313/5530/6406 5314/5508/6385
f 4923/5471/6340 4932/5285/6136 4924/5531/6407
f 4897/5236/6082 4895/5227/6408 4901/5532/6409
f 4929/5533/6410 4927/5534/6411 4930/5248/6098
f 4773/5535/6412 4771/5144/6413 4721/5089/5926
f 4359/5168/6009 4361/5118/5956 4358/4797/5627
f 4933/5536/6414 4925/5247/6097 4924/5531/6407
f 4882/5537/6415 4875/5234/6415 4876/5538/6415
f 5225/5252/6416 5226/5239/6417 4873/4819/6418
f 4902/5226/6419 4883/5539/6420 4901/5532/6409
f 5239/5514/6392 5238/5540/6421 5237/5541/6422
f 4969/5542/6423 4970/5271/6424 4968/5543/6425
f 4362/5112/5949 4367/4832/5661 4363/5544/6426
f 5165/5288/6427 5170/5140/6428 5169/5287/6429
f 5207/5423/6285 5209/5468/6430 5208/5470/6431
f 4792/5161/6001 4800/4861/5693 4803/5163/6003
f 4788/5251/6101 4764/5141/6432 4829/5545/6433
f 5180/5546/6434 5181/5547/6435 4674/5548/6436
f 4768/5549/6437 4769/5550/6438 4770/5551/6439
f 4917/5552/6440 4574/4970/5804 4919/5246/6094
f 5298/5553/6441 4968/5543/6425 4973/5521/6442
f 4807/5554/6443 4759/4844/5676 4758/5292/6144
f 5156/5135/5973 5130/5278/6444 5124/5280/6445
f 5339/5555/6446 4536/5556/6447 5337/5557/6448
f 4618/5558/6449 4858/5559/6450 4857/5560/6451
f 4661/5561/6452 4666/5073/5909 4665/5225/6453
f 5523/5562/6454 4444/5447/6310 4442/5563/6455
f 4713/5564/6456 4776/5038/6457 4714/5192/6039
f 4542/5565/6458 4543/5566/6458 4546/5567/6458
f 4509/5568/6459 4491/5569/6460 4490/5033/6461
f 5364/5570/6462 5349/5571/6463 5348/5572/6247
f 4836/4822/6464 4838/5573/6465 4849/5194/6466
f 5429/5574/6467 5421/5199/6046 5423/5575/6468
f 4720/5088/5925 4725/5576/6469 4718/5074/6316
f 4704/5071/5907 4706/5577/6470 4705/5578/6471
f 4610/5396/6254 4609/5133/5971 4611/5397/6255
f 5092/5352/6472 5090/5579/6473 5097/5580/6474
f 5309/5581/6475 5308/5582/6475 5310/5529/6475
f 5313/5530/6476 5312/5583/6477 5307/5584/6478
f 5298/5553/6441 4972/5269/6479 4969/5542/6423
f 5319/5585/6480 5325/5586/6481 5324/5587/6482
f 5021/4892/6483 5015/5588/6484 4726/5589/6485
f 5320/5395/6486 5322/5590/6487 5325/5586/6488
f 5316/5591/6489 4429/5592/6490 4565/5593/6491
f 5332/5594/6492 5331/5595/6493 5333/5596/6494
f 5109/5597/6495 5108/5598/6496 4567/5599/6497
f 4631/5600/6498 4637/5012/6499 5126/5601/6500
f 5505/5119/5957 5504/4816/6501 4534/5448/6311
f 5336/5602/6502 5338/5603/6503 5337/5557/6448
f 4673/5061/6504 5055/5604/6505 5256/5523/6399
f 5351/5605/6506 5354/5606/6507 5350/5607/6508
f 5358/5608/6509 5360/5609/6510 5359/5610/6511
f 5361/5611/6512 5366/4957/5791 5359/5610/6511
f 5366/4957/5791 5358/5608/6509 5359/5610/6511
f 4877/5209/6060 4876/5538/6513 4893/5612/6514
f 5346/5316/6172 5362/5613/6515 5366/4957/5791
f 4908/5241/6088 4912/5614/6516 4911/5615/6517
f 4522/5616/6518 4520/5617/6519 4518/5618/6520
f 4526/5619/6521 5492/5006/5842 5485/5620/6522
f 4606/5621/6523 5116/5382/6360 4565/5593/6491
f 5372/5622/6524 5380/5623/6525 5371/5454/6322
f 5386/5624/6526 5387/5625/6527 4535/5626/6528
f 5043/5312/6168 5161/5627/6529 5065/5272/6124
f 4423/5628/6530 4521/5629/6531 4481/5630/6532
f 4477/5631/6533 5414/4898/5729 5413/5632/6534
f 5283/5511/6535 5224/5633/6536 4983/4927/5758
f 4507/4904/5735 4494/5368/6537 4502/5369/6538
f 4370/5096/5933 4348/5367/6225 4369/5277/6128
f 5391/5634/6539 5392/5258/6540 5393/5635/6541
f 5423/5575/6468 5426/5636/6542 5425/4921/5752
f 5520/5637/6543 5519/5065/5901 5521/5638/6544
f 5117/5639/6545 5118/5640/6546 4907/5641/6547
f 5260/5489/6363 5259/5020/5854 5274/5642/6548
f 4601/4983/6549 4580/5643/6550 4602/5644/6551
f 5292/5517/6552 5295/5645/6553 5299/5338/6195
f 5083/5233/6079 5356/5646/6554 5080/5647/6555
f 5404/5648/6556 5405/5649/6556 5402/5650/6556
f 5405/5649/6557 5406/5651/6558 5402/5650/6559
f 4987/5652/6560 4991/5213/6064 4989/5653/6561
f 5424/5654/6562 5425/4921/5752 5428/4920/5751
f 5424/5654/6562 5423/5575/6468 5425/4921/5752
f 5430/5485/6355 5429/5574/6467 5431/4938/5769
f 5434/5655/6563 5412/5656/6564 5415/4897/5728
f 5415/4897/6565 5433/5657/6565 5434/5655/6565
f 4912/5614/6516 4903/5218/6566 4913/5658/6567
f 4764/5141/6432 4767/5659/6568 4766/5142/6569
f 5439/5660/6570 5412/5656/6571 5409/5661/6572
f 5405/5649/6557 5404/5648/6573 5410/5024/5859
f 5516/5662/6574 5522/5663/6575 5523/5562/6454
f 4732/5664/6576 4731/5665/6577 4733/5666/6188
f 5174/5667/5714 4668/4853/5685 4670/5421/5929
f 5441/5668/6578 5440/5669/6578 5442/5420/6578
f 5255/5019/5853 5254/5524/6579 5252/5670/6580
f 5088/5671/6581 5089/5672/6582 5091/5354/6583
f 5449/5673/6584 5451/5674/6585 5450/5675/6586
f 4380/5676/6587 4402/4837/6588 4403/4836/5668
f 5181/5547/6435 5027/5677/6589 4974/5445/6308
f 5129/5678/6590 5126/5601/6500 5127/5110/5947
f 4743/5679/6591 4733/5332/6188 4736/5680/6592
f 4843/5393/6593 4823/5681/6594 4827/5682/6595
f 5431/4938/5769 5427/5683/6596 5432/4919/5750
f 4576/5684/6597 4918/5685/6598 4575/4971/6599
f 5196/5686/6600 4687/5456/6324 5195/4951/5785
f 4797/4859/5997 4798/5438/6301 4796/5159/5998
f 5487/5008/5844 5488/5007/5843 5489/4945/5776
f 5255/5019/6601 5253/5099/5936 5257/5687/6602
f 5397/5688/6603 5403/5025/5860 5385/5689/6604
f 4555/5690/6605 4556/5691/6606 4554/5692/6607
f 4627/5693/6608 4623/5026/5861 4650/5694/6609
f 4471/5459/6327 4472/5340/6200 4470/5457/6325
f 4648/5483/6610 4652/5695/6611 4651/5696/6612
f 5475/5697/6613 5476/5698/6614 5472/5260/6615
f 5016/5699/6616 5015/5588/6484 5017/5700/6617
f 5459/5701/6618 5465/5702/6619 5463/5703/6620
f 5462/5175/6017 5461/5704/6621 5460/5705/6622
f 5408/5706/6623 5434/5655/6624 5407/5707/6625
f 5465/5702/6619 5462/5175/6017 5463/5703/6620
f 4639/5708/6626 5244/5709/5889 5243/5710/6627
f 5115/5381/6358 4606/5621/6523 4608/4978/5812
f 5002/5289/6140 4995/5711/6628 5001/5712/6629
f 4692/5059/6630 5205/5464/6631 4691/5060/6632
f 5271/5495/6369 5277/4833/5665 5272/5713/6633
f 4715/5039/6634 4772/5145/6635 4773/5535/6412
f 5324/5587/6482 5322/5590/6636 5323/5394/6252
f 5478/4931/5762 5476/5714/6614 5477/5317/6173
f 4572/4922/5753 4584/4987/5822 4570/5002/5838
f 5321/5715/6637 5320/5395/6638 5325/5586/6639
f 5481/5716/6640 5483/5717/6640 5482/5718/6640
f 5035/5305/6641 5029/5325/6642 5033/5719/6643
f 5484/4918/5749 5480/5720/6644 5479/4916/5747
f 5489/4945/5776 4527/5518/6645 5482/5718/6646
f 5490/5721/6647 5489/4945/5776 5488/5007/5843
f 5443/5722/6648 5448/5723/6649 5493/5419/6650
f 5445/5052/5885 5452/5376/6236 5460/5705/6651
f 5301/5417/6652 5231/5237/6652 5230/5724/6652
f 5524/5725/6653 5516/5662/6574 5523/5562/6454
f 4589/5726/6654 4593/5727/6655 4598/5728/6656
f 4706/5577/6470 4712/5729/6657 4705/5578/6658
f 5495/5730/6659 5496/5731/6659 5388/5732/6659
f 4930/5248/6098 4927/5534/6411 4926/5249/6099
f 5004/5733/6660 4980/4926/5757 5023/4891/6661
f 4835/4820/6662 4833/5185/6032 4832/5184/6031
f 5484/4918/5749 5481/5716/6663 5480/5720/6644
f 4549/5734/6664 4553/5322/6665 5506/5121/5959
f 4567/5599/6497 5112/5373/6231 5111/5433/6295
f 4562/5735/6666 4561/5736/6667 5499/5737/6668
f 5509/5738/6669 4541/5739/6670 5508/5740/6671
f 4737/5741/6672 4740/5494/6368 4742/5742/6673
f 4539/5743/6674 5509/5738/6674 4540/5744/6674
f 5509/5738/6675 5505/5119/5957 4540/5744/6676
f 5342/5745/6677 5343/5746/6678 4537/5747/6679
f 5374/5748/6680 5373/5749/6681 5382/5750/6682
f 5080/5647/6555 5134/5751/6683 5136/5752/6684
f 5510/4997/6685 4438/4858/5690 4436/4857/5689
f 5376/5753/6686 5375/5754/6687 5368/5755/6688
f 5513/5756/6689 4530/5757/6690 4430/4998/5834
f 5510/4997/6691 5512/5411/6692 5511/5758/6693
f 4495/5759/6694 4492/4908/5739 4491/5569/6460
f 4781/5760/6695 4793/5158/5995 4824/5761/6696
f 5012/5300/6697 5009/5762/6698 5011/5763/6699
f 5224/5633/6536 4869/5502/6700 4853/5480/6348
f 4467/5764/6701 4452/5413/6701 4451/5023/6701
f 4596/5765/6702 4592/5766/6703 4597/4800/5630
f 4511/4914/6704 4516/5334/6190 4513/4915/5746
f 5521/5638/6544 4447/5767/6705 5520/5637/6543
f 4559/5768/6706 4560/4953/5787 4561/5736/6707
f 5524/5725/6653 4440/4814/5642 4441/4935/5766
f 4439/5769/6708 4435/4856/6709 5525/5770/6710
f 4413/4803/5633 5526/5771/6711 4411/5191/6038
f 5421/5199/6046 5437/5486/6356 5420/5197/6044
f 4383/4812/6712 4379/5424/6713 4380/5676/6714
f 4383/4812/6715 4380/5676/6715 4381/4813/6715
f 5287/5772/6716 5285/5513/6717 5217/5773/6718
f 5353/5389/6248 5351/5605/6506 5352/5774/6174
f 5352/5774/6174 5475/5697/6613 5473/5775/6719
f 5454/5776/6720 5455/5777/6721 5446/5050/5883
f 5353/5389/6248 5352/5774/6174 5473/5775/6719
f 5473/5775/6719 5454/5776/6720 5446/5050/5883
f 5474/5778/6722 4589/5779/6654 4587/4799/5629
f 5473/5775/6719 5446/5050/5883 5474/5778/6722
f 5345/5390/6249 5353/5389/6248 5473/5775/6719
f 5355/5780/6723 5348/5388/6247 5345/5390/6249
f 5134/5751/6683 5133/5781/6724 5355/5780/6723
f 5131/5782/6725 5136/5752/6684 5134/5751/6683
f 4569/4801/5631 5135/5783/6726 5131/5782/6725
f 5089/5672/6582 5084/5784/6727 4569/4801/5631
f 4595/5785/6728 4594/5786/6729 5089/5672/6582
f 4592/5766/6703 4593/5727/6655 4595/5785/6728
f 4600/5348/6730 4596/5765/6702 4597/4800/5630
f 4597/4800/5630 4592/5766/6703 4595/5785/6728
f 4595/5785/6728 5089/5672/6582 4569/4801/5631
f 4569/4801/5631 5131/5782/6725 5134/5751/6683
f 5134/5751/6683 5355/5780/6723 5345/5390/6249
f 5345/5390/6249 5473/5775/6719 5474/5778/6722
f 4587/4799/5629 4588/5787/6731 4590/5349/6732
f 5345/5390/6249 5474/5778/6722 4587/4799/5629
f 4569/4801/5631 5134/5751/6683 5345/5390/6249
f 4597/4800/5630 4595/5785/6728 4569/4801/5631
f 4590/5349/6732 4600/5348/6730 4597/4800/5630
f 4569/4801/5631 5345/5390/6249 4587/4799/5629
f 4587/4799/5629 4590/5349/6732 4597/4800/5630
f 5514/5356/6214 4346/5788/6733 4347/4802/5632
f 4347/4802/5632 4349/5375/6233 4413/4803/5633
f 4413/4803/5633 4411/5191/6038 4410/5789/6734
f 4409/4804/5634 5514/5356/6214 4347/4802/5632
f 4413/4803/5633 4410/5789/6734 4409/4804/5634
f 5185/4808/5638 5184/5790/6735 5186/4809/5639
f 4440/4814/5642 4442/5563/6455 4533/4815/5643
f 4873/4819/5647 5226/5239/6085 5227/5791/6736
f 4868/4817/5645 4861/5792/6737 4862/5206/6053
f 4868/4817/5645 4862/5206/6053 4867/4818/5646
f 4873/4819/5647 5227/5791/6736 4868/4817/5645
f 4465/4828/5654 4453/5341/6201 4458/4826/5652
f 4458/4826/5652 4422/5793/6034 4469/4827/5653
f 4469/4827/5653 5515/5342/6202 4465/4828/5654
f 4375/4806/5636 4363/5544/6426 4367/4832/5661
f 4391/4824/5662 4383/4812/6712 4382/4811/5663
f 5262/4835/5667 5272/5713/6633 5277/4833/5665
f 5277/4833/5665 5268/5794/6738 5263/4834/5666
f 4761/4842/5674 4762/4910/5741 4760/4843/5675
f 5391/5795/6739 5389/4933/5764 5400/4845/5677
f 5400/4845/5677 5399/4943/5774 4487/5796/6740
f 4487/5796/6740 4488/5797/6741 4489/4846/5678
f 4489/4846/5678 4509/5568/6459 5392/4847/5679
f 5392/4847/5679 5391/5795/6739 5400/4845/5677
f 5400/4845/5677 4487/5796/6740 4489/4846/5678
f 4956/5266/6121 5275/5798/6742 4947/4848/5680
f 4947/4848/5680 4948/5799/6743 4950/4849/5681
f 4950/4849/5681 4949/5244/6091 4955/4850/5682
f 4955/4850/5682 4956/5266/6121 4947/4848/5680
f 4668/4853/5685 4667/5800/6744 4698/4851/5683
f 4698/4851/5683 4695/4879/5712 4669/4852/5684
f 4435/4856/5688 4439/5769/6745 4437/4854/5686
f 4437/4854/5686 4436/4857/5689 4434/4855/5687
f 4800/4861/5693 4799/5160/6000 4797/4859/5691
f 4797/4859/5691 4795/5156/6746 4801/4860/5692
f 5199/4862/5694 5188/5460/6747 5198/4863/5695
f 4921/4876/5709 4575/4971/6599 4918/5685/6598
f 4918/5685/6598 4576/5684/6748 4577/4874/5707
f 4577/4874/5707 4604/5004/6749 4585/4985/6750
f 4585/4985/6750 4571/4924/5755 4934/4875/5708
f 4934/4875/5708 4923/5471/6340 4921/4876/5709
f 4921/4876/5709 4918/5685/6598 4577/4874/5707
f 4577/4874/5707 4585/4985/6750 4934/4875/5708
f 4695/4879/5712 4696/5064/6751 5191/4877/5710
f 5191/4877/5710 5200/5257/6752 5199/4862/6753
f 4693/4878/5711 4694/5063/5896 4695/4879/5712
f 5191/4877/5710 5199/4862/6753 4693/4878/5711
f 4702/5068/5904 4701/5070/5906 4703/5801/6754
f 4703/5801/6754 4719/5450/6315 5187/5449/6755
f 5187/5449/6755 5188/5460/6756 5200/5257/6757
f 5187/5449/6755 5200/5257/6757 5189/5802/6758
f 4702/5068/5904 4703/5801/6754 5187/5449/6755
f 5175/4882/5715 4700/5803/6759 4699/5069/5905
f 4699/5069/5905 4702/5068/5904 5187/5449/6755
f 4699/5069/5905 5187/5449/6755 5189/5802/6758
f 4699/5069/5905 5189/5802/6758 5201/5256/6760
f 5201/5256/6760 5191/4877/6761 4696/5064/6762
f 4697/4880/5713 4698/4851/5683 4667/5800/6744
f 5201/5256/6760 4696/5064/6762 4697/4880/5713
f 5175/4882/5715 4699/5069/5905 5201/5256/6760
f 5174/4881/5714 5157/5412/6273 4662/5804/6763
f 4697/4880/5713 4667/5800/6744 5174/4881/5714
f 5175/4882/5715 5201/5256/6760 4697/4880/5713
f 5174/4881/5714 4662/5804/6763 5175/4882/5715
f 4349/5375/6233 4374/4805/5635 4348/5367/6225
f 4349/5375/6233 4348/5367/6225 4373/5098/5935
f 5525/5770/6764 4413/4803/5633 4349/5375/6233
f 4439/5769/6745 5525/5770/6764 4349/5375/6233
f 4439/5769/6745 4349/5375/6233 4373/5098/5935
f 4439/5769/6745 4373/5098/5935 4372/5097/5934
f 4439/5769/6745 4372/5097/5934 4364/5113/5950
f 4439/5769/6745 4364/5113/5950 4362/5112/5949
f 4363/5544/6426 4375/4806/5636 4376/5374/6232
f 4363/5544/6426 4376/5374/6232 4402/4837/5669
f 4363/5544/6426 4402/4837/5669 4377/5426/6288
f 4362/5112/5949 4363/5544/6426 4377/5426/6288
f 4378/5425/6287 5527/5805/6765 4416/5806/6766
f 4439/5769/6745 4362/5112/5949 4377/5426/6288
f 4378/5425/6287 4416/5806/6766 4415/5807/6767
f 4439/5769/6745 4377/5426/6288 4378/5425/6287
f 4437/4854/5686 4439/5769/6745 4378/5425/6287
f 4378/5425/6287 4415/5807/6767 5522/5663/6575
f 4378/5425/6287 5522/5663/6575 5516/5662/6574
f 4378/5425/6287 5516/5662/6574 4414/5808/6768
f 4378/5425/6287 4414/5808/6768 4532/4934/5765
f 4437/4854/5686 4378/5425/6287 4532/4934/5765
f 4531/4936/5767 4441/4935/5766 5507/5809/6769
f 4437/4854/5686 4532/4934/5765 4531/4936/5767
f 4530/5757/6690 5513/5756/6689 5510/4997/6685
f 5510/4997/6685 4437/4854/5686 4531/4936/5767
f 4531/4936/5767 5507/5809/6769 4553/5322/6770
f 4551/5323/6180 4552/4955/6179 4529/5810/6771
f 4531/4936/5767 4553/5322/6770 4551/5323/6180
f 4530/5757/6690 5510/4997/6685 4531/4936/5767
f 4412/4889/5723 4431/5190/6037 4430/4998/5834
f 4530/5757/6690 4531/4936/5767 4551/5323/6180
f 4430/4998/5834 4530/5757/6690 4551/5323/6180
f 4551/5323/6180 4529/5810/6771 4550/4887/5721
f 4430/4998/5834 4551/5323/6180 4550/4887/5721
f 4410/5789/6734 4411/5191/6038 4412/4889/5723
f 4412/4889/5723 4430/4998/5834 4550/4887/5721
f 5503/4888/5722 4410/5789/6734 4412/4889/5723
f 5021/4892/5726 5212/5811/6772 4996/4890/5724
f 4996/4890/5724 5003/5812/6773 5023/4891/5725
f 4477/5813/6533 4473/4885/5718 4476/4896/5717
f 4476/4896/5717 5416/4950/5782 5415/4897/5728
f 5435/5814/6774 5413/5632/6534 5414/4898/5729
f 5414/4898/5729 4477/5813/6533 4476/4896/5717
f 5415/4897/5728 5435/5814/6774 5414/4898/5729
f 4762/4910/5741 4761/4842/5674 4763/4911/5742
f 4763/4911/5742 4788/5251/6775 4787/4912/5743
f 5479/4916/5747 5485/5620/6522 5486/4917/5748
f 5425/4921/5752 5401/5815/6776 5432/4919/5750
f 5432/4919/5750 5427/5683/6596 5428/4920/5751
f 5235/5515/6393 5236/5816/6777 5281/5492/6366
f 4728/5817/6778 4750/5818/6779 4751/5819/6780
f 4751/5819/6780 5304/5820/6781 4756/5821/6782
f 4751/5819/6780 4756/5821/6782 5019/5822/6783
f 5281/5492/6366 4728/5817/6778 4751/5819/6780
f 5233/5823/6784 5235/5515/6393 5281/5492/6366
f 5282/5238/6084 5234/5824/6785 5233/5823/6784
f 5282/5238/6084 5233/5823/6784 5281/5492/6366
f 5281/5492/6366 4751/5819/6780 5019/5822/6783
f 5020/5825/6786 5017/5700/6787 5021/4892/6788
f 5281/5492/6366 5019/5822/6783 5020/5825/6786
f 5227/5791/6736 5282/5238/6084 5281/5492/6366
f 5020/5825/6786 5021/4892/6788 5023/4891/6661
f 5020/5825/6786 5023/4891/6661 5022/4925/5756
f 5229/5826/6789 4872/5253/6105 4657/5034/6790
f 4656/5827/6791 5232/5416/6279 5229/5826/6789
f 4655/5058/5891 4647/5304/6792 4656/5827/6791
f 4639/5708/6626 5243/5710/6627 4658/5828/6793
f 4655/5058/5891 4656/5827/6791 5229/5826/6789
f 4639/5708/6626 4658/5828/6793 4655/5058/5891
f 4659/5829/6794 4643/5080/5918 4640/5830/6795
f 4640/5830/6795 4639/5708/6626 4655/5058/5891
f 4655/5058/5891 5229/5826/6789 4657/5034/6790
f 4655/5058/5891 4657/5034/6790 4654/5036/5869
f 4659/5829/6794 4640/5830/6795 4655/5058/5891
f 4623/5026/5861 4615/5028/5863 4659/5829/6794
f 4650/5694/6609 4623/5026/5861 4659/5829/6794
f 4659/5829/6794 4655/5058/5891 4654/5036/5869
f 4659/5829/6794 4654/5036/5869 4649/5441/6304
f 4860/5203/6796 4650/5694/6609 4659/5829/6794
f 4622/5831/6797 4627/5693/6608 4859/5205/6798
f 4857/5560/6451 4858/5559/6450 4622/5831/6797
f 4621/5016/6799 4619/5018/6800 4618/5558/6449
f 4850/5832/6801 4620/5017/6802 4621/5016/6799
f 5287/5772/6716 5218/5148/6803 4852/5833/6804
f 4852/5833/6804 4850/5832/6801 4621/5016/6799
f 4621/5016/6799 4618/5558/6449 4857/5560/6451
f 4857/5560/6451 4622/5831/6797 4859/5205/6798
f 4860/5203/6796 4659/5829/6794 4649/5441/6304
f 4857/5560/6451 4859/5205/6798 4860/5203/6796
f 4852/5833/6804 4621/5016/6799 4857/5560/6451
f 5288/5834/6805 5286/5835/6806 5287/5772/6716
f 4852/5833/6804 4857/5560/6451 4860/5203/6796
f 4860/5203/6796 4649/5441/6304 4861/5792/6737
f 4860/5203/6796 4861/5792/6737 4868/4817/5645
f 5288/5834/6805 5287/5772/6716 4852/5833/6804
f 5221/5482/6350 4871/5836/6807 5222/5837/6808
f 4855/5838/6809 4853/5480/6348 4854/5839/6810
f 5221/5482/6350 5222/5837/6808 5288/5834/6805
f 4854/5839/6810 5221/5482/6350 5288/5834/6805
f 4860/5203/6796 4868/4817/5645 5227/5791/6736
f 5281/5492/6366 5020/5825/6786 5022/4925/5756
f 5227/5791/6736 5281/5492/6366 5022/4925/5756
f 4854/5839/6810 5288/5834/6805 4852/5833/6804
f 4855/5838/6809 4854/5839/6810 4852/5833/6804
f 4981/5276/6811 4982/5275/6812 4994/5290/6141
f 4994/5290/6141 5002/5289/6140 5001/5712/6629
f 4995/5711/6813 4993/5291/6814 5004/5733/6660
f 4981/5276/6811 4994/5290/6141 5001/5712/6629
f 5004/5733/6660 5003/5812/6815 4996/4890/5724
f 4996/4890/5724 5212/5811/6772 4726/5589/6485
f 4726/5589/6485 5013/5840/6816 5305/5841/6817
f 4755/5842/6818 4754/5843/6819 5008/5296/6149
f 4726/5589/6485 5305/5841/6817 4755/5842/6818
f 4995/5711/6813 5004/5733/6660 4996/4890/5724
f 4755/5842/6818 5008/5296/6149 5010/5295/6148
f 4755/5842/6818 5010/5295/6148 5012/5300/6697
f 4995/5711/6813 4996/4890/5724 4726/5589/6485
f 5001/5712/6629 4995/5711/6813 4726/5589/6485
f 4726/5589/6485 4755/5842/6818 5012/5300/6697
f 5011/5763/6699 5009/5762/6698 5007/5297/6150
f 4726/5589/6485 5012/5300/6697 5011/5763/6699
f 4855/5838/6809 4852/5833/6804 4860/5203/6796
f 5223/5844/6820 4855/5838/6809 4860/5203/6796
f 5011/5763/6699 5007/5297/6150 5006/5845/6821
f 5006/5845/6821 5005/5846/6822 4989/5653/6561
f 4997/5847/6823 4998/5212/6824 4999/5103/5940
f 5006/5845/6821 4989/5653/6561 4997/5847/6823
f 4726/5589/6485 5011/5763/6699 5006/5845/6821
f 5223/5844/6820 4860/5203/6796 5227/5791/6736
f 5224/5633/6536 5223/5844/6820 5227/5791/6736
f 4726/5589/6485 5006/5845/6821 4997/5847/6823
f 5001/5712/6629 4726/5589/6485 4997/5847/6823
f 5001/5712/6629 4997/5847/6823 4999/5103/5940
f 4986/5848/6825 4990/5102/5939 4987/5652/6560
f 4981/5276/6811 5001/5712/6629 4999/5103/5940
f 4986/5848/6825 4987/5652/6560 4988/5282/6826
f 4981/5276/6811 4999/5103/5940 4986/5848/6825
f 4981/5276/6811 4986/5848/6825 4988/5282/6826
f 4988/5282/6826 4985/5281/6132 5216/5849/6827
f 4983/4927/5758 5224/5633/6536 5227/5791/6736
f 4981/5276/6811 4988/5282/6826 5216/5849/6827
f 4980/4926/5757 4981/5276/6811 5216/5849/6827
f 4983/4927/5758 5227/5791/6736 5022/4925/5756
f 4980/4926/5757 5216/5849/6827 4983/4927/5758
f 5391/5795/6739 5393/5850/6828 5478/4931/5762
f 5478/4931/5762 5477/5317/6173 5382/5750/6682
f 5382/5750/6682 5373/5749/6681 5390/4932/5763
f 5390/4932/5763 5383/5146/5984 5389/4933/5764
f 5389/4933/5764 5391/5795/6739 5478/4931/5762
f 5478/4931/5762 5382/5750/6682 5390/4932/5763
f 5495/5730/6829 5388/5732/6830 5387/5625/6527
f 5387/5625/6527 5386/5624/6526 5396/5851/6831
f 5396/5851/6831 5397/5688/6603 5384/4937/5768
f 5384/4937/5768 5385/5689/6832 5404/5648/6833
f 5402/5650/6559 5406/5651/6558 5407/5707/6625
f 5384/4937/5768 5404/5648/6833 5402/5650/6559
f 5387/5625/6527 5396/5851/6831 5384/4937/5768
f 5395/4939/5770 5496/5731/6834 5495/5730/6829
f 5495/5730/6829 5387/5625/6527 5384/4937/5768
f 5384/4937/5768 5402/5650/6559 5407/5707/6625
f 5407/5707/6625 5436/5254/6106 5418/5477/6344
f 5418/5477/6344 5437/5486/6356 5430/5485/6355
f 5418/5477/6344 5430/5485/6355 5431/4938/5769
f 5384/4937/5768 5407/5707/6625 5418/5477/6344
f 5395/4939/5770 5495/5730/6829 5384/4937/5768
f 5432/4919/5750 5401/5815/6776 5395/4939/5770
f 5384/4937/5768 5418/5477/6344 5431/4938/5769
f 5431/4938/5769 5432/4919/5750 5395/4939/5770
f 5202/4940/5771 4689/5462/6835 5203/4941/5772
f 5394/4944/5775 4486/5852/6836 4487/5796/6740
f 5399/4943/5774 5400/4845/5677 5389/4933/5764
f 5394/4944/5775 4487/5796/6740 5399/4943/5774
f 5486/4917/5777 5487/5008/5844 5489/4945/5776
f 5489/4945/5776 5483/5717/6837 5484/4918/5749
f 4482/5476/6838 4484/5475/6839 4474/4949/5781
f 4474/4949/5781 5417/5853/6840 5433/5657/6841
f 5433/5657/6841 5415/4897/5728 5416/4950/5782
f 5416/4950/5782 4476/4884/5717 4475/4886/5783
f 4475/4886/5783 4485/5854/6842 4481/5630/6532
f 4481/5630/6532 4482/5476/6838 4474/4949/5781
f 4474/4949/5781 5433/5657/6841 5416/4950/5782
f 4475/4886/5783 4481/5630/6532 4474/4949/5781
f 4688/4952/5786 5192/5136/5975 5197/4864/5784
f 5197/4864/5784 5196/5686/6600 5195/4951/5785
f 5378/4956/5790 5373/5749/6843 5377/5855/6844
f 5377/5855/6844 5374/5748/6680 5366/4957/5791
f 5366/4957/5791 5361/5611/6512 5375/5754/6687
f 5375/5754/6687 5370/5856/6845 5369/4958/5792
f 5369/4958/5792 5379/5147/5985 5378/4956/5790
f 5378/4956/5790 5377/5855/6844 5366/4957/5791
f 5366/4957/5791 5375/5754/6687 5369/4958/5792
f 4450/4961/5795 4454/4869/6846 4461/4959/5793
f 4461/4959/5793 4462/5857/6847 4449/4960/5794
f 4961/4962/5796 4960/5343/6848 4962/4963/5797
f 4576/5684/6748 4575/4971/5805 4573/4968/5802
f 4573/4968/5802 4574/4970/5804 4917/5552/6440
f 4917/5552/6440 4916/5346/6849 4564/4969/5803
f 4564/4969/5803 4578/5858/6850 4577/4874/5707
f 4577/4874/5707 4576/5684/6748 4573/4968/5802
f 4573/4968/5802 4917/5552/6440 4564/4969/5803
f 5249/4972/5806 5302/5230/6076 5246/4973/5807
f 4887/5361/6851 4885/5859/6852 5290/4994/5829
f 4887/5361/6851 5290/4994/5829 5289/4975/5809
f 4890/5123/5961 5245/5860/6853 4886/5861/6854
f 4890/5123/5961 4886/5861/6854 4887/5361/6851
f 4884/5223/6855 4889/5222/6856 4888/5862/6857
f 4888/5862/6857 4890/5123/5961 4887/5361/6851
f 4888/5862/6857 4887/5361/6851 5289/4975/5809
f 4605/5863/6858 4892/5221/6859 4884/5223/6855
f 4884/5223/6855 4888/5862/6857 5289/4975/5809
f 5291/4993/5828 5295/5645/6860 5293/5444/6861
f 4605/5863/6858 4884/5223/6855 5289/4975/5809
f 5291/4993/5828 5293/5444/6861 4976/5864/6862
f 4608/4978/5812 4605/5863/6858 5289/4975/5809
f 5289/4975/5809 5291/4993/5828 4976/5864/6862
f 4976/5864/6862 5026/5446/6309 5027/5677/6589
f 5027/5677/6589 5180/5546/6434 5294/5045/5879
f 5294/5045/5879 4977/5865/6863 5025/5301/6157
f 5294/5045/5879 5025/5301/6157 4978/5302/6158
f 4976/5864/6862 5027/5677/6589 5294/5045/5879
f 4607/5866/6864 4608/4978/5812 5289/4975/5809
f 5289/4975/5809 4976/5864/6862 5294/5045/5879
f 5289/4975/5809 5294/5045/5879 4978/5302/6158
f 5028/4977/5811 4607/5866/6864 5289/4975/5809
f 5024/4976/5810 5306/5527/6403 5028/4977/5811
f 5289/4975/5809 4978/5302/6158 5024/4976/5810
f 4940/4979/5814 4605/5863/6858 4608/4978/5812
f 4608/4978/5812 4606/5621/6523 4941/4947/5813
f 5075/4980/5815 5076/5125/5963 5074/4981/5816
f 4585/4985/5820 4604/5004/6865 4579/5867/6866
f 4579/5867/6866 4580/5643/6867 4601/4983/5818
f 4601/4983/5818 4602/5644/6868 4603/4984/5819
f 4603/4984/5819 4582/4988/5870 4585/4985/5820
f 4585/4985/5820 4579/5867/6866 4601/4983/5818
f 4632/4989/5824 5121/5868/5969 4633/4990/5825
f 5290/4994/5829 4971/5270/6869 4972/5269/6870
f 4972/5269/6870 5297/5339/6197 5296/4992/5827
f 5296/4992/5827 5295/5645/6860 5291/4993/5828
f 5290/4994/5829 4972/5269/6870 5296/4992/5827
f 5214/4995/5830 5215/5869/6871 5213/5870/6872
f 4979/4996/5831 5220/5150/6873 4983/4927/5832
f 5214/4995/5830 5213/5870/6872 4979/4996/5831
f 4983/4927/5832 5216/5849/6874 5214/4995/5830
f 4432/4999/5835 5512/5411/6272 5510/4997/5833
f 5510/4997/5833 5513/5756/6689 4430/4998/5834
f 4789/5001/5837 4836/4822/5650 4831/4821/5649
f 4831/4821/5649 4829/5545/6875 4830/5000/5836
f 4830/5000/5836 4783/5155/6030 4789/5001/5837
f 4583/5003/5839 4603/4984/5819 4602/5644/6876
f 4602/5644/6876 4580/5643/6867 4579/5867/6866
f 4604/5004/5840 4577/4874/5707 4578/5858/6850
f 4602/5644/6876 4579/5867/6866 4604/5004/5840
f 4583/5003/5839 4602/5644/6876 4604/5004/5840
f 4604/5004/5840 4578/5858/6850 4563/5871/6877
f 4581/5005/5841 4570/5002/5838 4586/4986/5821
f 4581/5005/5841 4586/4986/5821 4582/4988/5823
f 4604/5004/5840 4563/5871/6877 4581/5005/5841
f 4581/5005/5841 4582/4988/5823 4583/5003/5839
f 5492/5006/5842 5491/5872/6878 5488/5007/5843
f 4433/5015/5851 5526/5771/6879 4413/4803/5633
f 4413/4803/5633 5525/5770/6764 4435/4856/5688
f 4435/4856/5688 4434/4855/5687 4433/5015/5851
f 5265/5021/5855 4966/5525/6401 5255/5019/5853
f 5255/5019/5853 5257/5687/6880 5259/5020/5854
f 5259/5020/5854 5261/5491/6365 5265/5021/5855
f 4461/4959/5793 4454/4869/6846 4455/4871/5856
f 4451/5023/5858 4452/5413/6275 5439/5660/6881
f 5409/5661/6882 5408/5706/6623 5405/5649/6557
f 4451/5023/5858 5439/5660/6881 5409/5661/6882
f 4460/4873/6883 4467/5764/6884 4451/5023/5858
f 5403/5025/5860 4464/5873/6885 4460/4873/6883
f 5410/5024/5859 5404/5648/6886 5403/5025/5860
f 5409/5661/6882 5405/5649/6557 5410/5024/5859
f 5403/5025/5860 4460/4873/6883 4451/5023/5858
f 4451/5023/5858 5409/5661/6882 5410/5024/5859
f 4490/5033/5866 4491/5569/6460 4492/4908/5739
f 4492/4908/5739 4506/4907/5738 4493/5032/5865
f 4715/5039/5873 4774/5193/6040 4775/5037/5871
f 4775/5037/5871 4714/5192/6887 4776/5038/5872
f 4776/5038/5872 4771/5144/6888 4715/5039/5873
f 4811/5874/6889 4810/5345/6890 4809/5042/5876
f 4809/5042/5876 4806/5166/6007 4805/5043/5877
f 4805/5043/5877 4808/5172/6013 4812/5875/6891
f 4812/5875/6891 4780/5876/6892 4779/5044/5878
f 4779/5044/5878 4778/5877/6893 4777/5878/6894
f 4779/5044/5878 4777/5878/6894 4811/5874/6889
f 4805/5043/5877 4812/5875/6891 4779/5044/5878
f 4779/5044/5878 4811/5874/6889 4809/5042/5876
f 4677/5047/5881 4977/5865/6863 5294/5045/5879
f 5294/5045/5879 5180/5546/6434 4674/5548/6895
f 5294/5045/5879 4674/5548/6895 4676/5879/6896
f 4675/5046/5880 4679/5048/6897 4677/5047/5881
f 5294/5045/5879 4676/5879/6896 4675/5046/5880
f 5098/5084/6898 5096/5386/6899 5097/5580/6474
f 5097/5580/6474 5090/5579/6473 5089/5672/6582
f 4594/5786/6729 4595/5785/6728 4568/5880/6900
f 5097/5580/6474 5089/5672/6582 4594/5786/6729
f 4599/5085/6901 5098/5084/6898 5097/5580/6474
f 4599/5085/6901 5097/5580/6474 4594/5786/6729
f 4568/5880/6900 4589/5726/6654 5474/5778/6722
f 4599/5085/6901 4594/5786/6729 4568/5880/6900
f 4599/5085/6901 4568/5880/6900 5474/5778/6722
f 5084/5784/6727 5085/5881/6902 5086/5882/6903
f 5135/5783/6726 4569/4801/5631 5084/5784/6727
f 5310/5529/6405 5311/5883/6904 5135/5783/6726
f 5313/5530/6905 5308/5582/6906 5309/5581/6907
f 5309/5581/6907 5310/5529/6405 5135/5783/6726
f 5135/5783/6726 5084/5784/6727 5086/5882/6903
f 5135/5783/6726 5086/5882/6903 5095/5884/6246
f 5312/5583/6477 5313/5530/6905 5309/5581/6907
f 5135/5783/6726 5095/5884/6246 5179/5885/6908
f 5309/5581/6907 5135/5783/6726 5179/5885/6908
f 5456/5886/6909 5312/5583/6477 5309/5581/6907
f 5464/5174/6016 5456/5886/6909 5309/5581/6907
f 5309/5581/6907 5179/5885/6908 4599/5085/6901
f 5455/5777/6910 5454/5776/6911 5473/5775/6719
f 5473/5775/6719 5475/5697/6613 5471/5887/6912
f 5471/5887/6912 5472/5260/6111 5468/5888/6913
f 5468/5888/6913 4508/4903/5734 4501/4902/5733
f 4501/4902/5733 4497/5240/6086 4498/4899/5730
f 4498/4899/5730 4500/4901/5732 4484/5475/6839
f 4483/5474/6914 4482/5476/6915 4481/5630/6532
f 4498/4899/5730 4484/5475/6839 4483/5474/6914
f 5471/5887/6912 5468/5888/6913 4501/4902/5733
f 4501/4902/5733 4498/4899/5730 4483/5474/6914
f 4483/5474/6914 4481/5630/6532 4510/5889/6916
f 4510/5889/6916 4521/5629/6531 4520/5617/6519
f 4520/5617/6519 4522/5616/6518 4523/5890/6917
f 4520/5617/6519 4523/5890/6917 5453/5891/6918
f 4501/4902/5733 4483/5474/6914 4510/5889/6916
f 4510/5889/6916 4520/5617/6519 5453/5891/6918
f 4519/5335/6191 4516/5334/6190 4517/5051/5884
f 4517/5051/5884 4511/4914/5745 4512/4913/5744
f 5464/5174/6016 5309/5581/6907 4599/5085/6901
f 5455/5777/6910 5473/5775/6719 5471/5887/6912
f 5471/5887/6912 4501/4902/5733 4510/5889/6916
f 5471/5887/6912 4510/5889/6916 5453/5891/6918
f 5446/5050/5883 5455/5777/6910 5471/5887/6912
f 5464/5174/6016 4599/5085/6901 5474/5778/6722
f 4517/5051/5884 4512/4913/5744 5445/5052/5885
f 4518/5618/6520 4519/5335/6191 4517/5051/5884
f 5446/5050/5883 5471/5887/6912 5453/5891/6918
f 5453/5891/6918 4518/5618/6520 4517/5051/5884
f 5445/5052/5885 5464/5174/6016 5474/5778/6722
f 5446/5050/5883 5453/5891/6918 4517/5051/5884
f 5445/5052/5885 5474/5778/6722 5446/5050/5883
f 4658/5828/6793 5243/5710/6627 5244/5056/5889
f 5244/5056/5889 5281/5492/6366 5236/5816/6777
f 5236/5816/6777 5237/5541/6919 5238/5540/6421
f 5238/5540/6421 5242/5892/6920 5240/5303/6921
f 5241/5057/5890 4647/5304/6922 4655/5058/5891
f 5238/5540/6421 5240/5303/6921 5241/5057/5890
f 5244/5056/5889 5236/5816/6777 5238/5540/6421
f 4655/5058/5891 4658/5828/6793 5244/5056/5889
f 5244/5056/5889 5238/5540/6421 5241/5057/5890
f 5159/5041/5895 4671/5040/6923 4692/5059/5893
f 4692/5059/5893 4673/5061/6924 5158/5062/5894
f 5519/5065/5901 4446/5893/6925 4538/5894/6926
f 4538/5894/6926 5517/5895/6927 5518/5066/5902
f 5518/5066/5902 4450/4961/6928 4449/4960/6929
f 4448/5067/5903 4456/5896/6930 5519/5065/5901
f 5518/5066/5902 4449/4960/6929 4448/5067/5903
f 5519/5065/5901 4538/5894/6926 5518/5066/5902
f 4709/5081/5919 4708/5083/6931 4707/5897/6932
f 4707/5897/6932 4706/5577/6470 4704/5071/5907
f 4704/5071/5907 4705/5578/6933 4703/5801/6934
f 4703/5801/6934 4701/5898/6935 4699/5899/6936
f 4700/5900/6937 5175/5901/6938 4664/5072/5908
f 4703/5801/6934 4699/5899/6936 4700/5900/6937
f 4709/5081/5919 4707/5897/6932 4704/5071/5907
f 4704/5071/5907 4703/5801/6934 4700/5900/6937
f 4664/5072/5908 5172/5090/6939 4665/5225/6453
f 4704/5071/5907 4700/5900/6937 4664/5072/5908
f 4711/5902/6940 4709/5081/5919 4704/5071/5907
f 4666/5073/5909 4661/5561/6452 4711/5902/6940
f 4664/5072/5908 4665/5225/6453 4666/5073/5909
f 4666/5073/5909 4711/5902/6940 4704/5071/5907
f 5486/4917/5777 5485/5620/6522 5492/5006/5842
f 4664/5072/5913 5175/5901/6941 4662/5077/5914
f 4659/5829/6794 4626/5903/6942 4628/5079/5916
f 4628/5079/5916 4660/5114/6943 4638/5029/6944
f 4641/5031/5917 4645/5030/5953 4644/5904/6945
f 4628/5079/5916 4638/5029/6944 4641/5031/5917
f 4643/5080/5918 4659/5829/6794 4628/5079/5916
f 4641/5031/5917 4644/5904/6945 4643/5080/5918
f 4709/5081/5919 4711/5902/6940 4710/5082/5920
f 4723/5087/5924 4725/5576/6469 4720/5088/5925
f 5172/5090/5927 4664/5072/6946 5173/5091/5928
f 5039/5093/5930 5037/5309/6947 4964/5094/5931
f 4370/5096/5933 4371/5379/6239 4372/5097/5934
f 5247/4974/5808 5248/5487/6357 5253/5099/5936
f 5253/5099/5936 5252/5670/6580 5251/5100/5937
f 5000/5101/5938 4991/5213/6064 4990/5102/5939
f 4990/5102/5939 4986/5848/6825 4999/5103/5940
f 4999/5103/5940 4998/5212/6824 5000/5101/5938
f 4950/4849/5681 4948/5799/6743 4946/5104/5941
f 4946/5104/5941 4945/5905/6948 4951/5105/5942
f 4737/5741/6672 4736/5680/6592 4748/5106/5943
f 4748/5106/5943 4741/5906/6949 4739/5107/5944
f 4739/5107/5944 4740/5494/6368 4738/5108/5945
f 4738/5108/5945 4737/5741/6672 4748/5106/5943
f 4630/5013/5849 4637/5012/5848 4636/5907/6950
f 4636/5907/6950 4609/5133/5971 4610/5396/6254
f 5125/5109/5946 4611/5397/6255 5123/5908/6951
f 4636/5907/6950 4610/5396/6254 5125/5109/5946
f 5126/5601/6952 5128/5014/5850 4630/5013/5849
f 4630/5013/5849 4636/5907/6950 5125/5109/5946
f 5125/5109/5946 5123/5908/6951 5129/5678/6590
f 5127/5110/5947 5126/5601/6952 4630/5013/5849
f 5125/5109/5946 5129/5678/6590 5127/5110/5947
f 4366/5111/5948 4365/5909/6953 4362/5112/5949
f 4645/5030/5953 4638/5029/6954 4660/5114/5951
f 4660/5114/5951 4625/5250/6955 4629/5115/5952
f 4629/5115/5952 4646/5134/5972 4645/5030/5953
f 4360/5116/5954 4389/5167/6008 4390/5117/5955
f 5505/5119/5957 4548/5910/6956 4547/5120/5958
f 5506/5121/5959 5504/4816/6501 5505/5119/5957
f 5177/5293/6145 5149/5406/6957 5146/5409/6958
f 5146/5409/6958 5136/5752/6684 5131/5782/6959
f 5099/5366/6224 5101/5365/6223 5109/5597/6495
f 5145/5911/6960 5144/5127/6961 5177/5293/6145
f 5139/5431/6293 5140/5430/6292 5145/5911/6960
f 5139/5431/6293 5145/5911/6960 5177/5293/6145
f 5109/5597/6495 5111/5433/6295 5110/5912/6962
f 5107/5913/6963 5122/5526/6402 5105/5914/6964
f 5109/5597/6495 5110/5912/6962 5107/5913/6963
f 5099/5366/6224 5109/5597/6495 5107/5913/6963
f 5105/5914/6964 5104/5434/6965 5106/5436/6966
f 5099/5366/6224 5107/5913/6963 5105/5914/6964
f 5139/5431/6293 5177/5293/6145 5146/5409/6958
f 5131/5782/6959 5099/5366/6224 5105/5914/6964
f 5105/5914/6964 5106/5436/6966 5138/5130/5968
f 5120/5432/6294 5281/5492/6366 5244/5915/5889
f 4642/5916/6967 4639/5708/6626 4640/5830/6795
f 5120/5432/6294 5244/5915/5889 4642/5916/6967
f 5131/5782/6959 5105/5914/6964 5138/5130/5968
f 4642/5916/6967 4640/5830/6795 4643/5080/5918
f 4644/5904/6945 4645/5030/5953 4646/5134/5972
f 4642/5916/6967 4643/5080/5918 4644/5904/6945
f 5146/5409/6958 5131/5782/6959 5138/5130/5968
f 5139/5431/6293 5146/5409/6958 5138/5130/5968
f 4644/5904/6945 4646/5134/5972 4634/4991/5826
f 4644/5904/6945 4634/4991/5826 4633/5917/5825
f 5141/5132/5970 5139/5431/6293 5138/5130/5968
f 4642/5916/6967 4644/5904/6945 4633/5917/5825
f 5121/5131/5969 4632/4989/5824 4631/5600/6498
f 4642/5916/6967 4633/5917/5825 5121/5131/5969
f 5150/5918/6968 5176/5919/6969 4614/5009/6970
f 4858/5559/6450 4617/5920/6971 5150/5918/6968
f 4616/5921/6972 4622/5831/6797 4858/5559/6450
f 4615/5028/5863 4624/5027/5862 4616/5921/6972
f 4626/5903/6973 4659/5829/6794 4615/5028/5863
f 4660/5114/6974 4628/5079/6975 4626/5903/6973
f 4625/5250/6100 4660/5114/6974 4626/5903/6973
f 4625/5250/6100 4626/5903/6973 4615/5028/5863
f 5154/5922/6976 5130/5278/6129 5155/5923/6977
f 5155/5923/6977 4625/5250/6100 4615/5028/5863
f 4616/5921/6972 4858/5559/6450 5150/5918/6968
f 5155/5923/6977 4615/5028/5863 4616/5921/6972
f 5154/5922/6976 5155/5923/6977 4616/5921/6972
f 4616/5921/6972 5150/5918/6968 4614/5009/6970
f 4616/5921/6972 4614/5009/6970 4612/5011/6978
f 5154/5922/6976 4616/5921/6972 4612/5011/6978
f 5154/5922/6976 4612/5011/6978 5141/5132/5970
f 5178/5279/6130 5154/5922/6976 5141/5132/5970
f 5120/5432/6294 4642/5916/6967 5121/5131/5969
f 5121/5131/5969 4631/5600/6498 5137/5924/6979
f 5137/5924/6979 5178/5279/6130 5141/5132/5970
f 5138/5130/5968 5120/5432/6294 5121/5131/5969
f 5121/5131/5969 5137/5924/6979 5141/5132/5970
f 4635/5925/6980 4631/5600/6498 4632/4989/5824
f 4632/4989/5824 4634/4991/6981 4646/5134/5972
f 4646/5134/5972 4629/5115/5952 5156/5135/5973
f 5156/5135/5973 5124/5280/6445 5137/5926/6979
f 5137/5926/6979 5129/5678/6590 5123/5908/6951
f 5156/5135/5973 5137/5926/6979 5123/5908/6951
f 4635/5925/6980 4632/4989/5824 4646/5134/5972
f 4636/5907/6950 4635/5925/6980 4646/5134/5972
f 5156/5135/5973 5123/5908/6951 4611/5397/6255
f 4609/5133/5971 4636/5907/6950 4646/5134/5972
f 5156/5135/5973 4611/5397/6255 4609/5133/5971
f 5204/4942/6982 4692/5059/6630 4671/5040/5874
f 4671/5040/5874 4668/4853/5685 4669/4852/5684
f 4694/5063/5896 4693/4878/6983 5199/4862/5974
f 4671/5040/5874 4669/4852/5684 4694/5063/5896
f 5202/4940/6329 5204/4942/6982 4671/5040/5874
f 5199/4862/5974 5197/4864/5784 5192/5136/5975
f 5192/5136/5975 5202/4940/6329 4671/5040/5874
f 4671/5040/5874 4694/5063/5896 5199/4862/5974
f 5170/5140/5979 5166/5927/6984 5167/5928/6985
f 5168/5138/5977 4672/5929/6986 5160/5930/6987
f 5160/5930/6987 5161/5627/6529 5163/5139/5978
f 5163/5139/5978 5169/5287/6138 5170/5140/5979
f 5170/5140/5979 5167/5928/6985 5168/5138/5977
f 5168/5138/5977 5160/5930/6987 5163/5139/5978
f 5383/5146/5984 5390/4932/5763 5373/5749/6681
f 5373/5749/6681 5378/4956/5790 5379/5147/5985
f 5379/5147/5985 5380/5623/6525 5394/4944/5775
f 5394/4944/5775 5389/4933/5764 5383/5146/5984
f 5383/5146/5984 5373/5749/6681 5379/5147/5985
f 5220/5150/5988 4979/4996/6988 5218/5148/5986
f 5218/5148/5986 5217/5773/6718 5219/5149/5987
f 4799/5160/6000 4800/4861/5693 4792/5161/6001
f 4359/5168/6009 4404/5931/6989 4407/4840/5672
f 4407/4840/5672 4388/4839/5671 4389/5167/6008
f 4389/5167/6008 4360/5116/5954 4359/5168/6009
f 4828/5169/6010 4827/5682/6990 4822/5932/6991
f 4822/5932/6991 4823/5681/6594 4821/5170/6011
f 4848/5171/6012 4841/5465/6336 4842/5391/6992
f 4842/5391/6992 4843/5393/6993 4828/5169/6010
f 4828/5169/6010 4822/5932/6991 4821/5170/6011
f 4848/5171/6012 4842/5391/6992 4828/5169/6010
f 4398/5399/6257 4401/5933/6994 4393/4823/5656
f 4392/4825/5664 4382/4811/5663 4381/4813/6014
f 4398/5399/6257 4393/4823/5656 4392/4825/5664
f 4381/4813/6014 4403/5934/5668 4397/4838/5670
f 4397/4838/5670 4398/5399/6257 4392/4825/5664
f 5462/5175/6017 5465/5702/6619 5467/5935/6995
f 5467/5935/6995 5458/5936/6996 5457/5173/6015
f 5457/5173/6015 5456/5886/6909 5464/5174/6016
f 5464/5174/6016 5461/5704/6621 5462/5175/6017
f 5462/5175/6017 5467/5935/6995 5457/5173/6015
f 4782/5183/6028 4764/5141/6997 4765/5143/6029
f 4765/5143/6029 4790/5154/6998 4783/5155/6030
f 4422/5187/6034 4458/5937/5652 4459/5188/6035
f 4433/5015/5851 4432/4999/5835 4430/4998/5834
f 4431/5190/6037 4412/4889/5723 4411/5191/6038
f 4433/5015/5851 4430/4998/5834 4431/5190/6037
f 4411/5191/6038 5526/5771/6711 4433/5015/5851
f 5420/5197/6044 5426/5636/6542 5422/5198/6045
f 4354/4795/5625 4355/4794/5624 4398/5399/6257
f 4398/5399/6257 4397/4838/5670 4402/4837/5669
f 4402/4837/5669 4349/5375/6233 4347/4802/5632
f 4347/4802/5632 4350/5938/6999 4353/4793/5623
f 4354/4795/5625 4398/5399/6257 4402/4837/5669
f 4347/4802/5632 4353/4793/5623 4354/4795/5625
f 4648/5483/7000 4651/5696/7001 4653/5035/6055
f 4653/5035/6055 4657/5034/6790 4872/5253/6105
f 4872/5253/6105 4867/4818/5646 4863/5207/6054
f 4863/5207/6054 4866/5443/6306 4864/5208/6056
f 4864/5208/6056 4648/5483/7000 4653/5035/6055
f 4653/5035/6055 4872/5253/6105 4863/5207/6054
f 5329/4894/6057 4561/5736/7002 4560/4953/6058
f 5072/5126/5964 5075/4980/5815 5073/4982/7003
f 5077/5214/6065 4949/5244/7004 4950/4849/7005
f 5072/5126/5964 5073/4982/7003 5077/5214/6065
f 4952/5439/7006 4953/5344/6205 5069/5215/6067
f 5069/5215/6067 5072/5126/5964 5077/5214/6065
f 5077/5214/6065 4950/4849/7005 4951/5105/6066
f 4951/5105/6066 4952/5439/7006 5069/5215/6067
f 4425/5217/6069 4515/5939/7007 4514/5216/6068
f 4514/5216/6068 4512/4913/5744 4513/4915/5746
f 5171/5224/6072 4663/5078/6235 4665/5225/6073
f 5172/5090/5927 4670/5092/5929 5171/5224/6072
f 4890/5123/5961 4900/5122/5960 5258/5229/6075
f 5258/5229/6075 5246/4973/7008 5302/5230/6076
f 5302/5230/6076 5245/5860/6853 4890/5123/5961
f 4896/5940/7009 4883/5539/6420 4875/5234/6080
f 4875/5234/6080 4882/5537/7010 4898/5235/6081
f 4898/5235/6081 4899/5941/7011 4897/5236/6082
f 4897/5236/6082 4896/5940/7009 4875/5234/6080
f 5226/5239/6085 5228/5418/7012 5230/5724/7013
f 5231/5237/6083 5301/5417/6280 5234/5824/6785
f 5226/5239/6085 5230/5724/7013 5231/5237/6083
f 5282/5238/6084 5227/5791/6736 5226/5239/6085
f 5231/5237/6083 5234/5824/6785 5282/5238/6084
f 4497/5240/6086 4505/5362/6220 4506/4907/5738
f 4496/4909/5740 4495/5759/6694 4497/5240/6086
f 4711/5902/6940 4661/5561/6452 4665/5225/6073
f 4665/5225/6073 4663/5078/6235 4662/5077/6087
f 4662/5077/6087 4712/5729/7014 4707/5897/7015
f 4707/5897/7015 4708/5083/5921 4710/5082/5920
f 4710/5082/5920 4711/5902/6940 4665/5225/6073
f 4662/5077/6087 4707/5897/7015 4710/5082/5920
f 5269/4865/5697 5273/5496/6370 4880/5220/7016
f 4880/5220/7016 4881/5219/7017 4908/5241/6088
f 4908/5241/6088 4911/5615/6517 4910/5242/6089
f 4910/5242/6089 4914/4866/5698 5269/4865/5697
f 5269/4865/5697 4880/5220/7016 4908/5241/6088
f 5163/5139/5978 5043/5312/6168 5042/4964/5798
f 5042/4964/5798 4962/4963/5797 5068/5243/6090
f 5068/5243/6090 4959/5267/7018 4954/5265/7019
f 4954/5265/7019 4955/4850/5682 4949/5244/6091
f 4949/5244/6091 5077/5214/7020 5164/5245/6092
f 5164/5245/6092 5163/5139/5978 5042/4964/5798
f 5068/5243/6090 4954/5265/7019 4949/5244/6091
f 5164/5245/6092 5042/4964/5798 5068/5243/6090
f 4574/4970/5804 4575/4971/5805 4921/4876/6093
f 4921/4876/6093 4920/5473/7021 4919/5246/6094
f 4786/5153/6096 4829/5545/7022 4831/4821/6095
f 4831/4821/6095 4835/4820/6662 4832/5184/6031
f 4832/5184/6031 4785/5151/7023 4786/5153/6096
f 4925/5247/6097 4931/5428/6290 4930/5248/6098
f 4625/5250/6100 5155/5923/6977 5156/5135/5973
f 4872/5253/6105 5229/5826/6789 5225/5252/6104
f 5225/5252/6104 4873/4819/5647 4867/4818/5646
f 4486/5852/6836 5419/5942/6345 5436/5254/6106
f 5436/5254/6106 5407/5707/6625 5433/5657/6841
f 5436/5254/6106 5433/5657/6841 5417/5853/6840
f 4487/5796/6740 4486/5852/6836 5436/5254/6106
f 4499/4900/5731 4488/5797/6741 4487/5796/6740
f 4484/5475/6839 4500/4901/5732 4499/4900/5731
f 5436/5254/6106 5417/5853/6840 4474/5255/5781
f 4474/5255/5781 4484/5475/6839 4499/4900/5731
f 4499/4900/5731 4487/5796/6740 5436/5254/6106
f 5201/5256/6107 5189/5802/7024 5200/5257/6108
f 5478/4931/5762 5393/5635/6828 5392/5258/5679
f 5392/5258/5679 5469/5943/7025 5470/5259/6110
f 5470/5259/6110 5468/5888/6913 5472/5260/6111
f 5472/5260/6111 5478/4931/5762 5392/5258/5679
f 5352/5774/6174 5351/5605/6506 5350/5944/6508
f 5350/5944/6508 5354/5945/6507 5347/5261/6112
f 5347/5261/6112 5349/5571/6463 5364/5570/6462
f 5364/5570/6462 5357/5286/6137 5363/5262/6113
f 5363/5262/6113 5366/4957/5791 5362/5613/6515
f 5365/5263/6114 5352/5774/6174 5350/5944/6508
f 5363/5262/6113 5362/5613/6515 5365/5263/6114
f 5347/5261/6112 5364/5570/6462 5363/5262/6113
f 5365/5263/6114 5350/5944/6508 5347/5261/6112
f 5152/5264/6116 5142/5128/7026 5144/5127/6961
f 5145/5911/6960 5140/5430/6292 5141/5132/5970
f 5152/5264/6116 5144/5127/6961 5145/5911/6960
f 4613/5010/6117 5153/5410/7027 5152/5264/6116
f 5141/5132/5970 4612/5011/6978 4613/5010/6117
f 5152/5264/6116 5145/5911/6960 5141/5132/5970
f 4956/5266/6121 4954/5265/7028 4959/5267/6119
f 4959/5267/6119 4960/5343/7029 4958/5268/6120
f 5279/5503/6381 5275/5798/6742 4956/5266/6121
f 4958/5268/6120 4960/5343/7029 4961/4962/6122
f 5279/5503/6381 4956/5266/6121 4958/5268/6120
f 4957/5498/6372 5278/5504/7030 5279/5503/6381
f 5067/5201/6048 5039/5093/5930 5041/5095/5932
f 5040/5311/6167 5067/5201/6048 5041/5095/5932
f 4957/5498/6372 5279/5503/6381 4958/5268/6120
f 4961/4962/6122 5040/5311/6167 5041/5095/5932
f 5041/5095/5932 4957/5498/6372 4958/5268/6120
f 4371/5379/6239 4370/5096/5933 4369/5277/6128
f 4369/5277/6128 4368/4807/5637 4367/4832/5661
f 4367/4832/5661 4365/5909/6953 4366/5111/5948
f 4366/5111/5948 4371/5379/6239 4369/5277/6128
f 5130/5278/6129 5154/5922/6976 5178/5279/6130
f 5178/5279/6130 5137/5926/6979 5124/5280/6131
f 4932/5285/6136 4934/4875/7031 4571/4924/5755
f 4571/4924/5755 4935/4923/5754 4937/5284/6135
f 5357/5286/6137 5358/5608/6509 5366/4957/5791
f 5169/5287/6138 5163/5139/5978 5164/5245/6092
f 4757/5137/6143 4808/5172/6013 4804/5165/6006
f 4804/5165/6006 4807/5554/6443 4758/5292/6144
f 4758/5292/6144 4759/4844/5676 4757/5137/6143
f 4614/5009/6970 5176/5919/6969 5177/5293/6145
f 5177/5293/6145 5144/5127/7032 5143/5129/5967
f 5143/5129/5967 5142/5128/5966 5152/5264/7033
f 5151/5294/6146 5153/5410/7034 4613/5010/6147
f 5143/5129/5967 5152/5264/7033 5151/5294/6146
f 4613/5010/6147 4614/5009/6970 5177/5293/6145
f 5177/5293/6145 5143/5129/5967 5151/5294/6146
f 5009/5762/6698 5014/5299/6154 5010/5295/6148
f 5008/5296/6149 5006/5845/6821 5007/5297/6150
f 5007/5297/6150 5009/5762/6698 5010/5295/6148
f 4685/5053/6151 5182/5453/7035 4686/5946/7036
f 4681/5298/6152 4678/5947/7037 4680/5049/6153
f 4680/5049/6153 4679/5048/7038 4685/5053/6151
f 4685/5053/6151 4686/5946/7036 4681/5298/6152
f 4356/4798/6156 4404/5931/6989 4359/5168/6009
f 4359/5168/6009 4358/4797/5627 4357/4796/5626
f 5346/5316/6172 5366/4957/5791 5374/5748/6680
f 5381/5948/7039 5382/5750/6682 5477/5317/6173
f 5346/5316/6172 5374/5748/6680 5381/5948/7039
f 5365/5263/6114 5362/5613/6515 5346/5316/6172
f 5477/5317/6173 5476/5714/6614 5352/5318/6174
f 5346/5316/6172 5381/5948/7039 5477/5317/6173
f 5352/5318/6174 5365/5263/6114 5346/5316/6172
f 5029/5325/7040 5030/5324/6181 5053/5329/6185
f 5052/5319/6175 5051/5330/6186 5059/5320/6176
f 5029/5325/7040 5053/5329/6185 5052/5319/6175
f 5050/5321/6177 5033/5719/7041 5029/5325/7040
f 5057/5949/7042 5056/5336/6192 5050/5321/6177
f 5050/5321/6177 5029/5325/7040 5052/5319/6175
f 5059/5320/6176 5057/5949/7042 5050/5321/6177
f 4553/5322/6178 4560/4953/7043 4552/4955/6179
f 5060/5950/7044 5058/5951/7045 5057/5949/7042
f 5060/5950/7044 5057/5949/7042 5059/5320/6176
f 5036/5327/7046 5055/5604/6505 5054/5326/6183
f 5054/5326/6183 5060/5950/7044 5059/5320/6176
f 5051/5330/6186 5053/5329/6185 5030/5324/6181
f 5054/5326/6183 5059/5320/6176 5051/5330/6186
f 5029/5325/6182 5036/5327/7046 5054/5326/6183
f 5054/5326/6183 5051/5330/6186 5030/5324/6181
f 4733/5332/6188 4731/5665/6577 4745/5952/7047
f 4730/5331/6187 4729/5953/7048 4748/5106/5943
f 4733/5332/6188 4745/5952/7047 4730/5331/6187
f 4748/5106/5943 4736/5680/6592 4733/5332/6188
f 4424/5333/6189 4513/4915/5746 4516/5334/6190
f 5056/5336/6192 5057/5949/7042 5063/5337/6193
f 5299/5338/6195 5295/5645/6553 5296/4992/6196
f 5049/5273/6125 5065/5272/6124 5162/5954/7049
f 5162/5954/7049 5161/5627/6529 5160/5930/6987
f 5064/5955/7050 5061/5956/7051 5045/5313/7052
f 5162/5954/7049 5160/5930/6987 5064/5955/7050
f 5047/5202/7053 5048/5274/7054 5049/5273/6125
f 5049/5273/6125 5162/5954/7049 5064/5955/7050
f 5064/5955/7050 5045/5313/7052 5044/5315/6198
f 5044/5315/6198 5038/5308/6164 5039/5093/6163
f 5039/5093/6163 5067/5201/7055 5066/5200/6199
f 5066/5200/6199 5047/5202/7053 5049/5273/6125
f 5049/5273/6125 5064/5955/7050 5044/5315/6198
f 5044/5315/6198 5039/5093/6163 5066/5200/6199
f 4472/5340/6200 4478/5957/7056 4479/4883/7057
f 4479/4883/7057 4473/5958/5718 4477/5631/6533
f 4477/5631/6533 5413/5632/6534 5435/5814/6774
f 5435/5814/6774 5412/5656/6564 4468/5182/6027
f 5411/5181/6026 4466/5180/6025 4453/5341/6201
f 5435/5814/6774 4468/5182/6027 5411/5181/6026
f 4479/4883/7057 4477/5631/6533 5435/5814/6774
f 4469/4827/5653 4470/5457/6325 4472/5340/6200
f 4472/5340/6200 4479/4883/7057 5435/5814/6774
f 5435/5814/6774 5411/5181/6026 4453/5341/6201
f 4453/5341/6201 4465/4828/5654 5515/5342/6202
f 5515/5342/6202 4469/4827/5653 4472/5340/6200
f 4472/5340/6200 5435/5814/6774 4453/5341/6201
f 4922/5347/6208 4928/5472/6341 4925/5247/6097
f 4925/5247/6097 4926/5249/6099 4916/5346/6207
f 4916/5346/6207 4917/5552/6440 4919/5246/6094
f 4919/5246/6094 4920/5473/7021 4922/5347/6208
f 4922/5347/6208 4925/5247/6097 4916/5346/6207
f 4407/4840/5672 4404/5931/6989 4356/4798/5628
f 4405/5351/6211 4406/5959/7058 4387/4841/5673
f 4407/4840/5672 4356/4798/5628 4405/5351/6211
f 5514/5356/6214 4409/4804/5634 4410/5789/6734
f 5503/4888/5722 4550/4887/5721 4529/5810/6771
f 4529/5810/6771 4552/4955/6179 4558/4954/5788
f 4558/4954/5788 4559/5768/6706 4557/5960/7059
f 4557/5960/7059 5326/5961/7060 5323/5394/6252
f 5318/5355/6213 5321/5715/7061 5328/5962/7062
f 4557/5960/7059 5323/5394/6252 5318/5355/6213
f 5503/4888/5722 4529/5810/6771 4558/4954/5788
f 4558/4954/5788 4557/5960/7059 5318/5355/6213
f 5328/5962/7062 5327/5963/7063 5118/5640/6546
f 5318/5355/6213 5328/5962/7062 5118/5640/6546
f 5118/5640/6546 5317/5964/7064 5514/5356/6214
f 5514/5356/6214 4410/5789/6734 5503/4888/5722
f 5514/5356/6214 5503/4888/5722 4558/4954/5788
f 5318/5355/6213 5118/5640/6546 5514/5356/6214
f 4887/5361/6219 4886/5861/6854 5245/5860/6853
f 5245/5860/6853 5302/5230/6076 5249/4972/5806
f 5249/4972/5806 5247/4974/5808 5251/5100/7065
f 5250/5360/6218 4885/5859/7066 4887/5361/6219
f 4887/5361/6219 5245/5860/6853 5249/4972/5806
f 5249/4972/5806 5251/5100/7065 5250/5360/6218
f 4497/5240/6086 4501/4902/5733 4507/4904/5735
f 4507/4904/5735 4504/4906/5737 4505/5362/6220
f 4368/4807/5637 4369/5277/6128 4348/5367/6225
f 4494/5368/6226 4490/5033/5866 4493/5032/5865
f 4393/4823/5656 4401/5933/6994 4400/5370/6228
f 4349/5375/6233 4402/4837/5669 4376/5374/6232
f 4376/5374/6232 4375/4806/5636 4374/4805/5635
f 5173/5091/6234 4664/5072/7067 4663/5078/6235
f 4371/5379/6239 4366/5111/5948 4364/5113/5950
f 5092/5352/7068 5097/5580/7069 5096/5386/6245
f 5096/5386/6245 5098/5084/7070 5179/5086/6908
f 5095/5387/6246 5086/5882/6903 5085/5881/7071
f 5087/5965/7072 5088/5359/7073 5093/5353/6244
f 5095/5387/6246 5085/5881/7071 5087/5965/7072
f 5096/5386/6245 5179/5086/6908 5095/5387/6246
f 5093/5353/6244 5092/5352/7068 5096/5386/6245
f 5095/5387/6246 5087/5965/7072 5093/5353/6244
f 5323/5394/6252 5322/5590/7074 5320/5395/6253
f 4406/5959/7058 4405/5351/6211 4356/4798/5628
f 4356/4798/5628 4358/4797/5627 4399/5398/6256
f 4399/5398/6256 4400/5370/6228 4401/5933/7075
f 4398/5399/6257 4355/4794/5624 4353/4793/5623
f 4353/4793/5623 4352/5966/7076 4351/5400/6258
f 4351/5400/6258 4387/4841/5673 4406/5959/7058
f 4351/5400/6258 4406/5959/7058 4356/4798/5628
f 4398/5399/6257 4353/4793/5623 4351/5400/6258
f 4399/5398/6256 4401/5933/7075 4398/5399/6257
f 4351/5400/6258 4356/4798/5628 4399/5398/6256
f 5171/5224/6259 5157/5967/7077 5174/5401/6260
f 4460/4873/6883 4464/5873/6885 4463/5968/7078
f 4463/5968/7078 4462/5857/7079 4461/4959/5793
f 4457/5022/5857 4455/4871/5856 4420/4868/6262
f 4463/5968/7078 4461/4959/5793 4457/5022/5857
f 4459/4872/6035 4460/4873/6883 4463/5968/7078
f 4521/5629/6531 4421/5189/6036 4459/4872/6035
f 4519/5335/6191 4520/5617/6519 4521/5629/6531
f 4425/5217/6069 4513/4915/5746 4424/5333/6189
f 4424/5333/6189 4519/5335/6191 4521/5629/6531
f 4521/5629/6531 4459/4872/6035 4463/5968/7078
f 4521/5629/6531 4463/5968/7078 4457/5022/5857
f 4384/5403/6264 4425/5217/6069 4424/5333/6189
f 4424/5333/6189 4521/5629/6531 4457/5022/5857
f 4420/4868/6262 4419/4870/5702 4418/5969/7080
f 4424/5333/6189 4457/5022/5857 4420/4868/6262
f 4395/4829/5655 4384/5403/6264 4424/5333/6189
f 4391/4824/5662 4393/4823/5656 4395/4829/5655
f 5527/5805/6765 4379/5424/6713 4383/4812/6712
f 4391/4824/5662 4395/4829/5655 4424/5333/6189
f 5527/5805/6765 4383/4812/6712 4391/4824/5662
f 4416/5806/6766 5527/5805/6765 4391/4824/5662
f 4391/4824/5662 4424/5333/6189 4420/4868/6262
f 4420/4868/6262 4418/5969/7080 4417/5402/6263
f 4417/5402/6263 4416/5806/6766 4391/4824/5662
f 4390/5117/5955 4389/5167/6008 4388/4839/5671
f 5512/5411/6272 4432/4999/5835 4433/5015/5851
f 4433/5015/5851 4434/4855/5687 4438/4858/5690
f 4438/4858/5690 5511/5758/7081 5512/5411/6272
f 4460/4873/7082 4458/4826/5652 4453/5341/6201
f 4467/5764/7083 4460/4873/7082 4453/5341/6201
f 4468/5182/6027 5412/5656/7084 5439/5660/6881
f 4467/5764/7083 4453/5341/6201 4466/5180/6025
f 4468/5182/6027 5439/5660/6881 4452/5413/6275
f 4452/5413/6275 4467/5764/7083 4466/5180/6025
f 4936/5414/6276 4938/5429/7085 4933/5536/6414
f 4936/5414/6276 4933/5536/6414 4937/5284/6135
f 4935/4923/5754 4572/4922/5753 4936/5414/6276
f 5056/5336/6192 4684/5055/6194 4683/5054/6277
f 5225/5252/6104 5229/5826/6789 5232/5416/6279
f 5232/5416/6279 5235/5515/6393 5233/5823/7086
f 5233/5823/7086 5234/5824/6785 5301/5417/6280
f 5301/5417/6280 5230/5724/7087 5228/5418/6281
f 5228/5418/6281 5225/5252/6104 5232/5416/6279
f 5232/5416/6279 5233/5823/7086 5301/5417/6280
f 5440/5669/7088 4525/4928/5759 4426/4930/5761
f 4426/4930/5761 5443/5722/7089 5493/5419/6282
f 5493/5419/6282 5466/5970/7090 5463/5703/6620
f 5463/5703/6620 5462/5175/6017 5460/5705/7091
f 5460/5705/7091 5451/5674/7092 5449/5673/7093
f 5449/5673/7093 5450/5675/7094 5452/5376/6236
f 5447/5378/6238 5494/5377/6237 5444/5971/7095
f 5449/5673/7093 5452/5376/6236 5447/5378/6238
f 5463/5703/6620 5460/5705/7091 5449/5673/7093
f 5442/5420/6283 5440/5669/7088 4426/4930/5761
f 5444/5971/7095 5441/5668/7096 5442/5420/6283
f 5463/5703/6620 5449/5673/7093 5447/5378/6238
f 5447/5378/6238 5444/5971/7095 5442/5420/6283
f 5442/5420/6283 4426/4930/5761 5493/5419/6282
f 5493/5419/6282 5463/5703/6620 5447/5378/6238
f 5190/4810/7097 4716/5076/5912 4717/5075/5911
f 4717/5075/5911 4718/5074/7098 4725/5576/7099
f 4725/5576/7099 4723/5087/7100 4724/5422/6284
f 4724/5422/6284 4722/5972/7101 5211/5973/7102
f 5211/5973/7102 5209/5468/7103 5207/5423/6285
f 5207/5423/6285 5206/5974/7104 5185/4808/7105
f 5185/4808/7105 5190/4810/7097 4717/5075/5911
f 4717/5075/5911 4725/5576/7099 4724/5422/6284
f 4724/5422/6284 5211/5973/7102 5207/5423/6285
f 5207/5423/6285 5185/4808/7105 4717/5075/5911
f 4379/5424/6286 5527/5805/7106 4378/5425/6287
f 4377/5426/6288 4380/5676/7107 4379/5424/6286
f 4931/5428/6290 4933/5536/7108 4938/5429/6291
f 5120/5432/6294 5110/5912/6962 5111/5433/6295
f 5111/5433/6295 5112/5373/6231 5113/5372/6230
f 4798/5438/6301 4799/5160/7109 4816/5162/7110
f 4816/5162/7110 4817/5176/7111 4791/5437/6299
f 4791/5437/6299 4793/5158/7112 4794/5157/6300
f 4794/5157/6300 4796/5159/7113 4798/5438/6301
f 4798/5438/6301 4816/5162/7110 4791/5437/6299
f 5074/4981/7114 5076/5125/7115 5072/5126/5964
f 5072/5126/5964 4953/5344/6205 4952/5439/6302
f 4952/5439/6302 4951/5105/7116 5071/5975/7117
f 5070/5440/6303 5074/4981/7114 5072/5126/5964
f 4952/5439/6302 5071/5975/7117 5070/5440/6303
f 4863/5207/6054 4862/5206/6053 4861/5792/6737
f 4649/5441/6304 4654/5036/5869 4653/5035/5868
f 4653/5035/5868 4651/5696/6612 4652/5695/6611
f 4652/5695/6611 4648/5483/7118 4865/5442/6305
f 4865/5442/6305 4864/5208/7119 4866/5443/6306
f 4866/5443/6306 4863/5207/6054 4861/5792/6737
f 4649/5441/6304 4653/5035/5868 4652/5695/6611
f 4649/5441/6304 4652/5695/6611 4865/5442/6305
f 4866/5443/6306 4861/5792/6737 4649/5441/6304
f 5026/5446/6309 4976/5864/6862 5293/5444/6307
f 5293/5444/6307 4975/5516/7120 4974/5445/6308
f 4533/4815/5643 4442/5563/6455 4444/5447/6310
f 4444/5447/6310 5522/5663/6575 4415/5807/6767
f 4415/5807/6767 4416/5806/6766 4417/5402/6263
f 4417/5402/6263 4418/5969/7080 4443/5976/7121
f 4443/5976/7121 4445/5977/7122 4534/5448/6311
f 4534/5448/6311 4533/4815/5643 4444/5447/6310
f 4444/5447/6310 4415/5807/6767 4417/5402/6263
f 4417/5402/6263 4443/5976/7121 4534/5448/6311
f 4816/5162/6313 4792/5161/6001 4818/5179/6024
f 4818/5179/6024 4820/5978/7123 4814/5177/6312
f 5190/4810/6317 5187/5449/6755 4719/5450/6315
f 4719/5450/6315 4720/5088/5925 4718/5074/6316
f 4718/5074/6316 4716/5076/7124 5190/4810/6317
f 4685/5053/7125 4684/5055/6194 5063/5337/6193
f 5063/5337/6193 5057/5949/7042 5062/5452/6320
f 5062/5452/6320 5183/5979/7126 5182/5453/6321
f 5182/5453/6321 4685/5053/7125 5063/5337/6193
f 5339/5555/7127 5372/5622/6524 5371/5454/6322
f 5371/5454/6322 5380/5623/7128 5379/5147/7129
f 5369/4958/5792 5340/5980/7130 5341/5981/7131
f 5341/5981/7131 5334/5982/7132 5335/5455/6323
f 5335/5455/6323 5339/5555/7127 5371/5454/6322
f 5371/5454/6322 5379/5147/7129 5369/4958/5792
f 5369/4958/5792 5341/5981/7131 5335/5455/6323
f 4469/5983/5653 4422/5187/6034 4421/5189/6036
f 4480/5458/6326 4485/5854/6842 4475/4886/5783
f 4475/4886/5783 4479/4883/7133 4478/5957/7134
f 4475/4886/5783 4478/5957/7134 4471/5459/6327
f 4469/5983/5653 4421/5189/6036 4423/5628/6530
f 4469/5983/5653 4423/5628/6530 4480/5458/6326
f 4480/5458/6326 4475/4886/5783 4471/5459/6327
f 4470/5457/6325 4469/5983/5653 4480/5458/6326
f 4841/5465/6336 4848/5171/6012 4849/5194/6041
f 4849/5194/6041 4838/5573/6465 4837/5466/6337
f 4839/5467/6338 4844/5984/7135 4841/5465/6336
f 4841/5465/6336 4849/5194/6041 4837/5466/6337
f 5192/5136/5975 5193/5451/7136 5194/5461/6330
f 4920/5473/6342 4921/4876/7137 4923/5471/6340
f 4923/5471/6340 4924/5531/6407 4928/5472/6341
f 4928/5472/6341 4922/5347/6208 4920/5473/6342
f 5501/4895/6059 4549/5734/6664 5497/5479/6346
f 5497/5479/6346 5499/5737/7138 5500/4893/6347
f 5221/5482/6350 4854/5839/6810 4853/5480/6348
f 4853/5480/6348 4851/5501/7139 4870/5481/6349
f 4870/5481/6349 4871/5836/7140 5221/5482/6350
f 5438/5484/6354 5429/5574/6467 5430/5485/6355
f 5281/5492/6366 5120/5432/6294 5113/5372/6230
f 4752/5493/6367 4742/5742/6673 4740/5494/6368
f 4740/5494/6368 4739/5107/5944 4741/5906/6949
f 4740/5494/6368 4741/5906/6949 4728/5817/6778
f 5281/5492/6366 5113/5372/6230 4752/5493/6367
f 4740/5494/6368 4728/5817/6778 5281/5492/6366
f 5276/5497/6371 5278/5504/7141 4957/5498/6372
f 4994/5290/6141 4982/5275/6812 4992/5500/6374
f 4670/5421/5929 5159/5041/5875 5157/5412/6273
f 4947/4848/6383 5275/5798/6742 5279/5503/6381
f 5279/5503/6381 5276/5497/6371 4946/5104/6382
f 4946/5104/6382 4948/5799/7142 4947/4848/6383
f 4963/5310/6166 5264/5985/7143 5266/5507/6384
f 5266/5507/6384 4957/5498/6372 5041/5095/5932
f 5135/5783/6726 5311/5883/6904 5314/5508/6385
f 5314/5508/6385 5313/5530/6476 5307/5584/6478
f 5307/5584/6478 5312/5583/6477 5456/5886/6909
f 5457/5173/6015 5458/5936/6996 4528/5520/6397
f 5307/5584/6478 5456/5886/6909 5457/5173/6015
f 5131/5782/6959 5135/5783/6726 5314/5508/6385
f 5307/5584/6478 5457/5173/6015 4528/5520/6397
f 5099/5366/6224 5131/5782/6959 5314/5508/6385
f 5307/5584/6478 4528/5520/6397 4428/5519/6396
f 5307/5584/6478 4428/5519/6396 4427/5986/7144
f 4427/5986/7144 4526/5619/6521 4408/5987/7145
f 4408/5987/7145 4351/5400/6258 4352/5966/7076
f 4352/5966/7076 4353/4793/5623 4350/5938/6999
f 4352/5966/7076 4350/5938/6999 4429/5592/6490
f 5307/5584/6478 4427/5986/7144 4408/5987/7145
f 4408/5987/7145 4352/5966/7076 4429/5592/6490
f 5315/5509/6386 5316/5591/6489 4567/5599/6497
f 4408/5987/7145 4429/5592/6490 5315/5509/6386
f 5307/5584/6478 4408/5987/7145 5315/5509/6386
f 5315/5509/6386 4567/5599/6497 5108/5988/6496
f 5108/5988/6496 5109/5597/6495 5101/5365/6223
f 5100/5364/6222 5102/5363/6221 5099/5366/6224
f 5315/5509/6386 5108/5988/6496 5101/5365/6223
f 5100/5364/6222 5099/5366/6224 5314/5508/6385
f 5315/5509/6386 5101/5365/6223 5100/5364/6222
f 5314/5508/6385 5307/5584/6478 5315/5509/6386
f 4505/5362/6220 4504/4906/5737 4503/4905/6387
f 4503/4905/6387 4502/5369/7146 4493/5032/6388
f 4493/5032/6388 4506/4907/5738 4505/5362/6220
f 4769/5550/7147 4767/5659/6568 4761/4842/6389
f 4761/4842/6389 4807/5554/6443 4804/5165/6006
f 4804/5165/6006 4806/5166/7148 4810/5345/7149
f 4810/5345/7149 4811/5874/6889 4777/5878/6894
f 4777/5878/6894 4813/5989/7150 4781/5760/6695
f 4777/5878/6894 4781/5760/6695 5303/5510/6390
f 4804/5165/6006 4810/5345/7149 4777/5878/6894
f 4770/5551/7151 4769/5550/7147 4761/4842/6389
f 4804/5165/6006 4777/5878/6894 5303/5510/6390
f 5303/5510/6390 4770/5551/7151 4761/4842/6389
f 5232/5416/6279 4656/5827/6791 4647/5304/6160
f 4647/5304/6160 5240/5303/6159 5242/5892/6920
f 5239/5514/6392 5237/5541/6919 5236/5816/6777
f 4647/5304/6160 5242/5892/6920 5239/5514/6392
f 5235/5515/6393 5232/5416/6279 4647/5304/6160
f 5239/5514/6392 5236/5816/6777 5235/5515/6393
f 4528/5520/6397 5480/5720/6644 5481/5716/7152
f 5481/5716/7152 5482/5718/7153 4527/5518/6395
f 4527/5518/6395 5490/5721/7154 4428/5519/6396
f 4528/5520/6397 5481/5716/7152 4527/5518/6395
f 5265/5021/5855 4965/5490/6364 5256/5523/6399
f 5256/5523/6399 5250/5360/7155 5251/5100/7156
f 5256/5523/6399 5251/5100/7156 5252/5670/7157
f 4966/5525/6401 5265/5021/5855 5256/5523/6399
f 5256/5523/6399 5252/5670/7157 5254/5524/6400
f 5122/5526/6402 5107/5913/6963 5110/5912/6962
f 5138/5130/7158 5106/5436/6298 5103/5435/6297
f 5104/5434/6296 5105/5914/6964 5122/5526/6402
f 5120/5432/6294 5138/5130/7158 5103/5435/6297
f 5103/5435/6297 5104/5434/6296 5122/5526/6402
f 5122/5526/6402 5110/5912/6962 5120/5432/6294
f 5306/5527/6403 4747/5990/7159 4746/5991/7160
f 4746/5991/7160 4732/5664/6576 4734/5383/6241
f 4734/5383/6241 4744/5385/6243 4749/5528/6404
f 4749/5528/6404 5114/5488/6359 5115/5381/6358
f 5115/5381/6358 4607/5866/6864 5028/4977/5811
f 5306/5527/6403 4746/5991/7160 4734/5383/6241
f 5115/5381/6358 5028/4977/5811 5306/5527/6403
f 5306/5527/6403 4734/5383/6241 4749/5528/6404
f 5314/5508/6385 5311/5883/6904 5310/5529/6405
f 5310/5529/6405 5308/5582/7161 5313/5530/6406
f 4923/5471/6340 4934/4875/5708 4932/5285/6136
f 4901/5532/6409 4896/5940/7009 4897/5236/6082
f 4895/5227/6408 4902/5226/7162 4901/5532/6409
f 4721/5089/5926 4720/5088/5925 4773/5535/6412
f 4773/5535/6412 4772/5145/6635 4771/5144/6413
f 4359/5168/6009 4360/5116/5954 4361/5118/5956
f 4932/5285/6136 4937/5284/6135 4933/5536/6414
f 4933/5536/6414 4931/5428/6290 4925/5247/6097
f 4925/5247/6097 4928/5472/6341 4924/5531/6407
f 4924/5531/6407 4932/5285/6136 4933/5536/6414
f 5225/5252/6416 5228/5418/7163 5226/5239/6417
f 4902/5226/6419 4893/5612/6514 4883/5539/6420
f 4883/5539/6420 4896/5940/7009 4901/5532/6409
f 5239/5514/6392 5242/5892/6920 5238/5540/6421
f 4969/5542/6423 4972/5269/7164 4970/5271/6424
f 4362/5112/5949 4365/5909/6953 4367/4832/5661
f 5165/5288/6427 5166/5927/7165 5170/5140/6428
f 4763/4911/7166 4761/4842/6389 4764/5141/6432
f 4764/5141/6432 4782/5183/6028 4783/5155/6030
f 4783/5155/6030 4830/5000/5836 4829/5545/6433
f 4829/5545/6433 4786/5153/6102 4788/5251/6101
f 4788/5251/6101 4763/4911/7166 4764/5141/6432
f 4764/5141/6432 4783/5155/6030 4829/5545/6433
f 4973/5521/6442 5299/5338/6195 5297/5339/6197
f 5297/5339/6197 4972/5269/6870 5298/5553/6441
f 5298/5553/6441 4969/5542/6423 4968/5543/6425
f 4968/5543/6425 5032/5992/7167 4973/5521/6442
f 4973/5521/6442 5297/5339/6197 5298/5553/6441
f 4807/5554/6443 4761/4842/5674 4759/4844/5676
f 5156/5135/5973 5155/5923/6977 5130/5278/6444
f 5339/5555/6446 5335/5455/6323 4536/5556/6447
f 5337/5557/6448 5338/5603/7168 5339/5555/6446
f 4618/5558/6449 4617/5920/6971 4858/5559/6450
f 4442/5563/6455 5524/5725/6653 5523/5562/6454
f 5523/5562/6454 5522/5663/6575 4444/5447/6310
f 4509/5568/6459 4489/4846/5678 4488/5797/6741
f 4488/5797/6741 4499/4900/5731 4498/4899/5730
f 4498/4899/5730 4497/5240/6086 4495/5759/6694
f 4498/4899/5730 4495/5759/6694 4491/5569/6460
f 4509/5568/6459 4488/5797/6741 4498/4899/5730
f 5469/5943/7025 5392/5258/5679 4509/5568/6459
f 5468/5888/6913 5470/5259/6110 5469/5943/7025
f 4494/5368/6537 4508/4903/5734 5468/5888/6913
f 4490/5033/6461 4494/5368/6537 5468/5888/6913
f 5468/5888/6913 5469/5943/7025 4509/5568/6459
f 4509/5568/6459 4498/4899/5730 4491/5569/6460
f 4490/5033/6461 5468/5888/6913 4509/5568/6459
f 5348/5572/6247 5355/5993/6723 5356/5646/6554
f 5356/5646/6554 5358/5608/6509 5357/5286/6137
f 5356/5646/6554 5357/5286/6137 5364/5570/6462
f 5351/5605/6506 5353/5389/7169 5348/5572/6247
f 5349/5571/6463 5347/5261/6112 5354/5606/6507
f 5354/5606/6507 5351/5605/6506 5348/5572/6247
f 5348/5572/6247 5356/5646/6554 5364/5570/6462
f 5349/5571/6463 5354/5606/6507 5348/5572/6247
f 4849/5194/6466 4835/4820/7170 4836/4822/6464
f 4836/4822/6464 4837/5466/6337 4838/5573/6465
f 5423/5575/6468 5424/5654/6562 5428/4920/5751
f 5428/4920/5751 5427/5683/6596 5429/5574/6467
f 5429/5574/6467 5438/5484/6354 5421/5199/6046
f 5421/5199/6046 5422/5198/6045 5423/5575/6468
f 5423/5575/6468 5428/4920/5751 5429/5574/6467
f 5092/5352/6472 5091/5354/6583 5090/5579/6473
f 4726/5589/6485 5212/5811/7171 5021/4892/6483
f 5021/4892/6483 5017/5700/6617 5015/5588/6484
f 5015/5588/6484 5018/5994/7172 4726/5589/6485
f 4749/5528/6404 4744/5995/6243 4735/5996/6242
f 4735/5996/6242 4743/5679/6591 4742/5742/6673
f 4742/5742/6673 4752/5493/6367 5113/5372/6230
f 4566/5371/6229 4567/5599/6497 5316/5591/6489
f 4742/5742/6673 5113/5372/6230 4566/5371/6229
f 4749/5528/6404 4735/5996/6242 4742/5742/6673
f 4565/5593/6491 5114/5488/6359 4749/5528/6404
f 5514/5997/6214 5317/5964/7064 4565/5593/6491
f 4350/5938/6999 4347/4802/5632 4346/5788/6733
f 4346/5788/6733 5514/5997/6214 4565/5593/6491
f 4565/5593/6491 4749/5528/6404 4742/5742/6673
f 4742/5742/6673 4566/5371/6229 5316/5591/6489
f 5316/5591/6489 5315/5509/6386 4429/5592/6490
f 4429/5592/6490 4350/5938/6999 4346/5788/6733
f 4565/5593/6491 4742/5742/6673 5316/5591/6489
f 4429/5592/6490 4346/5788/6733 4565/5593/6491
f 5332/5594/6492 5330/5998/7173 5331/5595/6493
f 5126/5601/6500 5129/5678/6590 5137/5926/6979
f 4631/5600/6498 4635/5925/6980 4636/5907/7174
f 5126/5601/6500 5137/5926/6979 4631/5600/6498
f 4637/5012/6499 5128/5014/7175 5126/5601/6500
f 4631/5600/6498 4636/5907/7174 4637/5012/6499
f 4534/5448/6311 4540/5744/6676 5505/5119/5957
f 5504/4816/6501 4533/4815/5643 4534/5448/6311
f 4540/5744/7176 4534/5448/6311 4445/5977/7122
f 4445/5977/7122 4443/5976/7121 4418/5969/7080
f 4418/5969/7080 4419/4870/5702 4454/4869/5701
f 4450/4961/7177 5518/5066/7178 5517/5895/7179
f 4418/5969/7080 4454/4869/5701 4450/4961/7177
f 4539/5743/7180 4540/5744/7176 4445/5977/7122
f 4541/5739/7181 5509/5738/7182 4539/5743/7180
f 4543/5566/7183 4542/5565/7184 4541/5739/7181
f 4545/4965/7185 4546/5567/7186 4543/5566/7183
f 5333/5596/6494 5498/4967/5801 4544/4966/5800
f 4544/4966/5800 4545/4965/7185 4543/5566/7183
f 5333/5596/6494 4544/4966/5800 4543/5566/7183
f 5502/5999/7187 5330/5998/7173 5332/5594/6492
f 5332/5594/6492 5333/5596/6494 4543/5566/7183
f 4556/5691/7188 5502/5999/7187 5332/5594/6492
f 4562/5735/7189 4554/5692/7190 4556/5691/7188
f 5326/5961/7060 4557/5960/7059 4559/5768/6706
f 4559/5768/6706 4562/5735/7189 4556/5691/7188
f 4556/5691/7188 5332/5594/6492 4543/5566/7183
f 4559/5768/6706 4556/5691/7188 4543/5566/7183
f 5324/5587/6482 5326/5961/7060 4559/5768/6706
f 5319/5585/6480 5324/5587/6482 4559/5768/6706
f 5319/5585/6480 4559/5768/6706 4543/5566/7183
f 5327/5963/7063 5328/5962/7062 5321/5715/7061
f 4906/6000/7191 5118/5640/6546 5327/5963/7063
f 4939/6001/7192 4907/5641/6547 4906/6000/7191
f 4606/5621/7193 5117/5639/7194 4939/6001/7192
f 4942/4948/5780 4941/4947/7195 4606/5621/7193
f 4942/4948/5780 4606/5621/7193 4939/6001/7192
f 4939/6001/7192 4906/6000/7191 5327/5963/7063
f 5327/5963/7063 5321/5715/7061 5319/5585/6480
f 5319/5585/6480 4543/5566/7183 4541/5739/7181
f 5319/5585/6480 4541/5739/7181 4539/5743/7180
f 4939/6001/7192 5327/5963/7063 5319/5585/6480
f 4942/4948/5780 4939/6001/7192 5319/5585/6480
f 4889/5222/7196 4892/5221/7197 4605/5863/6858
f 4890/5123/7198 4888/5862/7199 4889/5222/7196
f 5258/5229/6075 4900/5122/5960 4891/5124/7200
f 4891/5124/7200 4890/5123/7198 4889/5222/7196
f 4445/5977/7122 4418/5969/7080 4450/4961/7177
f 4445/5977/7122 4450/4961/7177 5517/5895/7179
f 4539/5743/7180 4445/5977/7122 5517/5895/7179
f 4538/5894/6926 4446/5893/6925 5520/5637/6543
f 4539/5743/7180 5517/5895/7179 4538/5894/6926
f 4891/5124/7200 4889/5222/7196 4605/5863/6858
f 5248/5487/6357 5246/4973/5807 5258/5229/6075
f 4538/5894/6926 5520/5637/6543 4447/5767/6705
f 4447/5767/6705 5521/5638/6544 5519/5065/5901
f 4456/5896/6930 4448/5067/5903 4449/4960/7201
f 4447/5767/6705 5519/5065/5901 4456/5896/6930
f 5253/5099/5936 5248/5487/6357 5258/5229/6075
f 5259/5020/7202 5257/5687/6602 5253/5099/5936
f 5273/5496/7203 5274/5642/7204 4909/6002/7205
f 4909/6002/7205 5259/5020/7202 5253/5099/5936
f 4909/6002/7205 5253/5099/5936 5258/5229/6075
f 4880/5220/7206 5273/5496/7203 4909/6002/7205
f 4876/5538/7207 4879/6003/7208 4880/5220/7206
f 4899/5941/7209 4898/5235/6081 4882/5537/7010
f 4882/5537/7010 4876/5538/7207 4880/5220/7206
f 4880/5220/7206 4909/6002/7205 5258/5229/6075
f 4447/5767/6705 4456/5896/6930 4449/4960/7201
f 4449/4960/7201 4462/5857/7079 4463/5968/7078
f 4463/5968/7078 4464/5873/6885 5403/5025/5860
f 5398/6004/7210 5396/5851/6831 5386/5624/6526
f 4463/5968/7078 5403/5025/5860 5398/6004/7210
f 4447/5767/6705 4449/4960/7201 4463/5968/7078
f 4882/5537/7010 4880/5220/7206 5258/5229/6075
f 4899/5941/7209 4882/5537/7010 5258/5229/6075
f 4447/5767/6705 4463/5968/7078 5398/6004/7210
f 5398/6004/7210 5386/5624/6526 4535/5626/6528
f 4447/5767/6705 5398/6004/7210 4535/5626/6528
f 4899/5941/7209 5258/5229/6075 4891/5124/7200
f 4894/5228/7211 4895/5227/7212 4897/5236/7213
f 4897/5236/7213 4899/5941/7209 4891/5124/7200
f 4538/5894/6926 4447/5767/6705 4535/5626/6528
f 4538/5894/6926 4535/5626/6528 5387/5625/6527
f 4538/5894/6926 5387/5625/6527 5388/5732/6830
f 5388/5732/6830 5496/5731/7214 5395/4939/5770
f 5395/4939/5770 5401/5815/6776 5425/4921/5752
f 5395/4939/5770 5425/4921/5752 5426/5636/6542
f 4538/5894/6926 5388/5732/6830 5395/4939/5770
f 5420/5197/6044 5437/5486/6356 5418/5477/6344
f 5418/5477/6344 5419/5478/6345 4486/6005/6836
f 5394/4944/5775 5380/5623/6525 5372/5622/6524
f 5372/5622/6524 5339/5555/7215 5338/5603/6503
f 5336/5602/6502 5337/5557/6448 4536/5556/6447
f 5372/5622/6524 5338/5603/6503 5336/5602/6502
f 5420/5197/6044 5418/5477/6344 4486/6005/6836
f 5426/5636/6542 5420/5197/6044 4486/6005/6836
f 5394/4944/5775 5372/5622/6524 5336/5602/6502
f 4536/5556/6447 5335/5455/6323 5334/5982/7132
f 5394/4944/5775 5336/5602/6502 4536/5556/6447
f 5426/5636/6542 4486/6005/6836 5394/4944/5775
f 5395/4939/5770 5426/5636/6542 5394/4944/5775
f 5395/4939/5770 5394/4944/5775 4536/5556/6447
f 4897/5236/7213 4891/5124/7200 4605/5863/6858
f 4894/5228/7211 4897/5236/7213 4605/5863/6858
f 4874/5210/6061 4894/5228/7211 4605/5863/6858
f 4878/5211/6062 4874/5210/6061 4605/5863/6858
f 4878/5211/6062 4605/5863/6858 4940/4979/5814
f 4913/5658/6567 4904/6006/7216 4905/6007/7217
f 4905/6007/7217 4878/5211/6062 4940/4979/5814
f 4913/5658/6567 4905/6007/7217 4940/4979/5814
f 5268/5794/6738 5277/4833/5665 5270/6008/7218
f 5270/6008/7218 4913/5658/6567 4940/4979/5814
f 5270/6008/7218 4940/4979/5814 4943/4946/5778
f 5268/5794/6738 5270/6008/7218 4943/4946/5778
f 5268/5794/6738 4943/4946/5778 4942/4948/5780
f 5261/5491/6365 5260/5489/7219 5263/4834/5666
f 5263/4834/5666 5268/5794/6738 4942/4948/5780
f 4538/5894/6926 5395/4939/5770 4536/5556/6447
f 5334/5982/7132 5341/5981/7131 5340/5980/7130
f 4538/5894/6926 4536/5556/6447 5334/5982/7132
f 5369/4958/5792 5370/5856/6845 5376/5753/6686
f 5376/5753/6686 5368/5755/6688 5342/5745/7220
f 4537/5747/6679 5343/5746/6678 4581/5005/5841
f 5369/4958/5792 5376/5753/6686 5342/5745/7220
f 5340/5980/7130 5369/4958/5792 5342/5745/7220
f 4537/5747/6679 4581/5005/5841 4563/5871/6877
f 5340/5980/7130 5342/5745/7220 4537/5747/6679
f 5334/5982/7132 5340/5980/7130 4537/5747/6679
f 4537/5747/6679 4563/5871/6877 4578/5858/6850
f 4538/5894/6926 5334/5982/7132 4537/5747/6679
f 4539/5743/7180 4538/5894/6926 4537/5747/6679
f 4929/5533/6410 4930/5248/6098 4938/5429/6291
f 5074/4981/7221 5070/5440/7222 5071/5975/7223
f 5071/5975/7223 4951/5105/7224 4945/5905/7225
f 5074/4981/7221 5071/5975/7223 4945/5905/7225
f 4539/5743/7180 4537/5747/6679 4578/5858/6850
f 4965/5490/6364 5261/5491/6365 5263/4834/5666
f 4965/5490/6364 5263/4834/5666 4942/4948/5780
f 5319/5585/6480 4539/5743/7180 4578/5858/6850
f 5319/5585/6480 4578/5858/6850 4564/4969/5803
f 5256/5523/6399 4965/5490/6364 4942/4948/5780
f 5319/5585/6480 4564/4969/5803 4916/5346/6207
f 4942/4948/5780 5319/5585/6480 4916/5346/6207
f 4942/4948/5780 4916/5346/6207 4926/5249/6099
f 4942/4948/5780 4926/5249/6099 4927/5534/6411
f 4942/4948/5780 4927/5534/6411 4929/5533/6410
f 4942/4948/5780 4929/5533/6410 4938/5429/6291
f 4942/4948/5780 4938/5429/6291 4936/5414/6276
f 5276/5497/6371 5267/5499/6373 5266/5507/6384
f 5264/5985/7143 4963/5310/6166 4964/5094/5931
f 5276/5497/6371 5266/5507/6384 5264/5985/7143
f 5037/5309/6947 5038/5308/6164 5044/5315/6198
f 5061/5956/7226 5064/5955/7227 5160/5930/6987
f 5044/5315/6198 5045/5313/7228 5061/5956/7226
f 5061/5956/7226 5160/5930/6987 4672/5929/6986
f 5168/5138/5977 5167/5928/7229 4712/5729/7230
f 5044/5315/6198 5061/5956/7226 4672/5929/6986
f 4672/5929/6986 5168/5138/5977 4712/5729/7230
f 4672/5929/6986 4712/5729/7230 4662/5804/6763
f 5044/5315/6198 4672/5929/6986 4662/5804/6763
f 5044/5315/6198 4662/5804/6763 5157/5412/6273
f 5044/5315/6198 5157/5412/6273 5158/5062/6274
f 4673/5061/6504 4691/5060/7231 5205/5464/7232
f 5044/5315/6198 5158/5062/6274 4673/5061/6504
f 5037/5309/6947 5044/5315/6198 4673/5061/6504
f 4673/5061/6504 5205/5464/7232 4690/5463/7233
f 4690/5463/7233 5203/4941/7234 4689/5462/6331
f 4689/5462/6331 5194/5461/6330 5193/5451/7235
f 4688/4952/7236 5195/4951/5785 4687/5456/6324
f 4689/5462/6331 5193/5451/7235 4688/4952/7236
f 4673/5061/6504 4690/5463/7233 4689/5462/6331
f 4689/5462/6331 4688/4952/7236 4687/5456/6324
f 4687/5456/6324 5198/4863/5695 5188/5460/6756
f 5188/5460/6756 5187/5449/6755 5186/4809/7237
f 5188/5460/6756 5186/4809/7237 5184/5790/7238
f 4687/5456/6324 5188/5460/6756 5184/5790/7238
f 4942/4948/5780 4936/5414/6276 5074/4981/7221
f 4942/4948/5780 5074/4981/7221 4945/5905/7225
f 4942/4948/5780 4945/5905/7225 4946/5104/6382
f 5256/5523/6399 4942/4948/5780 4946/5104/6382
f 5256/5523/6399 4946/5104/6382 5276/5497/6371
f 5290/4994/5829 4885/5859/6852 5250/5360/7155
f 5256/5523/6399 5276/5497/6371 5264/5985/7143
f 5290/4994/5829 5250/5360/7155 5256/5523/6399
f 4970/5271/6424 4971/5270/6869 5290/4994/5829
f 4970/5271/6424 5290/4994/5829 5256/5523/6399
f 5256/5523/6399 5264/5985/7143 4964/5094/5931
f 5256/5523/6399 4964/5094/5931 5037/5309/6947
f 4968/5543/6425 4970/5271/6424 5256/5523/6399
f 5256/5523/6399 5037/5309/6947 4673/5061/6504
f 5292/5517/6552 5300/5522/7239 4973/5521/6442
f 4974/5445/6308 4975/5516/7240 5292/5517/6552
f 4679/5048/7241 4675/5046/7242 4974/5445/6308
f 4683/5054/7243 4685/5053/7244 4679/5048/7241
f 5050/5321/6177 5056/5336/6192 4682/5415/6278
f 4682/5415/6278 4683/5054/7243 4679/5048/7241
f 4679/5048/7241 4974/5445/6308 5292/5517/6552
f 4679/5048/7241 5292/5517/6552 4973/5521/6442
f 5033/5719/6643 5050/5321/6177 4682/5415/6278
f 4682/5415/6278 4679/5048/7241 4973/5521/6442
f 4682/5415/6278 4973/5521/6442 5032/5992/7167
f 5034/5306/7245 5033/5719/6643 4682/5415/6278
f 4967/5307/7246 5034/5306/7245 4682/5415/6278
f 4967/5307/7246 4682/5415/6278 5032/5992/7167
f 5036/5327/7247 5031/5328/7248 5035/5305/7249
f 4967/5307/7246 5032/5992/7167 4968/5543/6425
f 4967/5307/7246 4968/5543/6425 5256/5523/6399
f 5206/5974/7104 5207/5423/6285 5208/5470/6431
f 5209/5468/7250 5211/5973/7251 4722/5972/7252
f 4722/5972/7252 4724/5422/7253 4723/5087/5924
f 4721/5089/5926 4771/5144/6413 4776/5038/6457
f 4722/5972/7252 4723/5087/5924 4721/5089/5926
f 5208/5470/6431 5209/5468/7250 4722/5972/7252
f 5206/5974/7104 5208/5470/6431 4722/5972/7252
f 4721/5089/5926 4776/5038/6457 4778/5877/6893
f 4722/5972/7252 4721/5089/5926 4778/5877/6893
f 4722/5972/7252 4778/5877/6893 4779/5044/5878
f 4722/5972/7252 4779/5044/5878 4780/5876/6892
f 4780/5876/6892 4812/5875/6891 4808/5172/6013
f 4757/5137/7254 4760/4843/7255 4762/4910/7256
f 4780/5876/6892 4808/5172/6013 4757/5137/7254
f 5206/5974/7104 4722/5972/7252 4780/5876/6892
f 5185/4808/7105 5206/5974/7104 4780/5876/6892
f 5185/4808/7105 4780/5876/6892 4757/5137/7254
f 5184/5790/7238 5185/4808/7105 4757/5137/7254
f 5184/5790/7238 4757/5137/7254 4762/4910/7256
f 4787/4912/7257 4788/5251/7258 4784/5152/7259
f 4784/5152/7259 4785/5151/7260 4832/5184/6031
f 4834/5186/6033 4833/5185/6032 4835/4820/6662
f 4784/5152/7259 4832/5184/6031 4834/5186/6033
f 4787/4912/7257 4784/5152/7259 4834/5186/6033
f 4834/5186/6033 4835/4820/6662 4849/5194/7261
f 4846/5196/6043 4847/5195/6042 4727/6009/7262
f 4834/5186/6033 4849/5194/7261 4846/5196/6043
f 4762/4910/7256 4787/4912/7257 4834/5186/6033
f 4834/5186/6033 4846/5196/6043 4727/6009/7262
f 4727/6009/7262 4753/6010/7263 4747/5990/7159
f 4747/5990/7159 5306/5527/6403 5024/4976/5810
f 5024/4976/5810 5025/5301/6157 4977/5865/6863
f 4677/5047/7264 4680/5049/7265 4678/5947/7266
f 5024/4976/5810 4977/5865/6863 4677/5047/7264
f 4727/6009/7262 4747/5990/7159 5024/4976/5810
f 4762/4910/7256 4834/5186/6033 4727/6009/7262
f 4762/4910/7256 4727/6009/7262 5024/4976/5810
f 5024/4976/5810 4677/5047/7264 4678/5947/7266
f 4762/4910/7256 5024/4976/5810 4678/5947/7266
f 5184/5790/7238 4762/4910/7256 4678/5947/7266
f 5184/5790/7238 4678/5947/7266 4681/5298/7267
f 4687/5456/6324 5184/5790/7238 4681/5298/7267
f 4686/5946/7268 5182/5453/7269 5183/5979/7126
f 4687/5456/6324 4681/5298/7267 4686/5946/7268
f 4689/5462/6331 4687/5456/6324 4686/5946/7268
f 4686/5946/7268 5183/5979/7126 5062/5452/6320
f 5062/5452/6320 5057/5949/7042 5058/5951/7045
f 5060/5950/7044 5054/5326/6183 5055/5604/6505
f 4686/5946/7268 5062/5452/6320 5058/5951/7045
f 4689/5462/6331 4686/5946/7268 5058/5951/7045
f 5035/5305/7249 4967/5307/7246 5256/5523/6399
f 5036/5327/7247 5035/5305/7249 5256/5523/6399
f 4673/5061/6504 4689/5462/6331 5058/5951/7045
f 4673/5061/6504 5058/5951/7045 5060/5950/7044
f 5055/5604/6505 5036/5327/7247 5256/5523/6399
f 4673/5061/6504 5060/5950/7044 5055/5604/6505
f 5358/5608/6509 5356/5646/6554 5360/5609/6510
f 4893/5612/6514 4902/5226/6419 4894/5228/7270
f 4894/5228/7270 4874/5210/7271 4877/5209/6060
f 4877/5209/6060 4878/5211/6062 4879/6003/7208
f 4876/5538/6513 4875/5234/6080 4883/5539/6420
f 4877/5209/6060 4879/6003/7208 4876/5538/6513
f 4893/5612/6514 4894/5228/7270 4877/5209/6060
f 4876/5538/6513 4883/5539/6420 4893/5612/6514
f 5453/5891/6918 4523/5890/6917 4522/5616/6518
f 4520/5617/6519 4519/5335/6191 4518/5618/6520
f 4518/5618/6520 5453/5891/6918 4522/5616/6518
f 5441/5668/7096 4515/5939/7007 4425/5217/6069
f 4385/5404/6265 4384/5403/6264 4395/4829/5655
f 5440/5669/7088 5441/5668/7096 4425/5217/6069
f 4524/4929/5760 4525/4928/5759 5440/5669/7088
f 4524/4929/5760 5440/5669/7088 4425/5217/6069
f 4385/5404/6265 4395/4829/5655 4394/4831/7272
f 4524/4929/5760 4425/5217/6069 4385/5404/6265
f 4426/4930/5761 4524/4929/5760 4385/5404/6265
f 4385/5404/6265 4394/4831/7272 4396/4830/5657
f 4396/4830/5657 4400/5370/6228 4399/5398/6256
f 4399/5398/6256 4358/4797/5627 4361/5118/5956
f 4399/5398/6256 4361/5118/5956 4390/5117/5955
f 4426/4930/5761 4385/5404/6265 4396/4830/5657
f 4396/4830/5657 4399/5398/6256 4390/5117/5955
f 4386/5405/6266 4388/4839/5671 4387/4841/5673
f 4426/4930/5761 4396/4830/5657 4390/5117/5955
f 4386/5405/6266 4387/4841/5673 4351/5400/6258
f 4426/4930/5761 4390/5117/5955 4386/5405/6266
f 5443/5722/7273 4426/4930/5761 4386/5405/6266
f 4386/5405/6266 4351/5400/6258 4408/5987/7145
f 4526/5619/6521 4427/5986/7144 4428/5519/6396
f 4386/5405/6266 4408/5987/7145 4526/5619/6521
f 5493/5419/6282 5443/5722/7273 4386/5405/6266
f 5459/5701/6618 5466/5970/7090 5493/5419/6282
f 5458/5936/6996 5467/5935/6995 5459/5701/6618
f 5480/5720/6644 4528/5520/6397 5458/5936/6996
f 5479/4916/5747 5480/5720/6644 5458/5936/6996
f 5479/4916/5747 5458/5936/6996 5459/5701/6618
f 5479/4916/5747 5459/5701/6618 5493/5419/6282
f 5493/5419/6282 4386/5405/6266 4526/5619/6521
f 4526/5619/6521 4428/5519/6396 5490/5721/7154
f 5490/5721/7154 5488/5007/7274 5491/5872/6878
f 4526/5619/6521 5490/5721/7154 5491/5872/6878
f 5485/5620/6522 5479/4916/5747 5493/5419/6282
f 4526/5619/6521 5491/5872/6878 5492/5006/5842
f 5485/5620/6522 5493/5419/6282 4526/5619/6521
f 5317/5964/7064 5117/5639/6545 4606/5621/6523
f 4606/5621/6523 5119/5380/7275 5116/5382/6360
f 5116/5382/6360 5114/5488/6359 4565/5593/6491
f 4565/5593/6491 5317/5964/7064 4606/5621/6523
f 5065/5272/6124 5048/5274/6126 5047/5202/6049
f 5047/5202/6049 5067/5201/6048 5040/5311/6167
f 5043/5312/6168 5163/5139/5978 5161/5627/6529
f 5047/5202/6049 5040/5311/6167 5043/5312/6168
f 5161/5627/6529 5162/5954/7049 5065/5272/6124
f 5065/5272/6124 5047/5202/6049 5043/5312/6168
f 4481/5630/6532 4485/5854/6842 4480/5458/6326
f 4423/5628/6530 4421/5189/6036 4521/5629/6531
f 4481/5630/6532 4480/5458/6326 4423/5628/6530
f 4521/5629/6531 4510/5889/6916 4481/5630/6532
f 5219/5149/5987 5217/5773/6718 5284/5512/7276
f 5283/5511/6535 5285/5513/7277 5286/5835/7278
f 5219/5149/5987 5284/5512/7276 5283/5511/6535
f 4983/4927/5758 5220/5150/7279 5219/5149/5987
f 5286/5835/7278 5288/5834/7280 5224/5633/6536
f 4983/4927/5758 5219/5149/5987 5283/5511/6535
f 5283/5511/6535 5286/5835/7278 5224/5633/6536
f 4502/5369/6538 4503/4905/7281 4507/4904/5735
f 4507/4904/5735 4508/4903/5734 4494/5368/6537
f 4370/5096/5933 4373/5098/5935 4348/5367/6225
f 5423/5575/6468 5422/5198/6045 5426/5636/6542
f 5520/5637/6543 4446/5893/6925 5519/5065/5901
f 4907/5641/6547 4939/6001/7192 5117/5639/6545
f 5117/5639/6545 5317/5964/7064 5118/5640/6546
f 5118/5640/6546 4906/6000/7282 4907/5641/6547
f 5274/5642/6548 5273/5496/6370 5271/5495/6369
f 5271/5495/6369 5272/5713/6633 5262/4835/6361
f 5260/5489/6363 5261/5491/6365 5259/5020/5854
f 5274/5642/6548 5271/5495/6369 5262/4835/6361
f 5259/5020/5854 4909/6002/7283 5274/5642/6548
f 5274/5642/6548 5262/4835/6361 5260/5489/6363
f 5299/5338/6195 5300/5522/7239 5292/5517/6552
f 5292/5517/6552 5293/5444/7284 5295/5645/6553
f 4730/5331/6187 4745/5952/7047 5082/6011/7285
f 4730/5331/6187 5082/6011/7285 5078/6012/7286
f 5132/6013/7287 4729/5953/7048 4730/5331/6187
f 5079/6014/7288 5132/6013/7287 4730/5331/6187
f 5079/6014/7288 4730/5331/6187 5078/6012/7286
f 5355/5993/6723 5133/5781/6724 5080/5647/6555
f 5080/5647/6555 5079/6014/7288 5078/6012/7286
f 5083/5233/6079 5081/5232/6078 5356/5646/6554
f 5080/5647/6555 5078/6012/7286 5083/5233/6079
f 5356/5646/6554 5355/5993/6723 5080/5647/6555
f 5080/5647/6555 5136/5752/6684 5146/5409/6958
f 5080/5647/6555 5146/5409/6958 5147/5408/6269
f 5132/6013/7287 5079/6014/7288 5080/5647/6555
f 4748/5106/5943 4729/5953/7048 5132/6013/7287
f 4728/5817/6778 4741/5906/6949 4748/5106/5943
f 5304/5820/6781 4751/5819/6780 4750/5818/6779
f 4750/5818/6779 4728/5817/6778 4748/5106/5943
f 5132/6013/7287 5080/5647/6555 5147/5408/6269
f 4750/5818/6779 4748/5106/5943 5132/6013/7287
f 5019/5822/6783 4756/5821/6782 5304/5820/6781
f 5132/6013/7287 5147/5408/6269 5148/5407/6268
f 5149/5406/6957 5177/5293/6145 5176/5919/6969
f 5149/5406/6957 5176/5919/6969 5150/5918/6968
f 5150/5918/6968 4617/5920/6971 4618/5558/6449
f 4619/5018/6800 4620/5017/6802 4850/5832/6801
f 4850/5832/6801 4852/5833/6804 5218/5148/6803
f 5218/5148/6803 4979/4996/5831 5213/5870/6872
f 5215/5869/6871 5214/4995/7289 5216/5849/6827
f 4850/5832/6801 5218/5148/6803 5213/5870/6872
f 5215/5869/6871 5216/5849/6827 4985/5281/6132
f 4619/5018/6800 4850/5832/6801 5213/5870/6872
f 5213/5870/6872 5215/5869/6871 4985/5281/6132
f 5213/5870/6872 4985/5281/6132 4984/5283/6134
f 4618/5558/6449 4619/5018/6800 5213/5870/6872
f 5148/5407/6268 5149/5406/6957 5150/5918/6968
f 4618/5558/6449 5213/5870/6872 4984/5283/6134
f 5148/5407/6268 5150/5918/6968 4618/5558/6449
f 5017/5700/6787 5020/5825/6786 5019/5822/6783
f 4726/5589/6485 5018/5994/7172 5016/5699/7290
f 5016/5699/7290 5017/5700/6787 5019/5822/6783
f 4726/5589/6485 5016/5699/7290 5019/5822/6783
f 5013/5840/6816 4726/5589/6485 5019/5822/6783
f 5013/5840/6816 5019/5822/6783 5304/5820/6781
f 4754/5843/6819 4755/5842/6818 5305/5841/6817
f 5305/5841/6817 5013/5840/6816 5304/5820/6781
f 5132/6013/7287 5148/5407/6268 4618/5558/6449
f 5132/6013/7287 4618/5558/6449 4984/5283/6134
f 4754/5843/6819 5305/5841/6817 5304/5820/6781
f 5006/5845/6821 5008/5296/6149 4754/5843/6819
f 5005/5846/6822 5006/5845/6821 4754/5843/6819
f 4754/5843/6819 5304/5820/6781 4750/5818/6779
f 4750/5818/6779 5132/6013/7287 4984/5283/6134
f 4754/5843/6819 4750/5818/6779 4984/5283/6134
f 5005/5846/6822 4754/5843/6819 4984/5283/6134
f 5005/5846/6822 4984/5283/6134 4988/5282/6133
f 4998/5212/7291 4997/5847/7292 4989/5653/6561
f 4989/5653/6561 5005/5846/6822 4988/5282/6133
f 4987/5652/6560 4990/5102/5939 4991/5213/6064
f 4989/5653/6561 4988/5282/6133 4987/5652/6560
f 4991/5213/6064 4998/5212/7291 4989/5653/6561
f 5434/5655/6563 5409/5661/7293 5412/5656/6564
f 5412/5656/6564 5435/5814/6774 5415/4897/5728
f 5277/4833/5665 5271/5495/6369 5269/4865/5697
f 4915/4867/5699 4914/4866/5698 4910/5242/6089
f 5277/4833/5665 5269/4865/5697 4915/4867/5699
f 4913/5658/6567 5270/6008/7218 5277/4833/5665
f 4878/5211/6062 4905/6007/7217 4904/6006/7216
f 4913/5658/6567 5277/4833/5665 4915/4867/5699
f 4910/5242/6089 4911/5615/6517 4912/5614/6516
f 4913/5658/6567 4915/4867/5699 4910/5242/6089
f 4878/5211/6062 4904/6006/7216 4913/5658/6567
f 4880/5220/7206 4879/6003/7208 4878/5211/6062
f 4908/5241/6088 4881/5219/7017 4903/5218/6566
f 4903/5218/6566 4880/5220/7206 4878/5211/6062
f 4913/5658/6567 4910/5242/6089 4912/5614/6516
f 4912/5614/6516 4908/5241/6088 4903/5218/6566
f 4903/5218/6566 4878/5211/6062 4913/5658/6567
f 4764/5141/6432 4761/4842/6389 4767/5659/6568
f 4733/5666/6188 4735/5384/6242 4734/5383/6241
f 4732/5664/6576 4746/5991/7160 4731/5665/6577
f 4733/5666/6188 4734/5383/6241 4732/5664/6576
f 5174/5667/5714 4667/5800/6744 4668/4853/5685
f 5252/5670/6580 5253/5099/5936 5255/5019/5853
f 5255/5019/5853 4966/5525/6401 5254/5524/6579
f 5088/5671/6581 5087/6015/7294 5085/6016/6902
f 5085/6016/6902 5084/5784/6727 5089/5672/6582
f 5089/5672/6582 5090/5579/6473 5091/5354/6583
f 5091/5354/6583 5093/5353/7295 5088/5671/6581
f 5088/5671/6581 5085/6016/6902 5089/5672/6582
f 4403/4836/5668 4381/4813/6014 4380/5676/6587
f 4380/5676/6587 4377/5426/7296 4402/4837/6588
f 4974/5445/6308 4675/5046/7242 4676/5879/7297
f 4676/5879/7297 4674/5548/6436 5181/5547/6435
f 5181/5547/6435 5180/5546/6434 5027/5677/6589
f 5027/5677/6589 5026/5446/6309 4974/5445/6308
f 4974/5445/6308 4676/5879/7297 5181/5547/6435
f 4736/5680/6592 4737/5741/6672 4743/5679/6591
f 4743/5679/6591 4735/5996/6242 4733/5332/6188
f 4826/6017/7298 4845/6018/7299 4843/5393/7300
f 4843/5393/6593 4840/5392/7301 4825/6019/7302
f 4823/5681/6594 4822/5932/6991 4827/5682/6595
f 4843/5393/6593 4825/6019/7302 4823/5681/6594
f 4827/5682/7303 4826/6017/7298 4843/5393/7300
f 5431/4938/5769 5429/5574/6467 5427/5683/6596
f 5196/5686/6600 5197/4864/7304 4687/5456/6324
f 4797/4859/5997 4799/5160/7109 4798/5438/6301
f 5397/5688/6603 5396/5851/6831 5398/6004/7210
f 5403/5025/5860 5404/5648/7305 5385/5689/6604
f 5385/5689/6604 5384/4937/5768 5397/5688/6603
f 5397/5688/6603 5398/6004/7210 5403/5025/5860
f 4555/5690/6605 5502/5999/7306 4556/5691/6606
f 4627/5693/6608 4622/5831/6797 4616/5921/6972
f 4616/5921/6972 4624/5027/5862 4623/5026/5861
f 4650/5694/6609 4860/5203/6796 4859/5205/6798
f 4627/5693/6608 4616/5921/6972 4623/5026/5861
f 4650/5694/6609 4859/5205/6798 4627/5693/6608
f 4471/5459/6327 4478/5957/7056 4472/5340/6200
f 5475/5697/6613 5352/5318/6174 5476/5698/6614
f 5476/5698/6614 5478/6020/7307 5472/5260/6615
f 5472/5260/6615 5471/5887/6912 5475/5697/6613
f 5016/5699/6616 5018/5994/7172 5015/5588/6484
f 5463/5703/6620 5466/5970/7090 5459/5701/6618
f 5459/5701/6618 5467/5935/6995 5465/5702/6619
f 5406/5651/6558 5405/5649/6557 5408/5706/6623
f 5408/5706/6623 5409/5661/6882 5434/5655/6624
f 5434/5655/6624 5433/5657/6841 5407/5707/6625
f 5407/5707/6625 5406/5651/6558 5408/5706/6623
f 4639/5708/6626 4642/5916/6967 5244/5709/5889
f 4608/4978/5812 4607/5866/6864 5115/5381/6358
f 5115/5381/6358 5119/5380/7275 4606/5621/6523
f 5002/5289/6140 4993/5291/6142 4995/5711/6628
f 4692/5059/6630 5204/4942/6982 5205/5464/6631
f 5323/5394/6252 5326/5961/7060 5324/5587/6482
f 5324/5587/6482 5325/5586/6481 5322/5590/6636
f 5083/5233/6079 5078/6012/7286 5082/6011/7285
f 5082/6011/7285 4745/6021/7047 4731/5665/6577
f 4731/5665/6577 4746/5991/7160 4747/5990/7159
f 4753/6010/7263 4727/6009/7262 4847/5195/6042
f 4731/5665/6577 4747/5990/7159 4753/6010/7263
f 4944/5231/6077 5083/5233/6079 5082/6011/7285
f 5082/6011/7285 4731/5665/6577 4753/6010/7263
f 4753/6010/7263 4847/5195/6042 4848/5171/6012
f 4821/5170/6011 4824/5761/6696 4815/6022/7308
f 4753/6010/7263 4848/5171/6012 4821/5170/6011
f 4944/5231/6077 5082/6011/7285 4753/6010/7263
f 5356/5646/6554 5081/5232/6078 4944/5231/6077
f 5361/5611/6512 5359/5610/6511 5360/5609/6510
f 5360/5609/6510 5356/5646/6554 4944/5231/6077
f 4753/6010/7263 4821/5170/6011 4815/6022/7308
f 4815/6022/7308 4791/5437/7309 4817/5176/6018
f 4814/5177/6020 4820/5978/7310 4813/5989/7150
f 4815/6022/7308 4817/5176/6018 4814/5177/6020
f 5375/5754/7311 5361/5611/6512 5360/5609/6510
f 5367/6023/7312 5375/5754/7311 5360/5609/6510
f 5367/6023/7312 5360/5609/6510 4944/5231/6077
f 5344/6024/7313 5342/5745/6677 5368/5755/7314
f 5368/5755/7314 5367/6023/7312 4944/5231/6077
f 4753/6010/7263 4815/6022/7308 4814/5177/6020
f 4814/5177/6020 4813/5989/7150 4777/5878/6894
f 4777/5878/6894 4778/5877/6893 4776/5038/6457
f 4777/5878/6894 4776/5038/6457 4713/5564/6456
f 4944/5231/6077 4753/6010/7263 4814/5177/6020
f 4814/5177/6020 4777/5878/6894 4713/5564/6456
f 4714/5192/6039 4774/5193/6040 4715/5039/6634
f 4944/5231/6077 4814/5177/6020 4713/5564/6456
f 4714/5192/6039 4715/5039/6634 4773/5535/6412
f 5368/5755/7314 4944/5231/6077 4713/5564/6456
f 4581/5005/5841 5343/5746/6678 5344/6024/7313
f 4714/5192/6039 4773/5535/6412 4720/5088/5925
f 4720/5088/5925 4719/5450/6315 4703/6025/6754
f 4720/5088/5925 4703/6025/6754 4705/5578/7315
f 4714/5192/6039 4720/5088/5925 4705/5578/7315
f 4712/5729/7230 5167/5928/7229 5166/5927/7316
f 4714/5192/6039 4705/5578/7315 4712/5729/7230
f 4581/5005/5841 5344/6024/7313 5368/5755/7314
f 4570/5002/5838 4581/5005/5841 5368/5755/7314
f 4713/5564/6456 4714/5192/6039 4712/5729/7230
f 5368/5755/7314 4713/5564/6456 4712/5729/7230
f 5368/5755/7314 4712/5729/7230 5166/5927/7316
f 5165/5288/6139 5164/5245/6092 5077/5214/7020
f 5368/5755/7314 5166/5927/7316 5165/5288/6139
f 4570/5002/5838 5368/5755/7314 5165/5288/6139
f 5165/5288/6139 5077/5214/7020 5073/4982/7317
f 5073/4982/7317 5074/4981/7221 4936/5414/6276
f 4572/4922/5753 4571/4924/5755 4585/4985/6750
f 5073/4982/7317 4936/5414/6276 4572/4922/5753
f 4570/5002/5838 5165/5288/6139 5073/4982/7317
f 4585/4985/6750 4582/4988/5823 4584/4987/5822
f 4570/5002/5838 5073/4982/7317 4572/4922/5753
f 4572/4922/5753 4585/4985/6750 4584/4987/5822
f 5325/5586/6639 5319/5585/7318 5321/5715/6637
f 5321/5715/6637 5318/5355/7319 5320/5395/6638
f 5035/5305/6641 5031/5328/7320 5029/5325/6642
f 5033/5719/6643 5034/5306/7245 5035/5305/6641
f 5482/5718/6646 5483/5717/6837 5489/4945/5776
f 5489/4945/5776 5490/5721/6647 4527/5518/6645
f 4512/4913/5744 4514/5216/6068 4515/5939/7007
f 5441/5668/7096 5444/5971/7095 5494/5377/6237
f 4512/4913/5744 4515/5939/7007 5441/5668/7096
f 5445/5052/5885 4512/4913/5744 5441/5668/7096
f 5441/5668/7096 5494/5377/6237 5452/5376/6236
f 5452/5376/6236 5450/5675/7321 5451/5674/7322
f 5460/5705/6651 5461/5704/6621 5464/5174/6016
f 5452/5376/6236 5451/5674/7322 5460/5705/6651
f 5445/5052/5885 5441/5668/7096 5452/5376/6236
f 5460/5705/6651 5464/5174/6016 5445/5052/5885
f 5524/5725/6653 4414/5808/6768 5516/5662/6574
f 4596/5765/6702 4600/5348/6730 4591/5350/7323
f 4591/5350/7323 4590/5349/6732 4588/6026/6731
f 4588/6026/6731 4587/6027/5629 4589/5726/6654
f 4568/5880/6900 4595/5785/6728 4593/5727/6655
f 4593/5727/6655 4592/5766/6703 4598/5728/6656
f 4598/5728/6656 4596/5765/6702 4591/5350/7323
f 4591/5350/7323 4588/6026/6731 4589/5726/6654
f 4589/5726/6654 4568/5880/6900 4593/5727/6655
f 4598/5728/6656 4591/5350/7323 4589/5726/6654
f 4706/5577/6470 4707/5897/6932 4712/5729/6657
f 5004/5733/6660 4993/5291/7324 4992/5500/6374
f 4992/5500/6374 4982/5275/6812 4980/4926/5757
f 4980/4926/5757 5022/4925/5756 5023/4891/6661
f 5023/4891/6661 5003/5812/6815 5004/5733/6660
f 5004/5733/6660 4992/5500/6374 4980/4926/5757
f 5484/4918/5749 5483/5717/6837 5481/5716/6663
f 5506/5121/5959 4547/5120/5958 5497/5479/6346
f 4549/5734/6664 5501/4895/6059 4560/4953/6058
f 5506/5121/5959 5497/5479/6346 4549/5734/6664
f 4553/5322/6665 5507/5809/6769 5506/5121/5959
f 4549/5734/6664 4560/4953/6058 4553/5322/6665
f 5111/5433/6295 5109/5597/6495 4567/5599/6497
f 4567/5599/6497 4566/5371/6229 5112/5373/6231
f 5498/4967/5801 5333/5596/6494 5331/5595/6493
f 5331/5595/6493 5330/5998/7325 5502/5999/7326
f 4555/5690/7327 4554/5692/7328 4562/5735/6666
f 5331/5595/6493 5502/5999/7326 4555/5690/7327
f 4545/4965/5799 5498/4967/5801 5331/5595/6493
f 4541/5739/7329 4542/5565/7330 4546/5567/7331
f 4546/5567/7331 4545/4965/5799 5331/5595/6493
f 4546/5567/7331 5331/5595/6493 4555/5690/7327
f 5508/5740/7332 4541/5739/7329 4546/5567/7331
f 4548/5910/7333 5505/5119/5957 5508/5740/7332
f 5497/5479/7334 4547/5120/7335 4548/5910/7333
f 5329/4894/7336 5500/4893/7337 5499/5737/6668
f 5499/5737/6668 5497/5479/7334 4548/5910/7333
f 4548/5910/7333 5508/5740/7332 4546/5567/7331
f 4548/5910/7333 4546/5567/7331 4555/5690/7327
f 4561/5736/6667 5329/4894/7336 5499/5737/6668
f 5499/5737/6668 4548/5910/7333 4555/5690/7327
f 4562/5735/6666 4559/5768/7338 4561/5736/6667
f 5499/5737/6668 4555/5690/7327 4562/5735/6666
f 4742/5742/6673 4743/5679/6591 4737/5741/6672
f 4737/5741/6672 4738/5108/5945 4740/5494/6368
f 5509/5738/6675 5508/5740/7332 5505/5119/5957
f 5342/5745/6677 5344/6024/7313 5343/5746/6678
f 5382/5750/6682 5381/5948/7039 5374/5748/6680
f 5374/5748/6680 5377/5855/6844 5373/5749/6681
f 5080/5647/6555 5133/5781/6724 5134/5751/6683
f 4436/4857/5689 4437/4854/5686 5510/4997/6685
f 5510/4997/6685 5511/5758/7081 4438/4858/5690
f 5376/5753/6686 5370/5856/6845 5375/5754/6687
f 5375/5754/6687 5367/6023/7339 5368/5755/6688
f 4495/5759/6694 4496/4909/5740 4492/4908/5739
f 4790/5154/7340 4765/5143/7341 4766/5142/6569
f 4767/5659/6568 4769/5550/6438 4768/5549/6437
f 4768/5549/6437 4770/5551/6439 5303/5510/7342
f 4768/5549/6437 5303/5510/7342 4781/5760/6695
f 4766/5142/6569 4767/5659/6568 4768/5549/6437
f 4836/4822/7343 4789/5001/7344 4790/5154/7340
f 4790/5154/7340 4766/5142/6569 4768/5549/6437
f 4790/5154/7340 4768/5549/6437 4781/5760/6695
f 4837/5466/7345 4836/4822/7343 4790/5154/7340
f 4839/5467/7346 4837/5466/7345 4790/5154/7340
f 4820/5978/7310 4818/5179/7347 4819/5178/7348
f 4819/5178/7348 4803/5163/6003 4802/5164/6004
f 4802/5164/6004 4801/4860/7349 4795/5156/5993
f 4819/5178/7348 4802/5164/6004 4795/5156/5993
f 4813/5989/7150 4820/5978/7310 4819/5178/7348
f 4839/5467/7346 4790/5154/7340 4781/5760/6695
f 4844/5984/7350 4839/5467/7346 4781/5760/6695
f 4813/5989/7150 4819/5178/7348 4795/5156/5993
f 4813/5989/7150 4795/5156/5993 4793/5158/5995
f 4840/5392/7301 4842/5391/6992 4841/5465/6336
f 4821/5170/6011 4823/5681/6594 4825/6019/7302
f 4840/5392/7301 4841/5465/6336 4844/5984/7350
f 4821/5170/6011 4825/6019/7302 4840/5392/7301
f 4791/5437/7309 4815/6022/7308 4824/5761/6696
f 4824/5761/6696 4821/5170/6011 4840/5392/7301
f 4840/5392/7301 4844/5984/7350 4781/5760/6695
f 4781/5760/6695 4813/5989/7150 4793/5158/5995
f 4793/5158/5995 4791/5437/7309 4824/5761/6696
f 4824/5761/6696 4840/5392/7301 4781/5760/6695
f 5012/5300/6697 5014/5299/7351 5009/5762/6698
f 4855/5838/6809 5223/5844/6820 5224/5633/6536
f 5224/5633/6536 5288/5834/7280 5222/5837/7352
f 4871/5836/7140 4870/5481/6349 4869/5502/6700
f 5224/5633/6536 5222/5837/7352 4871/5836/7140
f 4853/5480/6348 4855/5838/6809 5224/5633/6536
f 4869/5502/6700 4851/5501/7353 4853/5480/6348
f 5224/5633/6536 4871/5836/7140 4869/5502/6700
f 4596/5765/6702 4598/5728/6656 4592/5766/6703
f 4511/4914/6704 4517/5051/7354 4516/5334/6190
f 4559/5768/6706 4558/4954/5788 4560/4953/5787
f 4532/4934/5765 4414/5808/6768 5524/5725/6653
f 5524/5725/6653 4442/5563/6455 4440/4814/5642
f 4440/4814/5642 5504/4816/6501 5506/5121/5959
f 5506/5121/5959 5507/5809/6769 4441/4935/5766
f 4441/4935/5766 4532/4934/5765 5524/5725/6653
f 4440/4814/5642 5506/5121/5959 4441/4935/5766
f 4827/5682/7355 4828/5169/7356 4843/5393/7355
f 5421/5199/6046 5438/5484/6354 5437/5486/6356
f 5217/5773/6718 5218/5148/6803 5287/5772/6716
f 5287/5772/6716 5286/5835/6806 5285/5513/6717
f 5285/5513/6717 5284/5512/7276 5217/5773/6718
